Date,Horizon,Actual_Volatility,Persistence,HAR,Lasso_Default,Lasso_Tuned
2023-03-14,5,0.011121658675154841,0.00836501993514197,0.0069318037042012115,0.007462249379968138,0.007345644923710043
2023-03-15,5,0.012726454062714682,0.009416669161678099,0.007257879992569615,0.008278475257117432,0.008397186449794163
2023-03-16,5,0.014715097547908557,0.011324890284038635,0.00798057125209368,0.007517143898580459,0.007566668326650948
2023-03-17,5,0.011713571860693441,0.012324479278110615,0.008643402756786642,0.01009940332041739,0.010005059106781846
2023-03-20,5,0.011172945045480392,0.01136683147325472,0.008655267528746033,0.009185141005996284,0.009236686803087988
2023-03-21,5,0.013283167683963596,0.011121658675154841,0.007939838457429023,0.008206411485630493,0.008075563142017055
2023-03-22,5,0.012845606804250865,0.012726454062714682,0.008785406132947964,0.008310170487303736,0.008498565484613379
2023-03-23,5,0.008633857695590781,0.014715097547908557,0.009826108275449075,0.009274591339878822,0.009524199590953212
2023-03-24,5,0.009191449974409944,0.011713571860693441,0.008736508999776545,0.008911862906017861,0.008677790163061265
2023-03-27,5,0.009764253280820447,0.011172945045480392,0.009314955718041171,0.008657151142497923,0.00867665148198681
2023-03-30,5,0.00865034421967176,0.008633857695590781,0.00900446452037532,0.008471422497455434,0.008096716432093504
2023-03-31,5,0.00942066476328937,0.009191449974409944,0.008949398878864786,0.00780961214267614,0.007512539918620616
2023-04-03,5,0.00710492977364161,0.009764253280820447,0.009658739976035462,0.008037111496275931,0.00808633595734913
2023-04-04,5,0.006712053915079191,0.009973950259587697,0.009692489109444155,0.009009978694514295,0.008744328572418015
2023-04-05,5,0.006863191634745838,0.009420789124078085,0.009513382107779945,0.00862420490411125,0.008319542758245231
2023-04-06,5,0.008223575345556502,0.00865034421967176,0.009318272877414805,0.008782726062756152,0.007997079378742784
2023-04-10,5,0.008063093664109152,0.00942066476328937,0.009848916186834434,0.007741936632692286,0.008124948206293985
2023-04-11,5,0.007777351959119643,0.00710492977364161,0.008896113316612662,0.007698099476617164,0.007666936217084624
2023-04-12,5,0.009109514427640842,0.006712053915079191,0.009058793392369275,0.007319287153373636,0.007483652770796254
2023-04-13,5,0.007797229542671135,0.006863191634745838,0.008781194167033478,0.007426655318451805,0.007799125163621971
2023-04-14,5,0.006876290193882404,0.008223575345556502,0.009480964059673807,0.007565111163564343,0.007429513381334098
2023-04-17,5,0.005943588786359617,0.008063093664109152,0.009347319071827433,0.00735622310549853,0.0074505346424004314
2023-04-18,5,0.007155784971159256,0.007777351959119643,0.008413646727381353,0.007149567703155789,0.007164158855087305
2023-04-19,5,0.004633437408300974,0.009109514427640842,0.009425330860657801,0.007600452537389512,0.007504897527655899
2023-04-20,5,0.00602189657774308,0.007797229542671135,0.00801647066416116,0.007035288973692134,0.007194824637204782
2023-04-21,5,0.0055551209161521006,0.006876290193882404,0.008471660338282205,0.006834356417062418,0.006865148553058841
2023-04-24,5,0.007385115961201151,0.005943588786359617,0.007736908186173073,0.006719267760143757,0.0068971065017659535
2023-04-25,5,0.007366371765681147,0.007155784971159256,0.007850644793915087,0.007293274670059448,0.00741274827735449
2023-04-26,5,0.008038717772774904,0.004633437408300974,0.00689881457118483,0.006861345925323128,0.006958949294815703
2023-04-27,5,0.00938460686379907,0.00602189657774308,0.007476193013029409,0.006918893844157147,0.007049502964630637
2023-04-28,5,0.01059861152476955,0.0055551209161521006,0.007198162662785655,0.006584762860141313,0.006656143996336339
2023-05-01,5,0.008526409045946455,0.007385115961201151,0.008006110799240134,0.006794164949172105,0.007047135686549801
2023-05-02,5,0.0074921371960453105,0.007366371765681147,0.007777548905256801,0.008216545885504259,0.00805285823107419
2023-05-03,5,0.007612376722397752,0.008038717772774904,0.007877048045614975,0.008089952559086037,0.007926014169487527
2023-05-04,5,0.005704081661401512,0.00938460686379907,0.008429722112786402,0.0089088833312091,0.008759733535017288
2023-05-05,5,0.004214272781064938,0.01059861152476955,0.008585314507787803,0.008107728057928606,0.007879214333306754
2023-05-08,5,0.003669950954305486,0.008526409045946455,0.007641864779483664,0.007559566859580315,0.007729509351924835
2023-05-09,5,0.004176951918208418,0.0074921371960453105,0.007313343849787547,0.007115510106065417,0.007654880326225346
2023-05-10,5,0.0027657119492475856,0.007612376722397752,0.007589615508786851,0.00748486877848225,0.007590890115234246
2023-05-11,5,0.005019515924886929,0.005704081661401512,0.007176682305254025,0.006956632474621076,0.007093984483268507
2023-05-15,5,0.0043519101965192415,0.003669950954305486,0.00573081319353531,0.006454060823094453,0.006541861112706957
2023-05-17,5,0.004127632674898636,0.0027657119492475856,0.005553874153782066,0.006022358596253482,0.006210795428474748
2023-05-18,5,0.001405481339934003,0.005019515924886929,0.006961250689104775,0.0065474720115106955,0.0067192570858590605
2023-05-19,5,0.0016977605498880726,0.004211464587189111,0.005912312586051775,0.006159383817452272,0.006589939548989781
2023-05-22,5,0.004863771089102507,0.0043519101965192415,0.005790069189857962,0.00655567744095114,0.006644551643377674
2023-05-24,5,0.007268179777608502,0.004127632674898636,0.005733075208506223,0.00614946009520263,0.0066502755190307765
2023-05-26,5,0.00878484151942064,0.0016977605498880726,0.004857624826478896,0.006705343159418593,0.0066278590755600745
2023-05-30,5,0.007173557414240679,0.004863771089102507,0.006388626640841479,0.006443128787268221,0.006450920162854716
2023-05-31,5,0.007592879510687771,0.005408832056703623,0.006478327458798853,0.0061211417046903634,0.006247546188503238
2023-06-01,5,0.007015172328972709,0.007268179777608502,0.006804018112946566,0.006082004831501487,0.006365806322923035
2023-06-02,5,0.005916166410063242,0.007611752831616151,0.006926549459582968,0.0056635625511225925,0.005924941750461118
2023-06-05,5,0.005063631620689566,0.00878484151942064,0.007203817922964249,0.00566005163519957,0.006076521994822328
2023-06-06,5,0.006284565835529427,0.007173557414240679,0.006166544613742959,0.005399037326211609,0.005693891029292518
2023-06-07,5,0.005608261715171973,0.007592879510687771,0.006471750265440429,0.00544066138349708,0.005742467918646844
2023-06-08,5,0.007123224821897431,0.007015172328972709,0.006397246644376986,0.005426227675486017,0.0057535750081610295
2023-06-09,5,0.007205794461840521,0.005916166410063242,0.006098315042745522,0.0054095826052715425,0.005535443260915401
2023-06-12,5,0.007456987023002798,0.005063631620689566,0.005877312572335877,0.005136920397904964,0.005463368029418789
2023-06-13,5,0.007275648654567711,0.006284565835529427,0.006400214793670519,0.005157760649605868,0.005524357200873704
2023-06-14,5,0.007554949171071574,0.005608261715171973,0.006172263154788035,0.004993578456251231,0.005237098886989078
2023-06-15,5,0.006371258978506062,0.007123224821897431,0.007130261585533208,0.0053335456761382655,0.005551695019418366
2023-06-16,5,0.006262499799534767,0.007205794461840521,0.0067500301638358465,0.005092999359755518,0.00525508205294494
2023-06-20,5,0.005876604156261105,0.007456987023002798,0.006978895427206522,0.005251104226178083,0.005418717292747688
2023-06-21,5,0.00545853277927244,0.007275648654567711,0.006882954000124045,0.005218263075510885,0.00548744038517116
2023-06-22,5,0.005933261498313412,0.007554949171071574,0.007084427472706214,0.005424295179966397,0.005492561249749635
2023-06-23,5,0.005682057589215793,0.006371258978506062,0.007060527783052689,0.005298255915339234,0.005347221901100062
2023-06-26,5,0.00614600507633707,0.006262499799534767,0.006732863905130237,0.005398726840349456,0.0054470113298721815
2023-06-27,5,0.007061100428989277,0.005876604156261105,0.006717781752028989,0.005241876907200634,0.005315988894254291
2023-06-29,5,0.006495241728527167,0.005933261498313412,0.00713878928280132,0.005011110945133912,0.005170223492615527
2023-06-30,5,0.00644060973918482,0.005682057589215793,0.0069020432198606246,0.004926990019893788,0.005087339081414183
2023-07-03,5,0.0062883924588333865,0.00614600507633707,0.006897570035115717,0.005101994208508908,0.005137459010297018
2023-07-05,5,0.005560400159149804,0.007061100428989277,0.007134836925567512,0.005157241807355296,0.0053520775072416985
2023-07-06,5,0.005199012387287046,0.006890655787877175,0.006981811350765848,0.005074916532837611,0.005213571489865852
2023-07-07,5,0.004461116564937736,0.006495241728527167,0.006892976619974892,0.004942746418825714,0.005163944522210251
2023-07-10,5,0.0041450677743639424,0.00644060973918482,0.006969044496883314,0.005186641592311797,0.005316361290688117
2023-07-11,5,0.005174104139094985,0.0062883924588333865,0.006714137969909521,0.00525203530554987,0.0053201600234300825
2023-07-12,5,0.0048814230682878434,0.005560400159149804,0.006433643657240364,0.00535421079759217,0.005425722677003627
2023-07-13,5,0.0046124271510535565,0.005199012387287046,0.006418024309479923,0.00522167835600532,0.005262795823021128
2023-07-14,5,0.004596393934331762,0.004461116564937736,0.00613976258016921,0.004764913126790987,0.00490286210571252
2023-07-17,5,0.00376842966322727,0.0041450677743639424,0.006041316675967089,0.004909510073544712,0.0049780067996801
2023-07-18,5,0.002620677157165784,0.005174104139094985,0.006585426968219101,0.0050037092906583145,0.0052598583475530125
2023-07-19,5,0.002790302810632537,0.0048814230682878434,0.00585708710660046,0.005238066500364014,0.005211998199912459
2023-07-20,5,0.0027236388188047835,0.0046124271510535565,0.005845097470427011,0.005065877996043235,0.005250507049215935
2023-07-21,5,0.002811615041293192,0.004596393934331762,0.005799368841564726,0.0049973018744581274,0.004959983297298981
2023-07-24,5,0.004451942831613244,0.00376842966322727,0.00509552125049653,0.004716194623562543,0.004811296220992364
2023-07-25,5,0.004327674515269633,0.002620677157165784,0.004959812858416925,0.0044469941386489405,0.0047227303782804595
2023-07-26,5,0.005429911456892759,0.002790302810632537,0.004855558587892276,0.0044331845748659116,0.004632192087934034
2023-07-28,5,0.006260987575921154,0.002811615041293192,0.004941059266625405,0.004582360893837579,0.004611459234394996
2023-07-31,5,0.005484647634352752,0.004451942831613244,0.0056320938487966574,0.004955315135458737,0.004953846126549548
2023-08-01,5,0.0053451630837854655,0.004327674515269633,0.005280380317073407,0.004598651247029309,0.004740468308201884
2023-08-02,5,0.004716160910813145,0.005429911456892759,0.005715138122477872,0.004981271912837948,0.005151218108414553
2023-08-03,5,0.0053004225725449385,0.005041114761625423,0.005422211701834509,0.004921971412118566,0.005180440248833473
2023-08-04,5,0.0037742400299727256,0.006260987575921154,0.005967576993959114,0.005114280395062031,0.005131129067015503
2023-08-07,5,0.003927272543677486,0.005484647634352752,0.005501639494362744,0.004728700202420805,0.005016019738339481
2023-08-08,5,0.004509392351849286,0.0053451630837854655,0.005291332772673603,0.004775061380427821,0.004955446074807925
2023-08-09,5,0.004637333456598219,0.004716160910813145,0.005185184649290982,0.004753477276929243,0.004917855222200688
2023-08-10,5,0.004715045101918913,0.0053004225725449385,0.005451906746470269,0.0045860300693887305,0.004827213448391224
2023-08-11,5,0.005105120943591049,0.0037742400299727256,0.00484268022359416,0.004247244329773422,0.004506517788339846
2023-08-14,5,0.005064478426060468,0.003927272543677486,0.004999951266083652,0.004503794791205957,0.004717206894691461
2023-08-15,5,0.004266629625355846,0.004509392351849286,0.005263686040906457,0.0046296677839530575,0.004840162970668923
2023-08-16,5,0.0046734757856416636,0.004637333456598219,0.005268970184700174,0.004792188382585728,0.004950745925666804
2023-08-17,5,0.003531125553375708,0.004715045101918913,0.005265985958240435,0.004866325763558229,0.00513047968659239
2023-08-18,5,0.00288218080562871,0.005105120943591049,0.005308569828952893,0.0049680322371864144,0.005040120262044379
2023-08-21,5,0.0027564026198859284,0.005064478426060468,0.005322213505379581,0.004713313403338945,0.005162171084240496
2023-08-22,5,0.0028994693719926147,0.004266629625355846,0.00491861638913928,0.004775183554441366,0.004887806968127212
2023-08-23,5,0.0021275943910864805,0.0046734757856416636,0.0054825345271071095,0.004776834151722903,0.005065763988022735
2023-08-24,5,0.0019210694226164265,0.003531125553375708,0.0047588606158747975,0.004551789407457706,0.004804565767225349
2023-08-25,5,0.0031432050435451493,0.00288218080562871,0.0044679964195096025,0.00427541484359095,0.004523553741981008
2023-08-28,5,0.0031590088032942844,0.0027564026198859284,0.004636076005155532,0.004349467796047801,0.004606809196075653
2023-08-29,5,0.0032401649661288495,0.0028994693719926147,0.004584126423274206,0.004682102656309358,0.004907066594481551
2023-08-30,5,0.0030395749847134477,0.0021275943910864805,0.004249944322967223,0.00441162691891724,0.004577257768598282
2023-08-31,5,0.003740477482070904,0.0019210694226164265,0.003500493965068008,0.0038905040562383585,0.0041642768486389
2023-09-01,5,0.00308284457831201,0.0031432050435451493,0.004635246996906118,0.004098789225866035,0.004409294711027657
2023-09-05,5,0.0026592431097691386,0.0031590088032942844,0.004516236693457688,0.004129330907515267,0.004420506489382071
2023-09-06,5,0.00263966808596604,0.0032401649661288495,0.004302449713265182,0.004197919993219908,0.004362939141618463
2023-09-07,5,0.002864914523959116,0.0030395749847134477,0.00416756412144096,0.003984869963170131,0.004260345694633084
2023-09-08,5,0.003613821359077546,0.003740477482070904,0.004461255405885376,0.00410815239790626,0.004344148838762193
2023-09-11,5,0.0034457054221360044,0.00308284457831201,0.004277558121013393,0.003932535190768371,0.004179599599163241
2023-09-12,5,0.0034442652592697564,0.0026592431097691386,0.003854442376108939,0.003887618237372499,0.004116543381468944
2023-09-13,5,0.005120752713943135,0.00263966808596604,0.003964455143212068,0.0037955763671033713,0.003932033411181656
2023-09-14,5,0.006713497170271782,0.002864914523959116,0.004033165445163003,0.003607044853961413,0.003966394409920064
2023-09-15,5,0.006566755169210244,0.003613821359077546,0.0044137419663462865,0.004071005164302796,0.004153037981120186
2023-09-18,5,0.007817089416989954,0.0034457054221360044,0.004155236395022666,0.004143540618806321,0.004347763034049146
2023-09-19,5,0.009413067672548129,0.0034442652592697564,0.0038708992275970386,0.004088955148134373,0.004265117386482948
2023-09-20,5,0.008622738335713814,0.005120752713943135,0.004785857476421524,0.004290191958247787,0.004540454776848949
2023-09-21,5,0.006126505750067575,0.006713497170271782,0.005311828295546339,0.004704122055638269,0.00473719832281853
2023-09-26,5,0.00656804175904681,0.009413067672548129,0.005713999638660124,0.0059814892562827845,0.00590646280842705
2023-09-29,5,0.005902129210773988,0.006899128230970249,0.0058866571617579985,0.005390363862962713,0.0054581200421514615
2023-10-02,5,0.00691136172017763,0.006549261682913202,0.005817161201566246,0.005671269107278956,0.005873315501205463
2023-10-03,5,0.006717071642186604,0.00656804175904681,0.006055995480168831,0.006237031345179744,0.00624720945803555
2023-10-04,5,0.006704096423002171,0.0062432531887321166,0.005878054542095201,0.005751015882127529,0.0058816187721886385
2023-10-05,5,0.006834978504379095,0.005937480684156059,0.0058456692650281136,0.00568945378787568,0.005923507558736339
2023-10-06,5,0.006702471615197377,0.005902129210773988,0.006151755940857295,0.005397129955701999,0.0057336230870687135
2023-10-09,5,0.006368493839504764,0.00691136172017763,0.00669404647903806,0.006042014600079026,0.0063363799335336285
2023-10-10,5,0.0062742926562945394,0.006717071642186604,0.00653239975641824,0.005778341858902717,0.006004071623674549
2023-10-11,5,0.006799097498037847,0.006704096423002171,0.00655355144101243,0.005858232710109427,0.005965896643895441
2023-10-12,5,0.007735021279345556,0.006834978504379095,0.0067251597258959515,0.005543918019328051,0.005862362196956419
2023-10-13,5,0.007674736132596025,0.006702471615197377,0.00694591902982199,0.00767989868311797,0.007782081636191982
2023-10-16,5,0.006669055598068334,0.006368493839504764,0.007087201856980474,0.006375655865744897,0.006600121972049746
2023-10-17,5,0.006334355897492853,0.0062742926562945394,0.00682387391333625,0.006449872648343567,0.006770232002351958
2023-10-18,5,0.00540006282428933,0.006799097498037847,0.007199661086611221,0.006737265897398911,0.007192682973746832
2023-10-19,5,0.004246973686385629,0.007735021279345556,0.0077357102812042715,0.007798582703292594,0.008252596585447247
2023-10-20,5,0.00348280319642977,0.007674736132596025,0.00752272029773617,0.007892089013411005,0.0077525606542435685
2023-10-23,5,0.004628233954613993,0.006669055598068334,0.006925880921882614,0.007012421146495656,0.007078429894188793
2023-10-24,5,0.0050600415356477964,0.006334355897492853,0.006694851366557782,0.006425299588408993,0.0066030097635432425
2023-10-25,5,0.005156156640065196,0.00540006282428933,0.006372275507789882,0.006328336561874511,0.006839103032599611
2023-10-26,5,0.005747729442608366,0.004246973686385629,0.006114852219947384,0.006525293802049163,0.006643760362197071
2023-10-30,5,0.004337786991265372,0.004628233954613993,0.00644533859701899,0.006948151375095326,0.006835683275408332
2023-10-31,5,0.005029663013026238,0.0050600415356477964,0.00632721451233692,0.006612771882221228,0.006623329623839278
2023-11-01,5,0.0052868653863892305,0.005156156640065196,0.006198298521557789,0.006287155613064469,0.0062976753801901935
2023-11-02,5,0.005098606844497411,0.005747729442608366,0.0065198331286359205,0.006134969459350585,0.006199488075264133
2023-11-03,5,0.00522536241644193,0.004940358893924495,0.005929127117753044,0.00568643537192367,0.0057636224349591975
2023-11-06,5,0.0053346221978209755,0.004337786991265372,0.006051116992096199,0.005155266477602578,0.005487121522768523
2023-11-07,5,0.005765240986732612,0.005029663013026238,0.006332138859635881,0.0056748945902552654,0.005595615185342913
2023-11-08,5,0.004980118298732108,0.0052868653863892305,0.0060881414736529355,0.005901534747665127,0.005812662973924088
2023-11-09,5,0.0045010112835562315,0.005098606844497411,0.006107403967152145,0.005710442008895315,0.005796120379631772
2023-11-10,5,0.004357796656823859,0.00522536241644193,0.005870562223656042,0.005540808257249688,0.00570928186308626
2023-11-13,5,0.004080181304644785,0.0053346221978209755,0.006124155084148481,0.005608537788188995,0.005756204000962703
2023-11-14,5,0.0036994019958094867,0.005765240986732612,0.006432191897881395,0.0059468936995477435,0.005744726793074571
2023-11-15,5,0.003823019047954626,0.004980118298732108,0.005390657697771291,0.0048630760749250514,0.005189190647316178
2023-11-16,5,0.0033883361810948605,0.0045010112835562315,0.005595328382432846,0.004958940866249766,0.00527775338477639
2023-11-17,5,0.004009331868906597,0.004357796656823859,0.005259785714564646,0.004902640159680059,0.005156759255231088
2023-11-20,5,0.005947824134905769,0.004080181304644785,0.005243408675537042,0.004771650867874184,0.005074150569717655
2023-11-21,5,0.005321299306304317,0.0036994019958094867,0.005294665337597315,0.00547030859615317,0.0055600130429828845
2023-11-22,5,0.00593200219199434,0.003823019047954626,0.004880752389784789,0.006065794627013076,0.005814770271748961
2023-11-24,5,0.00693965231261558,0.0033883361810948605,0.004691201917013279,0.004963077846588554,0.004997460313052464
2023-11-27,5,0.013419710484544923,0.004009331868906597,0.005187278840954146,0.005062714121767,0.005295760933805542
2023-11-28,5,0.012448996961205765,0.005947824134905769,0.006172734024024494,0.00822784921466908,0.0075634080995291095
2023-11-29,5,0.012348782341205988,0.005321299306304317,0.00582407203903901,0.006351710524463613,0.006151347571978509
2023-11-30,5,0.012268023880632334,0.00593200219199434,0.005783392611296963,0.005805975969175387,0.005835839685130405
2023-12-01,5,0.012355443603230305,0.00693965231261558,0.006091332824219374,0.006982805207537833,0.007017285468691141
2023-12-04,5,0.005690855756383756,0.013419710484544923,0.008605208824952273,0.00792481432302815,0.007714172968838105
2023-12-05,5,0.0052407365340079795,0.012448996961205765,0.008134934818133285,0.007005579196443083,0.006881150669170058
2023-12-06,5,0.00873250704548246,0.012348782341205988,0.008011908032701074,0.006754660917956975,0.006873533596266181
2023-12-07,5,0.012369691909082076,0.012268023880632334,0.007887411554385538,0.006551089110125758,0.006680602676151459
2023-12-08,5,0.012726494571473016,0.012355443603230305,0.008008689796158989,0.006053965462837232,0.006364666966822348
2023-12-11,5,0.012766588748443435,0.005690855756383756,0.0066939545842189,0.005707967801508121,0.005819221088794701
2023-12-12,5,0.012192506638847835,0.0052407365340079795,0.006779233191564143,0.005279001272133828,0.005352685169494227
2023-12-13,5,0.008273180292662151,0.00873250704548246,0.008396381780572167,0.005861061048225006,0.0061577469150311094
2023-12-14,5,0.0046623354048149065,0.012369691909082076,0.009458038793976886,0.0067510678325325745,0.006540620529542679
2023-12-15,5,0.00504881532903813,0.012726494571473016,0.009115923297903459,0.006265833200014545,0.006244663325596077
2023-12-18,5,0.004810794920135507,0.012766588748443435,0.008964814179148652,0.00634295066547547,0.006364890281498997
2023-12-19,5,0.005037510197188773,0.012192506638847835,0.008931738688104929,0.006132489564585674,0.006327606989848126
2023-12-20,5,0.005817988471199488,0.008273180292662151,0.00814244766398529,0.006144454009078573,0.006066673615165198
2023-12-21,5,0.0056520610044858465,0.0046623354048149065,0.007345374235643394,0.005816673919686658,0.005909190016057791
2023-12-22,5,0.0047569798388360455,0.00504881532903813,0.007774526450195314,0.006291171695551264,0.0063797732697347
2023-12-26,5,0.007292898088698064,0.004810794920135507,0.007368760045406735,0.0065146149154004735,0.006457728391824787
2023-12-27,5,0.007066371158708998,0.005037510197188773,0.007716029235688933,0.006864836189957766,0.006949827378078466
2023-12-28,5,0.006237342265414546,0.005817988471199488,0.008044030390773598,0.006750878505001657,0.0066983263774119655
2023-12-29,5,0.008112790232308743,0.0056520610044858465,0.007537284367293327,0.006514913715878247,0.00653877417366965
2024-01-02,5,0.007861925571615094,0.0047569798388360455,0.007457324962647891,0.006215554642188363,0.006401189485603943
2024-01-03,5,0.005739420033193556,0.007292898088698064,0.008706976157891684,0.006496699983134495,0.006452786251418145
2024-01-04,5,0.005216801038101387,0.007066371158708998,0.008203597221124485,0.005895327023618954,0.00613809281283852
2024-01-05,5,0.007027346774997546,0.006237342265414546,0.007051192089054905,0.005657447083986608,0.005803745678237444
2024-01-08,5,0.005566918963461762,0.008112790232308743,0.007985932806486086,0.005933221450388468,0.005973295566382234
2024-01-09,5,0.004710394008295374,0.007861925571615094,0.007630223858789106,0.005570824399966399,0.005771557015400552
2024-01-10,5,0.0048855522767638285,0.005739420033193556,0.007205863211712527,0.005570613468572471,0.005738217846188691
2024-01-11,5,0.005830275718851946,0.005216801038101387,0.006681518687172461,0.005358182271965387,0.005367709802263199
2024-01-12,5,0.004041150315765664,0.007027346774997546,0.007823782187718651,0.005984005682894662,0.006067599100662723
2024-01-16,5,0.004076976310198303,0.005566918963461762,0.007200529091214087,0.005883643214649408,0.005752047152318572
2024-01-17,5,0.005400019693171065,0.004710394008295374,0.005746687386025572,0.0055314615991755725,0.0055509636907473455
2024-01-18,5,0.005014121545120847,0.0048855522767638285,0.006106071763886802,0.005556548962776952,0.005619071032171067
2024-01-19,5,0.004247535992210539,0.005830275718851946,0.006300847416486984,0.005374450016829637,0.005441608386981112
2024-01-22,5,0.004667101450608517,0.004041150315765664,0.0056189200705903455,0.005008193004192872,0.005140416027839379
2024-01-23,5,0.005579669261466027,0.004076976310198303,0.005816143467651403,0.0048896699933979205,0.0051634511801678775
2024-01-24,5,0.005775951495376325,0.005400019693171065,0.006322145971245335,0.005121119352784932,0.005365576811554212
2024-01-25,5,0.007847954961302844,0.005014121545120847,0.0060899953745342395,0.005255999772410374,0.005375812137838745
2024-01-26,5,0.00915507344911993,0.004247535992210539,0.00561196468253276,0.004721802533774853,0.0048171643102103215
2024-01-30,5,0.00787854358827085,0.005579669261466027,0.006396258695045469,0.005748585693563766,0.0055903958773114056
2024-01-31,5,0.0069042524301964545,0.005775951495376325,0.0064298467892468115,0.005544437905737581,0.005538962797390517
2024-02-01,5,0.005811923963119336,0.007847954961302844,0.007229600062780973,0.006141193313709988,0.00598975874988765
2024-02-02,5,0.004874215205694783,0.00915507344911993,0.007395752773949599,0.005440105186197721,0.005613207042640818
2024-02-05,5,0.004039904463812302,0.009132786466814966,0.0072376365146996306,0.005376652217462418,0.005561164055386928
2024-02-06,5,0.004791919728281607,0.00787854358827085,0.006677379319737499,0.005218005400062945,0.00535554493445797
2024-02-07,5,0.004927950467972248,0.0069042524301964545,0.006510171564688435,0.004984826454057134,0.005105956580521102
2024-02-08,5,0.004491084296831194,0.005811923963119336,0.006333134677509909,0.004790250583370521,0.005011413164662022
2024-02-09,5,0.005033273670206435,0.004874215205694783,0.005901974689641263,0.00461641668898656,0.004691331269319031
2024-02-12,5,0.004660404096512538,0.004039904463812302,0.005778605739833769,0.004651786593897876,0.004845952147414684
2024-02-13,5,0.003421463048807067,0.004791919728281607,0.0061798962998533425,0.005045565848600712,0.005064495578256339
2024-02-14,5,0.0038053782221409973,0.004927950467972248,0.005851179463486618,0.004823366828434041,0.0049772696500871155
2024-02-15,5,0.004629843190816244,0.004491084296831194,0.005778453839504523,0.00484888929650067,0.004850224970943481
2024-02-16,5,0.004250801166093669,0.005033273670206435,0.006126249879311735,0.004886743319765041,0.0049275579239678865
2024-02-20,5,0.004377531753332647,0.004660404096512538,0.005811011000044056,0.004494202261504577,0.004899175139928128
2024-02-21,5,0.005236429227927528,0.003421463048807067,0.004891764329494502,0.004443190420415877,0.004487399936313091
2024-02-22,5,0.004951457032856702,0.0038053782221409973,0.005615442143958641,0.0042184270718249855,0.004579871147564455
2024-02-23,5,0.004019628089524454,0.004629843190816244,0.0060352871291232775,0.004899049439181216,0.004827826255541526
2024-02-26,5,0.0045628638185908985,0.004250801166093669,0.005682042546636743,0.004401627881938307,0.0046523138008080335
2024-02-27,5,0.004706295911760365,0.004377531753332647,0.00569448365829084,0.0042886508829038375,0.004560793283915641
2024-02-28,5,0.004529715580264009,0.005236429227927528,0.006015993475422033,0.004623257505422658,0.00468618285668639
2024-02-29,5,0.004623728543048943,0.004951457032856702,0.005871770348288891,0.004644512239473453,0.0047413563373981844
2024-03-01,5,0.005984519508876269,0.004019628089524454,0.005499118075167231,0.005476473576464522,0.0055413265224517096
2024-03-04,5,0.005161769580163783,0.0045628638185908985,0.005726334862736971,0.006133771115282171,0.005982297757180861
2024-03-05,5,0.004484047481050247,0.004706295911760365,0.0054606076300173275,0.0060497054144108345,0.005945702792616578
2024-03-06,5,0.003927019573239343,0.004529715580264009,0.005277162256619774,0.006079781535388396,0.006047845457513146
2024-03-07,5,0.004188006421842384,0.004623728543048943,0.005200397059096264,0.0058360382978545535,0.005990144672510972
2024-03-08,5,0.0021594864736556117,0.005984519508876269,0.005908394396393304,0.006183099519107922,0.006415261900461736
2024-03-11,5,0.0026853886336421482,0.005161769580163783,0.005424608068959286,0.006179267437680194,0.00627378217406755
2024-03-12,5,0.00291762890396917,0.004484047481050247,0.004936451666372871,0.005388056062699132,0.005567954580129457
2024-03-13,5,0.005404049513804579,0.003927019573239343,0.004750506956407024,0.005447784070839725,0.005511156322600786
2024-03-14,5,0.008880041868184124,0.004188006421842384,0.005168270148917963,0.005050679047547023,0.005408250279890675
2024-03-15,5,0.009279657315589863,0.0021594864736556117,0.004017547293028968,0.004877075977409257,0.004968074675951818
2024-03-18,5,0.009284648883285493,0.0026853886336421482,0.004596134671099899,0.005166719080302939,0.0052820520137058504
2024-03-19,5,0.009583598929915562,0.00291762890396917,0.004460100384454622,0.004999402931714409,0.0051317087393904495
2024-03-20,5,0.008332604256010094,0.005404049513804579,0.005648474963457053,0.005546201663663743,0.005676169817153356
2024-03-21,5,0.006394566101675167,0.008880041868184124,0.007037247408966742,0.005837916734044376,0.006020817870357679
2024-03-22,5,0.008913829506349651,0.009279657315589863,0.006606892538887713,0.005648867048740236,0.0055440709625296705
2024-03-25,5,0.01037173719946919,0.009284648883285493,0.006775371844938649,0.005156402598481073,0.005467225577389296
2024-03-26,5,0.012237601494590668,0.009583598929915562,0.006578413966470193,0.007247610914035883,0.006637860457595593
2024-03-27,5,0.012218984120498414,0.008332604256010094,0.00665733778562325,0.006433279901487115,0.0061303905480874655
2024-03-28,5,0.012777233848124035,0.006394566101675167,0.006740332588098221,0.006965615729888431,0.0065989286870573325
2024-04-01,5,0.01108760247712724,0.008913829506349651,0.00755305334479699,0.007354189491948791,0.00710751634246202
2024-04-02,5,0.010689234979404836,0.01037173719946919,0.007979346537362748,0.0077873281043145315,0.00756326044145431
2024-04-03,5,0.009744906053623853,0.012237601494590668,0.00852770359784362,0.008009920815738187,0.00785197631541356
2024-04-04,5,0.011219928516445335,0.012218984120498414,0.00834446935608372,0.007917744152755929,0.007706902168694539
2024-04-05,5,0.014030234761837203,0.012777233848124035,0.009031160992391473,0.00749414493178809,0.007705624110259085
2024-04-08,5,0.016386526487945863,0.01108760247712724,0.008572157713195243,0.00813409406787438,0.008021493770332282
2024-04-09,5,0.016309232205605668,0.010689234979404836,0.00881257494426538,0.008221497679922706,0.008062378549267042
2024-04-10,5,0.015910419640140106,0.009744906053623853,0.008506729674742322,0.008253490561197247,0.008107474399208432
2024-04-11,5,0.013585364398046673,0.011219928516445335,0.009257552688018676,0.008531367086061354,0.008421075053665855
2024-04-12,5,0.008282763554878714,0.014030234761837203,0.010761446894345739,0.009894903965761571,0.00930890821698987
2024-04-15,5,0.006519926316296537,0.016386526487945863,0.011364993676116217,0.010735921402632994,0.01031278645110472
2024-04-16,5,0.007437956715596392,0.016309232205605668,0.011208338376648603,0.010123972262750905,0.009478367519788424
2024-04-17,5,0.00720321725791496,0.015910419640140106,0.011090395323657992,0.00928013397442862,0.008814792712990354
2024-04-18,5,0.008230820549314377,0.013585364398046673,0.01037084654846667,0.008362908251337954,0.008505682463453516
2024-04-19,5,0.009099441941263955,0.008282763554878714,0.009521188270969677,0.008126367901922692,0.008056661896160184
2024-04-22,5,0.008102258216794651,0.006519926316296537,0.009326374905402592,0.007854268957129292,0.007589359455753838
2024-04-23,5,0.007127606543384629,0.007437956715596392,0.009543357209527854,0.007694603464358069,0.007725631871974594
2024-04-24,5,0.009066388147036971,0.00720321725791496,0.009162081663081868,0.007671640363901452,0.00752974916701167
2024-04-25,5,0.009857152108525823,0.008230820549314377,0.009632632499658556,0.007769407289721508,0.007758150331511502
2024-04-26,5,0.01015810946987686,0.009099441941263955,0.009935095439158343,0.007958026952221009,0.007641733921855307
2024-04-29,5,0.011401998926324807,0.008102258216794651,0.009460221398752603,0.0076585640929770155,0.007447323300367401
2024-04-30,5,0.009672111832786958,0.007127606543384629,0.009398033873433584,0.007426131208328201,0.007145238146894536
2024-05-01,5,0.008400210740933096,0.009066388147036971,0.01000822773579473,0.007285440625398286,0.007214876666893145
2024-05-02,5,0.007023043364396403,0.009857152108525823,0.010083274885520906,0.007184307451546846,0.007201501936258838
2024-05-03,5,0.006166404691678535,0.01015810946987686,0.009985455224373172,0.007015396562353239,0.007108752746766326
2024-05-06,5,0.00378666661458929,0.011401998926324807,0.01036416963727219,0.0076464179136724875,0.007365458251911974
2024-05-07,5,0.004825435488876834,0.009672111832786958,0.008895008361240261,0.006722868266845499,0.006837024675822051
2024-05-09,5,0.004302210426042728,0.007023043364396403,0.008870471796181804,0.006875358442941167,0.00695043794047627
2024-05-13,5,0.004781059809205643,0.00378666661458929,0.007494319670348281,0.006735685394945106,0.006531405578248208
2024-05-14,5,0.00433944374810153,0.004825435488876834,0.007306902049674348,0.006469387123271,0.006652712190777619
2024-05-15,5,0.005014021831406745,0.0052928432852883765,0.007273657569053303,0.006604117104044032,0.006889557181142805
2024-05-16,5,0.006041281108852072,0.004302210426042728,0.006531728178686782,0.006259625296680815,0.006367064903195407
2024-05-17,5,0.005933229890366247,0.004378009816117273,0.006679765825000839,0.006493595373047163,0.006917159591881674
2024-05-20,5,0.005708265228269776,0.004781059809205643,0.006932598761718927,0.007089730128953132,0.007050196568151785
2024-05-21,5,0.006617701397520089,0.00433944374810153,0.006499120419747748,0.006596715877154407,0.006584694018523949
2024-05-22,5,0.006375037368888599,0.005014021831406745,0.007110200044380522,0.006588138760189616,0.006741929352721989
2024-05-23,5,0.006640847428229895,0.006041281108852072,0.007109389950541256,0.0067690063510396,0.006739129526289432
2024-05-24,5,0.007727741558804851,0.005933229890366247,0.006900203633727693,0.006193227760569981,0.006250237894935252
2024-05-28,5,0.008689593280742954,0.005708265228269776,0.006791379997695838,0.0062864782959542774,0.006522979792707446
2024-05-30,5,0.006334113486899859,0.006375037368888599,0.0072074105498057435,0.007085089868196553,0.006812040032065038
2024-05-31,5,0.008805299955273592,0.006640847428229895,0.007217037398387572,0.006474025033101235,0.006395518031964847
2024-06-03,5,0.008468925832557886,0.007727741558804851,0.0072405136122183494,0.006650854514152879,0.006792618793990081
2024-06-04,5,0.007829630435347564,0.008689593280742954,0.007306555023325474,0.0068111485753202155,0.006887735480381518
2024-06-05,5,0.008861579089729005,0.007247444581767867,0.0063501356351905605,0.006522360861901308,0.006727643737428343
2024-06-06,5,0.010550247884371857,0.006334113486899859,0.006242821219474611,0.006720113655495036,0.006813901450325163
2024-06-07,5,0.0071144086714126226,0.008805299955273592,0.007755706587751337,0.00710055169028696,0.007269528033453307
2024-06-10,5,0.006825212881218345,0.008468925832557886,0.007384282896547081,0.006808366145748785,0.006964774861545838
2024-06-11,5,0.005807020839241527,0.007829630435347564,0.007172223819410924,0.006395055053437803,0.006845366293964378
2024-06-12,5,0.004885807155491245,0.008861579089729005,0.0074173319484171696,0.006599555687484187,0.006747587888772542
2024-06-13,5,0.004220594998910234,0.010550247884371857,0.008157336130186871,0.006580413985726051,0.006833015506334918
2024-06-14,5,0.0042291794599002295,0.0071144086714126226,0.007181752998342457,0.00624185470652917,0.006649597242133131
2024-06-17,5,0.004285636075264292,0.006825212881218345,0.00717878114987202,0.006273187571010594,0.006421572911682821
2024-06-18,5,0.005415840853370226,0.005807020839241527,0.0061514621624863585,0.005746848857862646,0.00613257216092223
2024-06-20,5,0.006242707364064138,0.004885807155491245,0.006353706631884629,0.006052747856986469,0.006443038925544491
2024-06-21,5,0.005506527651518945,0.004220594998910234,0.006635796022568174,0.006087044892626202,0.006232532933217773
2024-06-24,5,0.005281268421213806,0.0042291794599002295,0.006455574306828303,0.005771131680033809,0.006110778017595472
2024-06-25,5,0.004788276195053616,0.004285636075264292,0.006458638164669381,0.00561421370977844,0.005919167033697891
2024-06-26,5,0.004533613155017747,0.005415840853370226,0.006740069219095337,0.0056629769989134,0.006066055811521954
2024-06-27,5,0.0037159753410999897,0.006242707364064138,0.007001346694865163,0.005972179329959129,0.006269004550981852
2024-06-28,5,0.0036399478419502896,0.005506527651518945,0.0068505820734476655,0.005952483058118517,0.006064378933330881
2024-07-01,5,0.0037773418104746236,0.005281268421213806,0.006498821974319373,0.005711880352389853,0.006079502948263136
2024-07-02,5,0.0039559581287534635,0.004788276195053616,0.006267364030628141,0.0057076958004707605,0.005776837484636116
2024-07-03,5,0.0038920042945619518,0.004533613155017747,0.006189880380873297,0.005724806810435737,0.005999535371596298
2024-07-05,5,0.0051896135200645895,0.0037159753410999897,0.005621408965997693,0.005798417954559249,0.006060333903641806
2024-07-08,5,0.005581390113724738,0.0036399478419502896,0.005737718390134127,0.00569652697020781,0.005868113942252494
2024-07-09,5,0.005271301616043056,0.0037773418104746236,0.0057208188308790035,0.005618010448209856,0.005749020278892736
2024-07-10,5,0.005322113391127272,0.0039559581287534635,0.005802000373463764,0.005584087196303002,0.00589291773664321
2024-07-11,5,0.0053690559518750425,0.0038920042945619518,0.005375379337830478,0.005803880370877023,0.006167726300058495
2024-07-12,5,0.006377876920991529,0.0051896135200645895,0.005895046515429865,0.0058731233326500855,0.006191297734522952
2024-07-15,5,0.005419005416138143,0.005581390113724738,0.006015981031221005,0.006514296119356892,0.006657032346359367
2024-07-16,5,0.005990449836857317,0.005271301616043056,0.005514172640737716,0.006796125237634794,0.006810460565025286
2024-07-17,5,0.006524584260273658,0.005322113391127272,0.0054575617176323135,0.006559009713771042,0.0066414833512252166
2024-07-18,5,0.009615307521238008,0.0053690559518750425,0.005499508779672313,0.006388809581548838,0.006489671499783121
2024-07-19,5,0.00859984960316874,0.006377876920991529,0.006186243096081358,0.006480704407130545,0.006703925245407958
2024-07-22,5,0.010061957484448006,0.005419005416138143,0.005705387693441856,0.00599530505336258,0.006291124902971744
2024-07-23,5,0.01085968806666942,0.005990449836857317,0.006016319351072958,0.0059803433797630135,0.0063367760091830715
2024-07-24,5,0.012300306962478368,0.006524584260273658,0.006135339709489785,0.006607533352468004,0.006658242973554087
2024-07-25,5,0.00991546075450739,0.009615307521238008,0.007416549099099042,0.006788745841663041,0.006824016050918893
2024-07-26,5,0.012395033693514593,0.00859984960316874,0.007107097932562927,0.006300729390902053,0.006607860049545058
2024-07-30,5,0.015273353556572352,0.01085968806666942,0.007485367156294878,0.0076734810530292704,0.007381364303654145
2024-07-31,5,0.013739074724065343,0.012300306962478368,0.008035800117964557,0.008205987113634383,0.007951816958613897
2024-08-01,5,0.012300398839133826,0.00991546075450739,0.007869872700886418,0.007720665127101255,0.007637727401867902
2024-08-02,5,0.009203522685890083,0.012395033693514593,0.008883114768594852,0.008693096278376899,0.008366411895377283
2024-08-05,5,0.005895262625738516,0.014625049105630035,0.009850795505634873,0.010850691521430382,0.009980185919546048
2024-08-06,5,0.004381408096847462,0.015273353556572352,0.009925605159417055,0.008292598880519645,0.008487706163935169
2024-08-07,5,0.00431020324157034,0.013739074724065343,0.009420105454166819,0.007900385772920458,0.008108954214101093
2024-08-08,5,0.006019771138249754,0.012300398839133826,0.009057318132202162,0.007670766642352164,0.008096378703613441
2024-08-09,5,0.0074148060951884824,0.009203522685890083,0.008483580238681555,0.007203661116506435,0.0075910757439990005
2024-08-12,5,0.007633268666630936,0.005895262625738516,0.008070823018992942,0.008297483012467691,0.008410864785508494
2024-08-13,5,0.008534084025636421,0.004381408096847462,0.007304891871505747,0.007231407926055279,0.0074631594888259385
2024-08-14,5,0.008219651947079059,0.00431020324157034,0.007296213358281319,0.007103519282343584,0.00724061797496419
2024-08-15,5,0.007193409190495515,0.006019771138249754,0.008317064222548496,0.007298190662258754,0.007498577477124433
2024-08-16,5,0.005817131169371974,0.0074148060951884824,0.00875508318229018,0.008362992144660807,0.00849033161672089
2024-08-19,5,0.004910274387156404,0.007633268666630936,0.008824081352195713,0.008114308806862572,0.007950445485033784
2024-08-20,5,0.00422810692443452,0.008534084025636421,0.008888034878440771,0.007865900224601593,0.007965959176722182
2024-08-21,5,0.0044954562747479224,0.008219651947079059,0.008524926076669229,0.00791194542494386,0.007924783442394513
2024-08-22,5,0.003196195008398045,0.007193409190495515,0.008582550849817626,0.0076091316038752145,0.00762710437520566
2024-08-23,5,0.003920271835580947,0.005817131169371974,0.007897529531059676,0.007158874102576167,0.0072514383347267244
2024-08-26,5,0.005057853713604484,0.004910274387156404,0.0073128066875101545,0.007123846478236181,0.007286823211583603
2024-08-27,5,0.004756495014533814,0.00422810692443452,0.007082038432633141,0.007060399081330666,0.0070917035404866584
2024-08-29,5,0.005720370969609535,0.003196195008398045,0.006281862617264434,0.007207471919081367,0.007022930050346822
2024-08-30,5,0.005057763543163077,0.003920271835580947,0.006740419354740021,0.006656882042950004,0.006550656725427401
2024-09-03,5,0.004294162701063219,0.005057853713604484,0.007120947235183952,0.006966303746713351,0.0068680645812060565
2024-09-04,5,0.005447786249824629,0.004756495014533814,0.006449515200550443,0.006511403352068974,0.006601155377838518
2024-09-05,5,0.007234091868617045,0.004326784572134534,0.005737929774181745,0.006485861835403714,0.0065147537568762655
2024-09-06,5,0.007016708278258558,0.005720370969609535,0.006267497784445518,0.006615237301492265,0.0067812988928186374
2024-09-09,5,0.008474112587331823,0.005057763543163077,0.005786004993800392,0.006256818445459784,0.006448814062751631
2024-09-11,5,0.006849969656355462,0.005447786249824629,0.006341482385668829,0.006006591566692515,0.006370371161500421
2024-09-12,5,0.004869165880304688,0.007234091868617045,0.006848732405862697,0.006944974844900927,0.007122879900771249
2024-09-13,5,0.003745817196532973,0.007016708278258558,0.006864879141435147,0.0071160858872889084,0.00712236826787053
2024-09-17,5,0.005888898648567499,0.006679345010475803,0.006085884516998196,0.00701411340768511,0.007094996191419936
2024-09-18,5,0.004791698098770167,0.006849969656355462,0.006533144673364427,0.006805605164578146,0.0071020174426257585
2024-09-19,5,0.004787093775973254,0.004869165880304688,0.005564477896959366,0.006205726285365679,0.006617307962852705
2024-09-20,5,0.005094003322932892,0.003745817196532973,0.005236457723130269,0.006378866215259405,0.00661860132528192
2024-09-24,5,0.005198280110679992,0.005888898648567499,0.0061690388790162625,0.007653738817438805,0.00782110411478788
2024-09-25,5,0.005868944687231201,0.004791698098770167,0.0057819905334420005,0.007272118923511719,0.007545721261959737
2024-09-26,5,0.006122667371041418,0.004787093775973254,0.005537676956095643,0.009069284671115417,0.00833207920848754
2024-09-27,5,0.006667322223360945,0.005094003322932892,0.00578247850926881,0.0079046105365113,0.007586038916878203
2024-09-30,5,0.005532549019736952,0.0062067679387626746,0.00640720216509364,0.007491828229372776,0.0074676345880658615
2024-10-01,5,0.005654151664381529,0.005198280110679992,0.006102718083230303,0.007547312584524065,0.007477452286714583
2024-10-02,5,0.0050542227642012185,0.005868944687231201,0.006421415126892047,0.007428310749489774,0.0073826844982835885
2024-10-03,5,0.005547223910425333,0.006122667371041418,0.006100711564146461,0.007246137513665906,0.00743679821672701
2024-10-04,5,0.005508622615665745,0.006667322223360945,0.00651951668481542,0.0072113448631128145,0.007229952530224747
2024-10-07,5,0.004737907877637959,0.005532549019736952,0.006270135697991683,0.0070275348588568175,0.007214691220248859
2024-10-08,5,0.004564149304333614,0.005654151664381529,0.006224590250653211,0.006963679763283001,0.007155291941373581
2024-10-09,5,0.004510324531544737,0.0050542227642012185,0.0061161193503016745,0.007071409083598231,0.00704066353062236
2024-10-10,5,0.00327512186632274,0.005547223910425333,0.006263650999412769,0.006759370709209583,0.00699601664561307
2024-10-11,5,0.003882093864052454,0.005508622615665745,0.0062687955365185065,0.006926263044622882,0.007000129950240113
2024-10-14,5,0.005719679103598902,0.004737907877637959,0.0054476897014907304,0.00650768868970797,0.00679899587566602
2024-10-17,5,0.0052629270838216976,0.00327512186632274,0.005099779081755372,0.00613682246383239,0.006622040935592669
2024-10-18,5,0.00430831903204876,0.003882093864052454,0.005591795942434307,0.006761550322599143,0.006895704476422935
2024-10-21,5,0.00375169120353964,0.005719679103598902,0.006142436702824832,0.007124577910006002,0.00735050053324452
2024-10-22,5,0.003576093821113413,0.005403279511010313,0.006024017627972057,0.0072991743436981145,0.007461150990325685
2024-10-23,5,0.003917156434704344,0.004536921891030925,0.005392427155375658,0.007191512416396121,0.00725618802185451
2024-10-24,5,0.004029916198577306,0.0052629270838216976,0.005773480182847652,0.007028072503786458,0.007343701660502434
2024-10-25,5,0.0045891600116163365,0.00430831903204876,0.005461415620558207,0.0070229919165669084,0.007287610799082923
2024-10-28,5,0.0038285846566523812,0.00375169120353964,0.005366640063445878,0.006762997881511275,0.007016087725969469
2024-10-30,5,0.004996011604089751,0.003917156434704344,0.005098685318226611,0.007017980501295696,0.007189441172216121
2024-10-31,5,0.004348713900987289,0.004029916198577306,0.005336478243732693,0.007859306899507328,0.007706013757838133
2024-11-01,5,0.004081104362707191,0.0045891600116163365,0.005434320599298313,0.007313535525316843,0.007466686047934835
2024-11-04,5,0.005096851554273967,0.0038285846566523812,0.00479077743914414,0.007271244328087941,0.007357269751411555
2024-11-05,5,0.005432466046219633,0.0035834101350122986,0.004800429770457547,0.007022760387046114,0.007245823743073662
2024-11-06,5,0.00445682647341284,0.004996011604089751,0.005545201451864932,0.006651697528899559,0.007045925467601638
2024-11-07,5,0.006179783464966996,0.004348713900987289,0.005054484760822336,0.006654218308702668,0.006889808073334467
2024-11-08,5,0.006524169790357899,0.004081104362707191,0.005102788411517997,0.006204132851751185,0.0063747964750116735
2024-11-11,5,0.007662285396704908,0.005096851554273967,0.0053902100533945434,0.006435846190703196,0.006340739735622999
2024-11-12,5,0.007767594192902437,0.005432466046219633,0.005306331452045883,0.005951464335959935,0.006443386670850647
2024-11-13,5,0.007694946475392819,0.00445682647341284,0.005228368845970269,0.006326694451458865,0.006581938072369754
2024-11-14,5,0.006140947284726263,0.006179783464966996,0.006004863183645163,0.006901153210891963,0.006967351717649262
2024-11-18,5,0.005626709548111705,0.007662285396704908,0.006544440587965312,0.006421755237295869,0.007036974579491921
2024-11-19,5,0.0053577581387280505,0.007767594192902437,0.006239040641158367,0.006901021488543322,0.007295927548406177
2024-11-20,5,0.006486459782822317,0.007694946475392819,0.006131834865458887,0.007058007187406676,0.007440430880227462
2024-11-21,5,0.007594095848344948,0.006140947284726263,0.005914233406758778,0.006470232085121865,0.006996092188091599
2024-11-22,5,0.00789430137135752,0.006197766853002368,0.0061471356096840036,0.00654053681815066,0.007048928401904482
2024-11-25,5,0.007444247836039071,0.005626709548111705,0.006131579294119863,0.006867874245884079,0.0070533873729956365
2024-11-26,5,0.007707611703766927,0.0053577581387280505,0.005871942097558343,0.00805350265728014,0.00783446691537638
2024-11-27,5,0.006468788700733762,0.006486459782822317,0.00655004488096053,0.006820046423679344,0.00702050471454843
2024-11-29,5,0.005422667316172658,0.007594095848344948,0.006928714375047734,0.006691984907967653,0.00686461180688489
2024-12-02,5,0.005733527106983075,0.00789430137135752,0.00706955706360511,0.006712545834802276,0.006849246500193164
2024-12-03,5,0.0053161075141133565,0.007444247836039071,0.006867091861217585,0.006309784033359125,0.006753425684326014
2024-12-04,5,0.005806742579586472,0.007707611703766927,0.006838613326207298,0.0064249636429891035,0.0066596014610509425
2024-12-05,5,0.006801877352303943,0.006468788700733762,0.006629866511095186,0.006314886778715033,0.006567966260055584
2024-12-06,5,0.0071562926151065255,0.005422667316172658,0.006557958314136013,0.005754197752347881,0.006143477318147933
2024-12-09,5,0.005879224711501774,0.005733527106983075,0.0067737743545639465,0.006204581763865084,0.006543543331330947
2024-12-10,5,0.00638609135213572,0.0053161075141133565,0.006423573803491547,0.006459637671707597,0.0066769222120123374
2024-12-11,5,0.008810242904810993,0.005806742579586472,0.0067969360708777906,0.006635393146080848,0.007022649711267412
2024-12-12,5,0.011577075059089064,0.006801877352303943,0.007151324338483799,0.006493469796912145,0.0065931846995424
2024-12-13,5,0.011375552117066012,0.0071562926151065255,0.007250301629632986,0.006620559907365388,0.00672364973152171
2024-12-16,5,0.01184837594958182,0.005879224711501774,0.0067129944533696395,0.0063087077984056205,0.006431238047726138
2024-12-17,5,0.011157345001416717,0.00638609135213572,0.006839651969060847,0.006474963030823431,0.006586057414345091
2024-12-18,5,0.007984096784571923,0.008810242904810993,0.008001328076064282,0.007600792416711623,0.007335503188062944
2024-12-19,5,0.005073796979181834,0.011577075059089064,0.008859552434670966,0.007071051964164043,0.007142038396788617
2024-12-20,5,0.005289841830257418,0.011375552117066012,0.008446918488750585,0.006617585300807464,0.007013222599607084
2024-12-23,5,0.004925904119148494,0.01184837594958182,0.008508987685798736,0.006764015617701487,0.006970035004884852
2024-12-24,5,0.005353870979577164,0.011157345001416717,0.008071118734837143,0.006534033750621288,0.006594224979218149
2024-12-26,5,0.00523339317460201,0.007984096784571923,0.007573888083453969,0.006377496386073359,0.006621121751141023
2024-12-27,5,0.005501270888456687,0.005073796979181834,0.007150373928984313,0.00591275750443393,0.006180021916319924
2024-12-30,5,0.005199914086907624,0.005289841830257418,0.007273433860213215,0.006330854571285124,0.006358710499776064
2024-12-31,5,0.005746183438816916,0.004925904119148494,0.006843551372173316,0.0058978252464339615,0.0060906716956836745
2025-01-02,5,0.007106502709212229,0.005353870979577164,0.006868695993355891,0.006316464981243836,0.006419946182487551
2025-01-03,5,0.006790326062852535,0.00523339317460201,0.006595114802103315,0.005988394115525964,0.006030672332924527
2025-01-06,5,0.005908875297918576,0.005501270888456687,0.0070735158696572115,0.006235436278667107,0.006312980616360981
2025-01-07,5,0.005754206894652913,0.005199914086907624,0.006890553150519409,0.0060543497870788636,0.006211001358780463
2025-01-08,5,0.006002166624139081,0.005746183438816916,0.007122280993739047,0.006231084876836079,0.0063476422097935616
2025-01-10,5,0.005242519156055117,0.007106502709212229,0.0077468651460202735,0.006827804110169341,0.006888996207147902
2025-01-13,5,0.006855491248406854,0.006790326062852535,0.006861686441680463,0.006290153425201075,0.006444153030878934
2025-01-14,5,0.006268081973654499,0.005908875297918576,0.007079511835010091,0.006274225231785707,0.00639876864153189
2025-01-15,5,0.0065869094442227855,0.005754206894652913,0.006988307810725958,0.006464363733023649,0.006506334450212388
2025-01-16,5,0.006647993709966198,0.006002166624139081,0.007134021429706053,0.006674558503190323,0.006718365778735672
2025-01-17,5,0.006381912855563583,0.005242519156055117,0.006944913534054963,0.006456272407121356,0.006403494522576378
2025-01-21,5,0.00456576676103243,0.006855491248406854,0.00754839937277217,0.006952024421338628,0.006844111794447954
2025-01-22,5,0.005199014036048889,0.006268081973654499,0.006913803255333562,0.006665702681184284,0.006631131078672397
2025-01-23,5,0.005583584376903075,0.0065869094442227855,0.006971794234294961,0.006554511987667716,0.0065776363887454945
2025-01-24,5,0.005541764686008719,0.006647993709966198,0.00663812360921676,0.006558942095878697,0.006497221578694056
2025-01-27,5,0.008406706991781558,0.006381912855563583,0.006521247234565096,0.0068178474062474724,0.006559939099523147
2025-01-28,5,0.010272112326133896,0.00456576676103243,0.005222175559527054,0.006032352756132831,0.006207546149543359
2025-01-30,5,0.009737848771604937,0.005583584376903075,0.006494920156124093,0.0073914368099468955,0.007053707544441877
2025-01-31,5,0.01001802340701527,0.005541764686008719,0.006466661446780538,0.006880490930535734,0.006666308831582597
2025-02-03,5,0.007263227409357558,0.008406706991781558,0.007570699424474908,0.007673266362954332,0.007440698438350094
2025-02-04,5,0.00845868187448459,0.010272112326133896,0.007760258941216433,0.0076945650934308355,0.007637757658138444
2025-02-05,5,0.009868095428006797,0.009483753573316522,0.007636156817020307,0.007644866450728312,0.007610333834221045
2025-02-06,5,0.009232930712941748,0.009737848771604937,0.00798278786562098,0.007403210223876338,0.007283982192333199
2025-02-07,5,0.009694141569661023,0.01001802340701527,0.008015229868050292,0.007288063288561225,0.0073098456317608005
2025-02-10,5,0.010623166428686659,0.007263227409357558,0.007219995548478053,0.007288786982020972,0.007523255252412291
2025-02-11,5,0.00906793772205924,0.00845868187448459,0.008014272380454206,0.007882883115137134,0.0077146387545001
2025-02-12,5,0.008924722646170403,0.009868095428006797,0.008322458798657974,0.007965913330446628,0.007785968155456853
2025-02-13,5,0.009122427103799341,0.009232930712941748,0.008113125643780451,0.007639902859165389,0.0075938559255474105
2025-02-14,5,0.007942385349562939,0.009694141569661023,0.008565651810814633,0.008056355210086363,0.0076800802660676355
2025-02-18,5,0.008378755373269953,0.010623166428686659,0.008724624283781492,0.008015967759094363,0.008125358693932414
2025-02-19,5,0.00783826309096212,0.00906793772205924,0.008286614992461168,0.007537977366044325,0.007400363524334625
2025-02-20,5,0.007248841067554872,0.008924722646170403,0.008642532041021339,0.007483664294903681,0.007362797693035097
2025-02-21,5,0.006682453425655709,0.009122427103799341,0.008442413155221769,0.007519347361449463,0.007400660011535409
2025-02-24,5,0.008342810534995642,0.007942385349562939,0.008220405667208436,0.00731778311550401,0.007345254749404865
2025-02-25,5,0.00813071531554537,0.008378755373269953,0.008622170207903897,0.0077049051530866195,0.007432756936827299
2025-02-26,5,0.009208080010300936,0.00783826309096212,0.008008764364869699,0.007193934084328428,0.007118379625499407
2025-02-27,5,0.008132957296854372,0.007248841067554872,0.008314331140998537,0.007401203685338735,0.007225877167022263
2025-02-28,5,0.009260697014597509,0.006682453425655709,0.008033859108029532,0.006992572409329227,0.006774342759904393
2025-03-03,5,0.007990650286147169,0.008342810534995642,0.008903617946462161,0.00766436813176892,0.007488390158424788
2025-03-04,5,0.0072590325018651505,0.00813071531554537,0.008772313246121061,0.007478085513250613,0.007594816493907449
2025-03-05,5,0.00607965225981733,0.009208080010300936,0.008974547535803111,0.007508864265506481,0.007512668953483299
2025-03-06,5,0.006351900114359963,0.008132957296854372,0.008222036078453796,0.0072631556728616825,0.007350114725988563
2025-03-07,5,0.005475450723972155,0.009260697014597509,0.00876721471398367,0.00714279905290062,0.007225406046967395
2025-03-10,5,0.00444634278493766,0.007990650286147169,0.008447896069338068,0.007846526900080728,0.007469132324098988
2025-03-11,5,0.0042767726888545115,0.0072590325018651505,0.008133221415624576,0.007080616307732655,0.007326364397613508
2025-03-12,5,0.0048040846174014695,0.00607965225981733,0.007466211415544708,0.006768007653744635,0.006997228886836952
2025-03-13,5,0.0045994308109445995,0.006351900114359963,0.007797517218375004,0.007265575952418321,0.007468694625474914
2025-03-14,5,0.005196012775497966,0.005475450723972155,0.007379816505912694,0.007083027889657227,0.007157549746670451
2025-03-17,5,0.0055815149160529124,0.00444634278493766,0.006612357735417025,0.007056606471857492,0.00705394943412038
2025-03-18,5,0.005473287792412823,0.0042767726888545115,0.006728418503367415,0.00685005145463037,0.0070594090897312875
2025-03-19,5,0.005110451421272564,0.0048040846174014695,0.006752957620880567,0.006632397513587707,0.006820144152989275
2025-03-20,5,0.005126879076953231,0.0045994308109445995,0.006575292095018249,0.006476670204195179,0.006694459810412315
2025-03-21,5,0.0046421871743324945,0.005196012775497966,0.006961363709895507,0.006512841673963233,0.0066500707448019685
2025-03-24,5,0.005367747080892066,0.0055815149160529124,0.006676776033986877,0.006310013809733841,0.00655720152430187
2025-03-25,5,0.00651551084167485,0.005473287792412823,0.006600482541706464,0.006295329146671542,0.006376840573304834
2025-03-26,5,0.008245560048352902,0.005110451421272564,0.006391366568742006,0.006114823407007546,0.0062594552505950835
2025-03-27,5,0.012161421574478672,0.005126879076953231,0.006325040599152563,0.008559779444776016,0.007820841210185088
2025-03-28,5,0.014013178763760075,0.0046421871743324945,0.006334685623141844,0.007532562774904276,0.0070301044415179426
2025-03-31,5,0.016380843263713755,0.005367747080892066,0.006538661041075503,0.007724821278078319,0.007422346073593988
2025-04-01,5,0.017852259611810518,0.00651551084167485,0.007027224752001749,0.00785540958588648,0.007568626374135628
2025-04-02,5,0.019695877512792285,0.008245560048352902,0.007364921811234127,0.007752799874809845,0.0077883046066424665
2025-04-03,5,0.01735206054111199,0.012161421574478672,0.00862997163010831,0.008828334252230704,0.00845158603343432
2025-04-04,5,0.016614064222419653,0.014013178763760075,0.00893615531033669,0.011329433558095717,0.010043306755397531
2025-04-07,5,0.014162659166332496,0.016380843263713755,0.009775942361606253,0.009681928937409975,0.009063242369982826
2025-04-08,5,0.01135611112216041,0.017852259611810518,0.010133623196087889,0.011407298646333861,0.010977710364257152
2025-04-09,5,0.009190002367547658,0.019695877512792285,0.0108218474794477,0.010602255227093911,0.011099699282108412
2025-04-10,5,0.009030287406087701,0.01735206054111199,0.010528288651986573,0.011835696340455788,0.012115339675063464
2025-04-11,5,0.015161392392332199,0.016614064222419653,0.01065274718743959,0.012618457978735191,0.012651750662905878
2025-04-14,5,0.020288151896756697,0.014162659166332496,0.010188906950307013,0.010375725523849676,0.010463246316080706
2025-04-15,5,0.02220948589438763,0.01135611112216041,0.009434735466748109,0.008919760750988694,0.009423002711861464
2025-04-16,5,0.022822528657073005,0.009190002367547658,0.009599400925473563,0.010874012260639086,0.011556679652908302
2025-04-17,5,0.020586380098337975,0.009030287406087701,0.009763483492870291,0.010190373414758739,0.01032556434977896
2025-04-22,5,0.013831486921241773,0.015161392392332199,0.01232774848442138,0.013047114394420927,0.013204613563297593
2025-04-23,5,0.009838144337801377,0.020288151896756697,0.013680211826574591,0.013634369369474535,0.01197097487221239
2025-04-24,5,0.009948952145330356,0.02220948589438763,0.013573538988167004,0.011763033778035802,0.011989185691763785
2025-04-25,5,0.009574288235877127,0.022822528657073005,0.013886743877341744,0.011831225775361992,0.011336972859987051
2025-04-28,5,0.011007455408765734,0.020586380098337975,0.012044240317781509,0.010460124588525669,0.01093874874485002
2025-04-29,5,0.013361162187040917,0.013831486921241773,0.01236556621970884,0.010576189656918554,0.010273311145073424
2025-04-30,5,0.012554567478549515,0.009838144337801377,0.011899455501602629,0.009969823247276162,0.009715270760323622
2025-05-01,5,0.011579468441855622,0.009948952145330356,0.012099559747129122,0.010061793314237354,0.009761342585619528
2025-05-02,5,0.009427937637155097,0.009574288235877127,0.012006014477370094,0.009483537100927664,0.009594194996731338
2025-05-05,5,0.01100851733244599,0.011007455408765734,0.012113830318418643,0.010578129495280393,0.010529091373979012
2025-05-06,5,0.00831942976023527,0.013361162187040917,0.013235322253034152,0.01197817630818013,0.011746039058359897
2025-05-07,5,0.008087250578502243,0.012554567478549515,0.012370066923823959,0.011554142762011643,0.010691901022199454
2025-05-08,5,0.01029486204738155,0.011579468441855622,0.012024765319958709,0.011072186885161187,0.010325706657327073
2025-05-09,5,0.011514252945990393,0.009427937637155097,0.010250266083412172,0.009259133362782512,0.009545511835973028
2025-05-12,5,0.011687752226043333,0.01100851733244599,0.011720078206309666,0.009896446748105466,0.009666436398213081
2025-05-13,5,0.012979511331806807,0.00831942976023527,0.010453735376019435,0.008496043765544628,0.008701333218114638
2025-05-14,5,0.012643108512876342,0.008087250578502243,0.010355081188669905,0.009484858693944035,0.009234486398025661
2025-05-15,5,0.010341567635648516,0.01029486204738155,0.011432995306907199,0.009781625622133598,0.009679791868156984
2025-05-16,5,0.011239302183044544,0.011514252945990393,0.011234803753511729,0.009728066277212913,0.009453617829460532
2025-05-19,5,0.01018431413414424,0.011687752226043333,0.011922640032124955,0.009224961240038625,0.00961975776046229
2025-05-20,5,0.00938380414489036,0.012979511331806807,0.012143857675988958,0.009586799657619893,0.009925610308753014
2025-05-21,5,0.012457609170487573,0.012643108512876342,0.011624063285421024,0.009888451923848244,0.010120145875385036
2025-05-22,5,0.012609680906250262,0.010341567635648516,0.010560573361219136,0.00948767830801782,0.009502108724902598
2025-05-23,5,0.011993015307555305,0.011239302183044544,0.01036671591526426,0.009832262922652052,0.00988566197570041
2025-05-27,5,0.011975657815203407,0.01018431413414424,0.01011093435759075,0.009042227336292272,0.0091825980908324
2025-05-29,5,0.009579659347111677,0.012457609170487573,0.011109978429866335,0.009393131705569298,0.009210564517366512
2025-05-30,5,0.00981596747052694,0.012609680906250262,0.010850513084661199,0.008921382515779707,0.008779176848681729
2025-06-02,5,0.010079572501546058,0.011993015307555305,0.010641737698797662,0.009242469758451544,0.009387266722734967
2025-06-03,5,0.010454148586278349,0.011975657815203407,0.010662859499891564,0.009059826922932028,0.009115312748051432
2025-06-04,5,0.011024340895270403,0.010924918212221819,0.010148870517552151,0.008925844470527008,0.00877563269536262
2025-06-05,5,0.011633462552078155,0.009579659347111677,0.01019235346249431,0.008697508306056574,0.008683939100163497
2025-06-06,5,0.011592997249951198,0.00981596747052694,0.009943329202468772,0.008601518696789198,0.008469954209677043
2025-06-09,5,0.01111593839818739,0.010079572501546058,0.010031709734298835,0.008362091964196293,0.008644735362978315
2025-06-10,5,0.009404246791089811,0.010454148586278349,0.01029821103054621,0.009048853818638753,0.008562116104106936
2025-06-11,5,0.008833120803590394,0.011024340895270403,0.010495948354776373,0.008517944024187601,0.008693232038480029
2025-06-12,5,0.008467118610055217,0.011633462552078155,0.010768556048293545,0.009130064406961019,0.009075348353420538
2025-06-13,5,0.008000224289148124,0.011592997249951198,0.010676516576268618,0.009843334660631827,0.009633991262208604
2025-06-16,5,0.008586733585590938,0.01111593839818739,0.010496370939351856,0.009299717399427542,0.008976172556262782
2025-06-17,5,0.008608076437779172,0.009404246791089811,0.009585004610121184,0.009322576841073566,0.008981738820437148
2025-06-18,5,0.007582948709954211,0.008833120803590394,0.00959722212765118,0.009192224121477058,0.008534491570104703
2025-06-20,5,0.00733646023123252,0.008467118610055217,0.009673592184008595,0.0077795539143107545,0.008445856537021531
2025-06-23,5,0.007408738889119789,0.008000224289148124,0.009242387004484794,0.008572595589758878,0.00825564132814918
2025-06-24,5,0.0071373240201519726,0.008586733585590938,0.009609804479531874,0.007783932453269989,0.007996059708802641
2025-06-25,5,0.007292940094237429,0.008608076437779172,0.009224460500704933,0.0075555311422405525,0.007626308998585042
2025-06-26,5,0.008397540606119937,0.007582948709954211,0.008418612000584386,0.0070270426503195125,0.007252228484835959
2025-06-27,5,0.007858028334089398,0.00733646023123252,0.009030044639859968,0.007431834474407573,0.007244300104237746
2025-06-30,5,0.00810970665608594,0.007408738889119789,0.008880569262296927,0.007566711530948615,0.0076277818561534955
2025-07-01,5,0.007669801798804265,0.0071373240201519726,0.008666264521383625,0.007196492536542923,0.007268455916523428
2025-07-02,5,0.007634112393987336,0.007292940094237429,0.008439754330938987,0.007346416366655505,0.007299972576332695
2025-07-03,5,0.00781885043716612,0.008397540606119937,0.008726305066894528,0.007421353848940993,0.0071165915709033075
2025-07-07,5,0.0071030130910659925,0.007858028334089398,0.008642217616893922,0.006944024366475732,0.007435849234785073
2025-07-08,5,0.005869587864995361,0.00810970665608594,0.008764631162379834,0.0070318010263380306,0.007204842641315509
2025-07-09,5,0.005602715178685545,0.007669801798804265,0.008484926598902745,0.007130636156981797,0.006952140573888269
2025-07-10,5,0.006889018417399901,0.007634112393987336,0.008254383881782462,0.006970821846521333,0.007018619109760707
2025-07-11,5,0.00539515950113133,0.00781885043716612,0.008371982302218403,0.007465607569006676,0.007504153101957879
2025-07-14,5,0.005736752203355253,0.0071030130910659925,0.007920993306868945,0.007446285026172155,0.007327615327933755
2025-07-15,5,0.006775918010339608,0.005869587864995361,0.00731419187075443,0.006738030910137428,0.006815626721468226
2025-07-16,5,0.006849987626741253,0.005602715178685545,0.007217230855326221,0.007239506348871537,0.007166679546871721
2025-07-17,5,0.006116541838474805,0.006889018417399901,0.0077564772161108865,0.007041186655994688,0.007288261061246383
2025-07-18,5,0.0077630855473760675,0.00539515950113133,0.006430467221918737,0.006680118046323525,0.006816487869002873
2025-07-21,5,0.006767170186260558,0.005736752203355253,0.007230619770460137,0.007520716373599251,0.007409415405842875
2025-07-22,5,0.00637554461378129,0.006775918010339608,0.007556655055440274,0.007938384907819068,0.008022249772504198
2025-07-23,5,0.008338311233018066,0.006849987626741253,0.0073304299226243895,0.0077595518607340855,0.007716232138299925
2025-07-24,5,0.009029310562314645,0.006116541838474805,0.007234265602658549,0.007421847351010542,0.007565554006364034
2025-07-25,5,0.009595885444577564,0.0077630855473760675,0.00756194280464561,0.007434005347751603,0.007298620984975536
2025-07-28,5,0.011565929878121002,0.006767170186260558,0.00693503777259294,0.006960655166937604,0.007113901964217346
2025-07-30,5,0.009332982280538643,0.008338311233018066,0.007965269301563752,0.00767511842571124,0.00734486029897777
2025-07-31,5,0.008921038535166863,0.009029310562314645,0.008087173656051643,0.007427396266047287,0.007087502875892689
2025-08-01,5,0.010509447937676039,0.009595885444577564,0.008238187923999708,0.007644404421655212,0.007732958352861873
2025-08-04,5,0.011784311591223805,0.011565929878121002,0.008665625688959677,0.00777211194056421,0.0076954921056832035
2025-08-05,5,0.011339891920613,0.01103587515535113,0.008592706451339159,0.007552628351246316,0.0075439439111332956
2025-08-06,5,0.010846386506204418,0.009332982280538643,0.008077450960104303,0.0071311057411819305,0.007276877410419746
2025-08-07,5,0.010364034561882627,0.008921038535166863,0.008115535475979081,0.007384881314038617,0.007531889771261603
2025-08-08,5,0.007259234292960319,0.010509447937676039,0.008972398580515595,0.007326976553036194,0.007503351013356287
2025-08-11,5,0.004870556378536529,0.011784311591223805,0.00945461864235779,0.00830835964735551,0.007795966253322019
2025-08-12,5,0.004735968831484787,0.011339891920613,0.009031955287757043,0.007360840719902064,0.0074379034530427475
2025-08-13,5,0.004401629376418368,0.010846386506204418,0.008652677079318416,0.0071949045588291455,0.007198912804948276
2025-08-14,5,0.004132390370531436,0.010364034561882627,0.008872492486233279,0.006953121272957223,0.0069710225413954574
2025-08-15,5,0.00437759948074951,0.007259234292960319,0.008014457853491391,0.006447953075344998,0.006650206158881227
2025-08-18,5,0.004109140884421603,0.004870556378536529,0.007311438200460619,0.006120487186700935,0.0062308628960824905
2025-08-19,5,0.003931571989471345,0.004735968831484787,0.00746811626020721,0.006064061493242828,0.006202245329756907
2025-08-20,5,0.004807303254387384,0.004401629376418368,0.006877878511427333,0.006183848920441587,0.006305865501532323
2025-08-21,5,0.00495280251932405,0.004132390370531436,0.007012469963072506,0.006466329070627438,0.006329006583269697
2025-08-22,5,0.005112201119187037,0.00437759948074951,0.007042678586220933,0.006004808287190113,0.0062803469917568615
2025-08-25,5,0.0061263029618186604,0.004109140884421603,0.006751941661772873,0.006123301175614964,0.006213642782758048
2025-08-26,5,0.005695252131599058,0.003931571989471345,0.006723479087407458,0.0064120148415025575,0.006520304923496511
2025-08-27,5,0.007043719150382462,0.004807303254387384,0.007129214909187674,0.006775591044685552,0.006761733613513232
2025-08-28,5,0.0060177967131573844,0.00495280251932405,0.007114283898033395,0.007012315670895374,0.00687962302614704
2025-08-29,5,0.006383461503133183,0.005112201119187037,0.006948301449689141,0.007774355027584335,0.007232160386933778
2025-09-02,5,0.006459635691296885,0.0061263029618186604,0.007258737080292604,0.007776236472594163,0.00833080096442017
2025-09-03,5,0.007408617360444549,0.005695252131599058,0.006687614249103931,0.008184474489251505,0.007954578322016672
2025-09-04,5,0.005944634805013806,0.007043719150382462,0.007439265377109682,0.007741382439759181,0.007795412869825636
2025-09-05,5,0.006977133184898156,0.0060177967131573844,0.006216083549691147,0.007084210481864699,0.007487232447073503
2025-09-08,5,0.006749515211597389,0.006383461503133183,0.00697030638372133,0.00800340263541943,0.007976219602045394
2025-09-09,5,0.0057079690240774235,0.006459635691296885,0.0070320505702703,0.007430006497705066,0.007641436921692894
2025-09-10,5,0.005496634644234128,0.007408617360444549,0.006887457441841509,0.00762616410317799,0.007463807236103259
2025-09-11,5,0.006279261127028055,0.005944634805013806,0.0061996460703584435,0.006771786569153837,0.006908108210342489
2025-09-12,5,0.006506099703983228,0.006977133184898156,0.0063901777396686696,0.006966769799445472,0.007107780499502276
2025-09-15,5,0.006731649509594199,0.006749515211597389,0.006449688118034867,0.0077763100558061165,0.007631933187082838
2025-09-16,5,0.007260195899514261,0.0057079690240774235,0.0060281052950013955,0.007667600134323082,0.007597185602178832
2025-09-17,5,0.006724354967415581,0.005496634644234128,0.006214863919919883,0.0073299435553966456,0.007242740803679998
2025-09-18,5,0.006159963220243549,0.006279261127028055,0.006595319619709877,0.007175859526149294,0.007007770573444351
2025-09-19,5,0.00598560115204975,0.006506099703983228,0.006590060041028127,0.00706433828927852,0.007195876348078961
2025-09-22,5,0.006142697208398285,0.006731649509594199,0.006809182267866825,0.007955726013010552,0.007918891133551298
2025-09-23,5,0.007935796315081584,0.007260195899514261,0.006900812936950353,0.008413151631822416,0.008222566981737737
2025-09-24,5,0.009317584456425939,0.006724354967415581,0.006666025405977494,0.008004376312113695,0.007766889932013425
2025-09-25,5,0.010757154469580556,0.006159963220243549,0.00675437556078129,0.008712883391898782,0.008240695627596087
2025-09-29,5,0.010928468134285739,0.006142697208398285,0.006888936957252476,0.008843031272675736,0.008373433025372757
2025-09-30,5,0.009811864818213015,0.007935796315081584,0.007617109901918736,0.008886146415120108,0.008637441051204914
2025-10-01,5,0.008996968896139372,0.009317584456425939,0.007885134466991657,0.00852157171555847,0.008385050038661995
2025-10-02,5,0.01006681417222554,0.010757154469580556,0.008310415643145308,0.008311526579304628,0.008217318092291329
2025-10-03,5,0.011428569416707118,0.009729439879589288,0.007982994774552242,0.007921123940290166,0.007850187632085155
2025-10-06,5,0.01077721474914285,0.010928468134285739,0.008493010574980708,0.008657885719637378,0.008841062361096615
2025-10-07,5,0.012131247094009255,0.009811864818213015,0.00832837045237274,0.009051996833632364,0.0088990835468781
2025-10-08,5,0.01331052022279846,0.008996968896139372,0.008025359005024468,0.00991127487441126,0.00949081398809778
2025-10-09,5,0.012596436637497635,0.01006681417222554,0.008831308422427474,0.010343717042562534,0.009683141566307568
2025-10-10,5,0.014120500925022728,0.011428569416707118,0.009075739004617353,0.011385597783935938,0.010575395660877649
2025-10-13,5,0.016388560573071934,0.01077721474914285,0.009063525001417237,0.010772904053173984,0.010730155751473854
2025-10-14,5,0.013657719227464117,0.012131247094009255,0.009634054558757882,0.01217629932744933,0.011628974469710764
2025-10-15,5,0.01591355464584927,0.01331052022279846,0.009867443050772268,0.012673577344693302,0.012123916684512424
2025-10-16,5,0.015427297748962869,0.012596436637497635,0.01012032235928474,0.015752293820179574,0.01457798788031776
2025-10-17,5,0.01355881168702106,0.014120500925022728,0.010861308299039944,0.014523005844470954,0.013771313613903846
2025-10-20,5,0.013442876971506612,0.016388560573071934,0.011581695106990388,0.014312645484834519,0.014182853574573497
2025-10-21,5,0.01700440336684531,0.013657719227464117,0.009740952766016544,0.013376077994457454,0.012664503115889876
2025-10-22,5,0.015601811951801896,0.01591355464584927,0.01177204621107619,0.012559296728309464,0.012297369606719866
2025-10-23,5,0.01773336614562059,0.015427297748962869,0.0115469750081472,0.011703305193391127,0.012076976332916408
2025-10-24,5,0.017410503466184654,0.01355881168702106,0.011380985550213427,0.01101400947140451,0.011134364887362087
2025-10-27,5,0.014560355211709093,0.013442876971506612,0.012029830960788338,0.01098892819061415,0.010863918515958373
2025-10-28,5,0.01230452201814858,0.01700440336684531,0.012692835621361639,0.011380054952346955,0.011167184419638442
2025-10-30,5,0.00822523355686604,0.01773336614562059,0.013131851708565392,0.011977886131612393,0.01161265075118789
2025-10-31,5,0.006387703441102551,0.017410503466184654,0.012713123184132773,0.010655101484805266,0.010548316864093325
2025-11-03,5,0.007384649039272482,0.014560355211709093,0.012241956640260397,0.010133075008023585,0.009832750928154759
2025-11-04,5,0.006828906287811811,0.01230452201814858,0.011904451627474562,0.009075428974345951,0.00972552244569632
2025-11-05,5,0.00749988977670638,0.010962714237383972,0.011214910613080577,0.008521450808254135,0.00898425893921476
2025-11-06,5,0.00839921931834203,0.00822523355686604,0.010611054894391403,0.008732365581806964,0.008839097500724015
2025-11-07,5,0.01221591019488389,0.006387703441102551,0.008801671267609942,0.008117604087959586,0.008370289289295334
2025-11-10,5,0.012208696582991873,0.007384649039272482,0.010556555378740132,0.009670830800129137,0.009967110555993027
2025-11-11,5,0.012440357044447202,0.006828906287811811,0.009976241192327255,0.009642753903439957,0.009717292506068951
2025-11-12,5,0.013014741939244331,0.00749988977670638,0.010232211635364065,0.010857885845449762,0.010796446699445456
2025-11-13,5,0.013379848055310431,0.00839921931834203,0.010469245240561385,0.010404676341863936,0.010418153813326453
2025-11-14,5,0.01112675691217152,0.01221591019488389,0.011726464971673053,0.010479357159554566,0.010681070580769796
2025-11-17,5,0.008922582270489381,0.012208696582991873,0.011637611502480372,0.010700721614535927,0.010724648813030577
2025-11-18,5,0.009148871164901245,0.012440357044447202,0.011130323366206825,0.011015982245061276,0.010736480007786096
2025-11-19,5,0.007397849765589015,0.013014741939244331,0.011148953578283837,0.010899403162237106,0.010677794083914225
2025-11-20,5,0.007005319345097468,0.013379848055310431,0.011534283042108115,0.010596900099673952,0.010290777644042935
2025-11-21,5,0.006932134178614798,0.01112675691217152,0.010583793724808154,0.00931645551944251,0.009604378268292265
2025-11-24,5,0.00810592662364181,0.008922582270489381,0.00969055660988485,0.009559772864161136,0.009713027494275347
2025-11-26,5,0.009220315342414227,0.007397849765589015,0.00902286120295218,0.009974458288374935,0.009468977489328125
2025-11-28,5,0.00932294296299726,0.007005319345097468,0.00902953296415654,0.010027409402045667,0.009653714229520851
2025-12-01,5,0.009033994749275057,0.006932134178614798,0.008837971899358752,0.010065067257960638,0.009764936962316605
2025-12-02,5,0.00861724584235325,0.00810592662364181,0.008884136085825617,0.009744870623378773,0.0095107740395706
2025-12-03,5,0.008454342729753712,0.008360912538630453,0.008965265852570027,0.009200147387040926,0.009421917654207024
2025-12-04,5,0.00848947804295198,0.009220315342414227,0.009110589133619087,0.008786324277928314,0.008970044628843796
2025-12-05,5,0.009447321353676421,0.00932294296299726,0.009268910302080784,0.008813989017555606,0.008789782274100263
2025-12-08,5,0.010263556623129543,0.009033994749275057,0.009016711123952156,0.008634234137241358,0.00858838790909332
2025-12-09,5,0.011114529947394107,0.00861724584235325,0.008950170203533168,0.008923700839101663,0.008797832162634096
2025-12-10,5,0.010025648689544446,0.008454342729753712,0.00920660202656294,0.008833719399474105,0.008735227070799805
2025-12-11,5,0.009146172062939353,0.00848947804295198,0.009102596866062958,0.008971641538877872,0.00903476641604537
2025-12-12,5,0.006338208507515883,0.009447321353676421,0.009746811892711057,0.009253477250294144,0.0094405314072813
2025-12-15,5,0.005076544497133802,0.010263556623129543,0.009776828378114805,0.009870886053815668,0.009418159814621524
2025-12-16,5,0.006121796226717716,0.011114529947394107,0.00994960874761857,0.00928409508116072,0.00910859768378524
2025-12-17,5,0.00673940730011246,0.010025648689544446,0.008908360408353497,0.009608125175548477,0.009335979589752902
2025-12-18,5,0.007956934011366915,0.009146172062939353,0.008642123611725333,0.009456172740899743,0.009213096320766579
2025-12-19,5,0.014612095371863872,0.006338208507515883,0.0076903854907876745,0.008635660522813896,0.008588334520145909
2025-12-22,5,0.016147694514655694,0.005076544497133802,0.00732044906871635,0.009634677393892796,0.009592417122732495
2025-12-23,5,0.016019165002581104,0.006121796226717716,0.008087441266505846,0.010541688118809506,0.010115450625874071
2025-12-24,5,0.015929748541533686,0.00673940730011246,0.00791148542264422,0.01014859395572963,0.00980086471445221
2025-12-26,5,0.017200117980650624,0.007956934011366915,0.008538794505605372,0.011516158347633924,0.010841031141944128
2025-12-29,5,0.01067244914470669,0.014612095371863872,0.010850092049763047,0.01234633597976685,0.01171522218118019
2025-12-30,5,0.009762934784940305,0.016147694514655694,0.010801279902583377,0.012024006959795303,0.011360778308248136
2025-12-31,5,0.008404007754227309,0.016019165002581104,0.011006103945270823,0.010802224498791157,0.010963272795347702
2026-01-02,5,0.008295946749019022,0.015929748541533686,0.01054440392604958,0.010937467850625425,0.010786601913890286
2026-01-05,5,0.008905633775216873,0.017200117980650624,0.01139024477460752,0.011394190389262555,0.011288415960078776
2026-01-06,5,0.010102183443182759,0.01067244914470669,0.009552345575896322,0.01101100925755229,0.010754164094788363
2026-01-07,5,0.009806781785097283,0.009762934784940305,0.00964316343433697,0.010587351130267653,0.010495643357120272
2026-01-08,5,0.008659519851621118,0.008404007754227309,0.00935053656222253,0.010312382370096839,0.010441432020918273
2026-01-09,5,0.00797490992032104,0.008295946749019022,0.009127571316119517,0.010278351548631225,0.009952988505482199
2026-01-12,5,0.007223310174144281,0.008905633775216873,0.010067226497246977,0.010950258408043971,0.010868022927723625
2026-01-13,5,0.010782556822331065,0.010102183443182759,0.010028349569737341,0.010574432332381844,0.010373653162013233
2026-01-14,5,0.011294380841681795,0.009806781785097283,0.009718670913160914,0.010516762324853447,0.01035729972306582
2026-01-15,5,0.012620365599446168,0.008659519851621118,0.008943110541979483,0.00993296659177154,0.009724225167911568
2026-01-16,5,0.01663552139766455,0.00797490992032104,0.008454774770321716,0.009246120571624097,0.009370299366947032
2026-01-20,5,0.01663853573723511,0.007223310174144281,0.009141818821070007,0.010552114459119263,0.010608609953579321
2026-01-21,5,0.013232659018756601,0.010782556822331065,0.010675543090686357,0.011657864344560728,0.011778681029276265
2026-01-22,5,0.03294073235167531,0.011294380841681795,0.010389270246904286,0.012944835034716178,0.012343603359821953
2026-01-23,5,0.04544737204962541,0.012620365599446168,0.01084714234540986,0.013976735112884667,0.013150000521687173
2026-01-26,5,0.06230749506261102,0.01663552139766455,0.012278831283052133,0.016063085339289344,0.014817434083648384
2026-01-29,5,0.04396506834758226,0.03294073235167531,0.01650509763183949,0.02678308315103991,0.022721018683463684
2026-01-30,5,0.04324580702431511,0.04544737204962541,0.01772456245340968,0.023191763772692144,0.02138122483073167
2026-02-02,5,0.032299510472804896,0.06230749506261102,0.021116856091265204,0.0205030364540446,0.01919747185150401
2026-02-03,5,0.02693609219077302,0.05554466324180479,0.020647383488944158,0.020156779872577173,0.02094360061836709
2026-02-04,5,0.023148258225273482,0.05096984811048412,0.020965776588521334,0.01891432723744368,0.018833976535116547
2026-02-05,5,0.020310133766363734,0.04396506834758226,0.020730827700551367,0.018349511519696757,0.018061034794523773
2026-02-06,5,0.013945056126469724,0.04324580702431511,0.021909483497256833,0.016838355105333245,0.017514992136660516
2026-02-09,5,0.013574955259490712,0.032299510472804896,0.020207681973248647,0.0163216210397814,0.016424288428692188
2026-02-10,5,0.012788458342278687,0.02693609219077302,0.01894092599656934,0.014065036393545984,0.014197233162339775
2026-02-11,5,0.011170050225618103,0.023148258225273482,0.01888421980213074,0.014118699667678347,0.01447997368671229
2026-02-12,5,0.010203088112810633,0.020310133766363734,0.018543833728884507,0.015186648167452113,0.014532669804005362
2026-02-13,5,0.010462302862659707,0.013945056126469724,0.01694899385118638,0.014272500843155612,0.014176397104195064
2026-02-17,5,0.009768228346770543,0.013574955259490712,0.0172419586804533,0.01583770616071816,0.015075497490573402
2026-02-18,5,0.00926219758826686,0.012788458342278687,0.016276452408498943,0.014850293720094252,0.014862596355638849
2026-02-19,5,0.010041709276601002,0.011170050225618103,0.016036667403477024,0.01523023427350755,0.014548128656965285
2026-02-20,5,0.010137853547671908,0.010203088112810633,0.016209135397524443,0.015453722317211756,0.015620886203574567
2026-02-23,5,0.013163979488905846,0.010462302862659707,0.016029575280988993,0.016047980758611385,0.01642928009616929
2026-02-24,5,0.01677374729193267,0.009768228346770543,0.01585500864361456,0.0161133684221848,0.015730707049377467
2026-02-25,5,0.018694679299724064,0.00926219758826686,0.014520591836144885,0.01355427648493801,0.014474096491844892
2026-02-26,5,0.019144124938230304,0.010041709276601002,0.01544513144363453,0.01320980284517835,0.014054837848442804
2026-02-27,5,0.01947438108333043,0.010137853547671908,0.015524656925996558,0.014072053242989406,0.014206607327317032
2026-03-02,5,0.015394653103468749,0.013163979488905846,0.016887005650175185,0.01619966495005372,0.015833450738394494
2026-03-03,5,0.011152882311072719,0.01677374729193267,0.017097522385345922,0.019673586999876203,0.017943014918055635
2026-03-04,5,0.010335836358560524,0.018694679299724064,0.01617623718497277,0.017145213723563164,0.016343556521064784
2026-03-05,5,0.009151287555746415,0.019144124938230304,0.015039863136420011,0.01677753643458918,0.01604331749022343
2026-03-06,5,0.009085003084772818,0.01947438108333043,0.014824284970602031,0.016142237742449998,0.015582818551696683
2026-03-09,5,0.00963677444931501,0.015394653103468749,0.013255186855017522,0.014662961292777452,0.014598639122175003
2026-03-10,5,0.008857449656832352,0.011152882311072719,0.012045741143342954,0.013836115472170776,0.014077154157618519
2026-03-11,5,0.011714597617147384,0.010335836358560524,0.011035518191222846,0.012715264021494855,0.012869337450534387
2026-03-12,5,0.016024445707553278,0.009151287555746415,0.010425555440653001,0.012740540659876292,0.012763952463313724
2026-03-13,5,0.016703511589536726,0.009085003084772818,0.010931976076592033,0.013326722307983093,0.013375510902615937
2026-03-16,5,0.0315073578858332,0.00963677444931501,0.010837560061108987,0.012670519801436611,0.012524848896810539
2026-03-17,5,0.033765319849669434,0.008857449656832352,0.010126294503880482,0.011230625297961743,0.011521756709652706
2026-03-18,5,0.036110608949873745,0.011714597617147384,0.011528341577961426,0.01295010265524624,0.012740471742182295
2026-03-19,5,0.03546956063845812,0.016024445707553278,0.012667656715488378,0.014373197231602616,0.013456234930345146
2026-03-20,5,0.039696237302014103,0.016703511589536726,0.01292092279419019,0.015113313868867271,0.015006666506278719
2026-03-23,5,0.024937658165045565,0.0315073578858332,0.017641027434253487,0.02149758504222869,0.019391222943838052
2026-03-24,5,0.025238567696850647,0.033765319849669434,0.016909094676081544,0.01903700895213871,0.0184096228215787
2026-03-25,5,0.018690051140260882,0.036110608949873745,0.018103229144500074,0.016720225395271515,0.01753564145652631
2026-03-26,5,0.020616950494164857,0.03546956063845812,0.018099551220387998,0.02034740615894512,0.02020494638908479
2026-03-30,5,0.016350849410357797,0.024937658165045565,0.017624992009038377,0.01845407116790604,0.018626689958377497
2026-03-31,5,0.018743131954105416,0.025238567696850647,0.017522509457618404,0.015995285123980425,0.01716074049884375
2026-04-01,5,0.019208067455222178,0.018690051140260882,0.01553021225425555,0.013795662554633529,0.015586660986444217
2026-04-02,5,0.015296356757715726,0.020616950494164857,0.01677402980815524,0.01723486199471644,0.01663953074723672
2026-04-06,5,0.015099296129253321,0.01913732445579616,0.016020064166761185,0.014219262234457202,0.0159571068853121
2026-04-07,5,0.014649740392258385,0.016350849410357797,0.015430272009824381,0.015013819765953099,0.01592262158703902
2026-04-08,5,0.009555351852143438,0.018743131954105416,0.016745042239023823,0.013921330654698564,0.014938288537541264
2026-04-09,5,0.008081266600180388,0.019208067455222178,0.016169942391170443,0.01294567708619286,0.014049137361978683
2026-04-10,5,0.007867444094469662,0.015296356757715726,0.015648906991232992,0.012723897290433049,0.013377507275501153
2026-04-13,5,0.008358136755243283,0.015099296129253321,0.01569411229639129,0.013002859995132416,0.013241262619125362
2026-04-14,5,0.011171849807852595,0.014649740392258385,0.015497689002898617,0.013004917859428783,0.013680591624978573
2026-04-15,5,0.012667220686041978,0.009555351852143438,0.013634787327788646,0.012288039756451532,0.012530249830389207
2026-04-16,5,0.013560943447636321,0.008081266600180388,0.012733166728594859,0.011265611274786974,0.011837995897674593
2026-04-17,5,0.013452559308619298,0.007867444094469662,0.01355273434999452,0.01254568814501464,0.012411129413632573
2026-04-20,5,0.011299339204780158,0.008358136755243283,0.013731260039962216,0.012715303016003635,0.012291717027243371
2026-04-21,5,0.0068766629690852656,0.011171849807852595,0.014735322134760294,0.013808678425059067,0.013114192758450839
2026-04-22,5,0.006785923617977583,0.012667220686041978,0.014603684960270903,0.01266093458373257,0.012259981239756992
2026-04-23,5,0.007344345335540204,0.013560943447636321,0.012941919132067574,0.012505642409033244,0.012372177120070646
2026-04-24,5,0.007624633404051671,0.013452559308619298,0.013022805106053841,0.012273554391467226,0.011700113167594808
2026-04-27,5,0.009159922766564991,0.011299339204780158,0.011498709321886593,0.010831645875416015,0.011110638087512573
2026-04-28,5,0.010684281264885869,0.0068766629690852656,0.009516488650845912,0.011101270130833507,0.010833816271558917
2026-04-29,5,0.013374555661779098,0.006785923617977583,0.01030459570611361,0.011681007880424083,0.011317159798086398
2026-04-30,5,0.01320229586505605,0.007344345335540204,0.010084026638541311,0.010727755502794919,0.010775834921158528
2026-05-01,5,0.011463778024801573,0.007624633404051671,0.010135420571868498,0.011031027551571034,0.010891055740756807
2026-05-04,5,0.009529506191304292,0.009159922766564991,0.01059170944873005,0.012076154162646714,0.011596461369534305
2026-05-05,5,0.009728494174328136,0.010684281264885869,0.010296806477408198,0.010581036746652828,0.011205331512744063
2026-05-06,5,0.007028158428996509,0.013374555661779098,0.011486528387933136,0.011302848005666038,0.01155378410238517
2026-05-07,5,0.006750742027559504,0.01320229586505605,0.010947585191643844,0.011587702153378026,0.011677975882775783
2026-05-08,5,0.009645057102712722,0.011463778024801573,0.00968422452840163,0.010886071149597217,0.011107024211344255
2026-05-11,5,0.010258703907640412,0.009529506191304292,0.008957742416324056,0.011354884422094319,0.01119408765079697
2026-05-12,5,0.008601799922977842,0.009728494174328136,0.009500788684593786,0.01081149511233488,0.011159599090739717
2026-05-13,5,0.008566258591159651,0.007028158428996509,0.008924429871701507,0.010441761683465124,0.01065035066204619
2026-05-14,5,0.008283957684267991,0.006750742027559504,0.008664582819374397,0.010135153577869463,0.010249339473209816
2026-05-15,5,0.005699706726658824,0.009645057102712722,0.009959738088246465,0.010225985854200025,0.011043021672039292
2026-05-18,5,0.006979357949608007,0.010258703907640412,0.009674368521335812,0.0107688690647279,0.010819225552084052
2026-05-19,5,0.009393661622809898,0.008601799922977842,0.008718042771062846,0.010470854258358059,0.010860667669781214
2026-05-20,5,0.012334379520675023,0.008566258591159651,0.009306917215807842,0.010571972158441297,0.010505160151739865
2026-05-21,5,0.013771615070339676,0.008283957684267991,0.00862340219475313,0.0099128304498482,0.01006149680396504
2026-05-22,5,0.015726433567959008,0.005699706726658824,0.007800042411340599,0.00911790879249498,0.009296295512489861
2026-05-26,5,0.015456529068801402,0.006979357949608007,0.008490149103625258,0.009665113515644625,0.010014136485961516
2026-05-27,5,0.013974181466646324,0.009393661622809898,0.009145187770250399,0.013575543127111655,0.011904583561897832
2026-05-28,5,0.010922478083902641,0.012334379520675023,0.010472793046927225,0.011492068344864572,0.011092765020016476
2026-05-29,5,0.010724495879154123,0.013771615070339676,0.010736968285088704,0.010930293487562961,0.010940852418205181
2026-06-01,5,0.009985577101295311,0.015726433567959008,0.01116762725859181,0.011708179942094924,0.011320814938093511
2026-06-02,5,0.010459916542116005,0.015456529068801402,0.010981326923316966,0.010787963398790339,0.01081778703513453
2026-06-03,5,0.012615304033112267,0.013974181466646324,0.010420040249226858,0.010414504951793661,0.01068424869801788
2026-06-04,5,0.018155590070776877,0.010922478083902641,0.010092726092873509,0.009969376780792872,0.0101343584404724
2026-06-05,5,0.021749748472757787,0.010724495879154123,0.010182983332623723,0.012375340766333988,0.012072968217754457
2026-06-08,5,0.02325775636585449,0.009985577101295311,0.009682661799574785,0.010947019132664638,0.010982112376039924
2026-06-09,5,0.02214825982411085,0.010459916542116005,0.009905796556821441,0.011204933292138652,0.011427183560994364
2026-06-10,5,0.02147514351247165,0.012615304033112267,0.01074388667173711,0.014044398985606983,0.013163915633993037
2026-06-11,5,0.01859837463620276,0.018155590070776877,0.012878329507744922,0.011915692658138558,0.012223527150703614
2026-06-12,5,0.01740673632306085,0.021749748472757787,0.013756214790975711,0.011346213915460705,0.012101311191362558
2026-06-15,5,0.01638248841003643,0.02325775636585449,0.013878830204955502,0.011404460976742503,0.012214595229452296
2026-06-16,5,0.0183433617523956,0.02214825982411085,0.013227450846474342,0.011355376753552731,0.011508965517535384
2026-06-17,5,0.01606959922550053,0.02147514351247165,0.013380577666904465,0.012511679528735567,0.012994249963978724
2026-06-18,5,0.014115143342948838,0.01859837463620276,0.0137269519128804,0.012621058130747018,0.012399863293964175
2026-06-22,5,0.01091910902702672,0.01740673632306085,0.014064001740560987,0.011503312673188281,0.01169461756291802
2026-06-23,5,0.011529049176756498,0.01638248841003643,0.013645834290804331,0.012159403489209325,0.01210977922735735
2026-06-24,5,0.012960677046451636,0.0183433617523956,0.014311203548492916,0.014360455122980943,0.013772760437915206
2026-06-25,5,0.015305286902663744,0.01606959922550053,0.01286027221034203,0.012193973644254646,0.012640362490753973
2026-06-29,5,0.01606731967918494,0.01091910902702672,0.01268837021091938,0.01129601163385121,0.011590486060974044
2026-06-30,5,0.015153344548435567,0.011529049176756498,0.012786690486860134,0.011011390680723937,0.011549506679914551
2026-07-01,5,0.011305976109386787,0.012960677046451636,0.013465319366424942,0.011206813534985169,0.011751337009436272
2026-07-02,5,0.010153679620162863,0.015305286902663744,0.013514463508452982,0.01098093376919116,0.011466692146501284
2026-07-06,5,0.00843520406448629,0.015936858841417895,0.01405499437690005,0.010787927145933268,0.011418763858563231
2026-07-07,5,0.0089939293582786,0.01606731967918494,0.01397666283376056,0.011827205118030945,0.01178898867231462
2026-07-08,5,0.008584787105181818,0.015153344548435567,0.013804088703210817,0.011998557655133666,0.01220901815522326
2026-07-09,5,0.00948166387988771,0.011305976109386787,0.012227614464775816,0.01082714343891154,0.010822430062787202
2026-07-10,5,0.009768775573707896,0.010153679620162863,0.01213968472640953,0.00996361517203609,0.01039712653565651
2026-07-13,5,0.00854277775533475,0.00843520406448629,0.011877985324081493,0.011719180930526577,0.011433922350473056
2026-07-14,5,0.006364351491448318,0.0089939293582786,0.012171064777892406,0.010472684122736692,0.010735192400841977
2026-07-15,5,0.005979419984588833,0.008584787105181818,0.011272917993068586,0.010195857366263598,0.010404869767364324
2026-07-16,5,0.005385537593139968,0.00948166387988771,0.010943947186258263,0.011118119687708173,0.01112998750209048
2026-07-17,5,0.0049684027571667184,0.009768775573707896,0.010741524798286488,0.010509047985334356,0.010611868026508074
2026-07-20,5,0.005866632866603696,0.00854277775533475,0.010131961828149133,0.010084255325987274,0.010409262226467503
2026-07-21,5,0.0075069605488688905,0.006364351491448318,0.009363142666695228,0.009192245469299585,0.009593978640989655
2026-07-22,5,0.006935318887281459,0.005979419984588833,0.009134198673855332,0.009115232069815274,0.009707639200604214
2026-07-23,5,0.009129314401238712,0.005385537593139968,0.008389322119634102,0.01008453577329509,0.009932899779594957
2026-07-24,5,0.01037955461273363,0.0049684027571667184,0.008110396274778667,0.009558661951529195,0.009486499792023304
2023-02-17,22,0.007377299327423524,0.007346788940683183,0.007831683268923436,0.005866157508649697,0.005937848680277958
2023-02-21,22,0.008358366962620748,0.006922160828345571,0.007256384142593019,0.005780352328181434,0.006080533636809554
2023-02-22,22,0.008297092270313867,0.007056769739481252,0.007443082815171105,0.005832671498440058,0.005969895817754923
2023-02-23,22,0.008730664478722134,0.0069327604010520644,0.007158211604836636,0.005567008994779461,0.0057861349339096944
2023-02-27,22,0.009009473500188535,0.007088736737673704,0.006586635751087996,0.005213317926461205,0.005447714355762025
2023-02-28,22,0.009208630442687951,0.0071969481732969435,0.007000915471943338,0.005250842779918431,0.005464028234031006
2023-03-01,22,0.009262393378748176,0.007057802802406338,0.0068537628401368665,0.005256136773262487,0.00548553527755514
2023-03-02,22,0.009741279308983318,0.007067958172537464,0.006954770267216697,0.005249446933474469,0.005447016230021007
2023-03-03,22,0.009935814777135435,0.0067511768562420645,0.006955531689361466,0.005304346289117461,0.005501666230152784
2023-03-06,22,0.010073264304417734,0.006273081032288459,0.006716890908279064,0.005613565725868006,0.005751140722654932
2023-03-07,22,0.010169997989173476,0.005640458606683279,0.0062869594236316315,0.005425123991303691,0.005617161204476165
2023-03-08,22,0.010564404467736717,0.005243280700782943,0.005820722470338597,0.005190653599761926,0.005370671230890435
2023-03-09,22,0.010566837302970294,0.00500298225624514,0.005676349902668218,0.005438541329170198,0.005531786783951171
2023-03-10,22,0.010314417361371307,0.005484696004294068,0.006439637824775135,0.006520336549494101,0.006478346787156343
2023-03-13,22,0.009705939319389761,0.006316463968544285,0.007498143384110544,0.008482676836990452,0.008073717577479137
2023-03-14,22,0.010134636841777112,0.006083568137890552,0.007140460248754644,0.006966554120900238,0.007220079759213851
2023-03-15,22,0.01022601059334448,0.006117990606339519,0.00737066459556371,0.008463536971772764,0.008111316233849175
2023-03-16,22,0.009679952721740534,0.006521633931908291,0.007927519635634612,0.007205957673028329,0.007417657728348422
2023-03-17,22,0.009510676148753863,0.0071189411638345355,0.008452465278497355,0.010093417382058219,0.0095718211677626
2023-03-20,22,0.008813538836743868,0.007460449379769261,0.008500569334435638,0.00862536026627923,0.008842023783004761
2023-03-21,22,0.009073294721459001,0.007226419800722196,0.008068107429500596,0.007524188192545545,0.007889357350008534
2023-03-22,22,0.008530294274255713,0.007377299327423524,0.008602917684443536,0.008146178940111782,0.00819956655842789
2023-03-23,22,0.007790124577553209,0.008358366962620748,0.009431109973689216,0.009534816834482637,0.0092779297275576
2023-03-24,22,0.007740642535655753,0.008297092270313867,0.008747127422766591,0.008556311746819804,0.008640348301858237
2023-03-27,22,0.007525776719809544,0.008730664478722134,0.009110741816988609,0.008029046818078209,0.008238001606810475
2023-03-30,22,0.007578762604213519,0.009208630442687951,0.008917092162775917,0.007926445025944773,0.007884889942819053
2023-03-31,22,0.007610549529716351,0.009262393378748176,0.008932472527703447,0.007489686785252301,0.007524086130750505
2023-04-03,22,0.007642991312396581,0.009741279308983318,0.00942040483987371,0.00806209466507666,0.007949031410982878
2023-04-04,22,0.007691185675435597,0.009935814777135435,0.009487871476083884,0.008900991422792494,0.008715503895798015
2023-04-05,22,0.007478306567623149,0.010073264304417734,0.009392706400390648,0.008510125016126097,0.008409025096586554
2023-04-06,22,0.007315533735207513,0.010169997989173476,0.00926519961197453,0.008074710839110356,0.008049648911926121
2023-04-10,22,0.007199574974968253,0.010564404467736717,0.009656292663019327,0.0075969702863502905,0.007909675279398521
2023-04-11,22,0.007324616741432919,0.010566837302970294,0.009014550408246575,0.007500345503485458,0.007619493432307092
2023-04-12,22,0.007262043162307001,0.010314417361371307,0.009023256619650265,0.007366464368628561,0.007493534883999463
2023-04-13,22,0.006899361434819138,0.009705939319389761,0.008780346951236615,0.007481423521554894,0.0077027842962091135
2023-04-14,22,0.0066177360600704034,0.010134636841777112,0.009313558098994255,0.007084362185532417,0.0072952442293840345
2023-04-17,22,0.00631861584882493,0.01022601059334448,0.009252389500630226,0.006956945424159428,0.007184506377077918
2023-04-18,22,0.006865667814529346,0.009679952721740534,0.008647936287208433,0.007027008886295297,0.007142404074629074
2023-04-19,22,0.006190059630949955,0.009510676148753863,0.00921907230336674,0.007136292461835958,0.007257794567130155
2023-04-20,22,0.006165404160196161,0.008813538836743868,0.008274583739115623,0.007211412841083178,0.007225727137358776
2023-04-21,22,0.006072679527266996,0.009073294721459001,0.00850129441504583,0.0064657235513858255,0.006687594524385263
2023-04-24,22,0.0059560475654892135,0.008530294274255713,0.007942806574176958,0.006754003314387029,0.006821976613174417
2023-04-25,22,0.005875048636366255,0.007790124577553209,0.007939359085502544,0.007463642752140699,0.00733651258135116
2023-04-26,22,0.005873738179286585,0.007740642535655753,0.007232788937497867,0.006723653894619982,0.00697798263271786
2023-04-27,22,0.005988328532361966,0.007525776719809544,0.00760991892522239,0.006636226924500374,0.006911840522145441
2023-04-28,22,0.006068924148007053,0.007433753727337435,0.007409034524747334,0.006679584886080348,0.006697477279178507
2023-05-01,22,0.005850669058262405,0.0076815747671985166,0.008011268135255713,0.0066003375384446296,0.006787859810980341
2023-05-02,22,0.005943210043570421,0.007578762604213519,0.007869739886138259,0.00774519536108186,0.007563446642073744
2023-05-03,22,0.006080994775577071,0.007610549529716351,0.0079688832878782,0.007581891271145787,0.007503410573740736
2023-05-04,22,0.005374148129706857,0.007642991312396581,0.00833399585588169,0.008358142026683371,0.008208292819975578
2023-05-05,22,0.0052339985885398906,0.007691185675435597,0.008483937348499539,0.007238988490844879,0.0075154373020814005
2023-05-08,22,0.005430881081325255,0.007478306567623149,0.007844315616987013,0.007400321529622859,0.0075647610126706845
2023-05-09,22,0.005505440380797628,0.007315533735207513,0.00757663862250004,0.0073140603024947565,0.007528873544087668
2023-05-10,22,0.005373010025102572,0.007199574974968253,0.007704032465100187,0.007347027764882963,0.007458879868735323
2023-05-11,22,0.0055353937336312786,0.007324616741432919,0.007386472077551356,0.006759848662903654,0.006967129987326373
2023-05-15,22,0.006246956829269463,0.006899361434819138,0.0063331770411730205,0.006657032942942129,0.006785078993427706
2023-05-17,22,0.00628509898595587,0.00631861584882493,0.006018754671049896,0.006000381098785664,0.006345567444753925
2023-05-18,22,0.006047839135177039,0.006865667814529346,0.007121252848408016,0.006228401988735072,0.006524327844104726
2023-05-19,22,0.006316253977595979,0.006190059630949955,0.0063433410306581355,0.0063781135538356175,0.0066359026385444326
2023-05-22,22,0.0066570416931286585,0.006165404160196161,0.0062824890611447,0.0064756252110034565,0.006721894320966948
2023-05-24,22,0.006598784276229931,0.0059560475654892135,0.006186821129472312,0.006365380043854616,0.006675722472142231
2023-05-26,22,0.006903087804548051,0.005873738179286585,0.005378005477944918,0.00586208964660218,0.00586468990966938
2023-05-30,22,0.00672751195010137,0.005988328532361966,0.006611376731061355,0.006188082080723069,0.006210258726945078
2023-05-31,22,0.006640456842812635,0.006068924148007053,0.006719096687316508,0.006083304213592333,0.006156613622620045
2023-06-01,22,0.006559340590778649,0.005850669058262405,0.006957962413756756,0.006100984809167369,0.006212096149492304
2023-06-02,22,0.006427094503911125,0.005943210043570421,0.007064045040368811,0.00541874703317342,0.005713965898873553
2023-06-05,22,0.006357944997192463,0.006080994775577071,0.0073033829156808104,0.005726504638193477,0.0058840756383029495
2023-06-06,22,0.006553000598897592,0.005374148129706857,0.006494547366171005,0.005474439201048039,0.005645369255956973
2023-06-07,22,0.00632986468760921,0.0052339985885398906,0.006643492633430985,0.005341818956337192,0.00556854507935942
2023-06-08,22,0.006212966264630339,0.005430881081325255,0.006624022989798358,0.005498059224061529,0.005659053992731927
2023-06-09,22,0.006256343546107273,0.005505440380797628,0.006417007678301353,0.005310887791467288,0.005524063016505078
2023-06-12,22,0.006214489031537264,0.005373010025102572,0.00620786489192899,0.005334835513068175,0.005492471657177534
2023-06-13,22,0.006043596298620097,0.0055353937336312786,0.006609083658397245,0.005124132085858914,0.00540865486657833
2023-06-14,22,0.006226493836162308,0.005547168002385171,0.006446755037702646,0.005061241001309313,0.0052610896294736234
2023-06-15,22,0.005679203942342344,0.006246956829269463,0.007216386143500052,0.0054287820289907985,0.005480294138699664
2023-06-16,22,0.005638875138777041,0.006129802170446732,0.0069932685744667124,0.00513644562360752,0.005299864594460265
2023-06-20,22,0.005533395438996535,0.00628509898595587,0.007165480085334599,0.005229280911786,0.005351208204164838
2023-06-21,22,0.005208544157824757,0.006047839135177039,0.007047997045816372,0.005290744772490046,0.005406730287116117
2023-06-22,22,0.005051667166184736,0.006316253977595979,0.007233888010332575,0.00516883861847511,0.005351385533671647
2023-06-23,22,0.004826595330943883,0.0066570416931286585,0.007227857822469627,0.005202437289014043,0.005325062438670571
2023-06-26,22,0.004899921709593159,0.0065000429343110245,0.007011630796012279,0.005380356315075807,0.00548175047021494
2023-06-27,22,0.004903237180139731,0.006598784276229931,0.006999331387264335,0.005095680688319085,0.0053141086906053
2023-06-29,22,0.004745841074176397,0.006903087804548051,0.00729328523225236,0.0049305965986674374,0.005061170237803903
2023-06-30,22,0.004778567496215687,0.00672751195010137,0.007111756392076452,0.004878218713098059,0.004990195537652262
2023-07-03,22,0.0046961898902210504,0.006640456842812635,0.0071229190282889624,0.004935831954059544,0.005097959402363343
2023-07-05,22,0.004815489512687768,0.006559340590778649,0.007288400717751179,0.005121427984316534,0.005248036029314133
2023-07-06,22,0.004682048893145759,0.006427094503911125,0.007167021094207898,0.005058192623742454,0.005145085856958288
2023-07-07,22,0.004472012825428372,0.006357944997192463,0.007079505657411403,0.005071760028152696,0.005183431469734921
2023-07-10,22,0.004367984441841478,0.006553000598897592,0.0071607258182456515,0.0052473317605542386,0.005267587781608756
2023-07-11,22,0.004460958964914276,0.00632986468760921,0.006964893597690947,0.005183211729863135,0.0053023992403158915
2023-07-12,22,0.0043902132914551365,0.006212966264630339,0.006738783255008215,0.0054023046067229515,0.005466985423208981
2023-07-13,22,0.00437925369228634,0.006256343546107273,0.006713585128934191,0.005340402871834021,0.005391359626038741
2023-07-14,22,0.0044835070604073105,0.006214489031537264,0.006494749573795317,0.004860916734480693,0.005044788297928861
2023-07-17,22,0.004485190556659162,0.006043596298620097,0.006376387504189825,0.004948641807417153,0.005086657048918745
2023-07-18,22,0.004351659194158068,0.006226493836162308,0.0067943447191389,0.005189544968021644,0.005317979203232883
2023-07-19,22,0.004443474690336851,0.005679203942342344,0.006255023033464593,0.005331020196549084,0.005385800938506429
2023-07-20,22,0.0044868849482403664,0.005638875138777041,0.006218520968759504,0.005012313687954787,0.0051978927465679125
2023-07-21,22,0.004404991748746381,0.005533395438996535,0.006168023856047727,0.005071427613190501,0.005165233151003354
2023-07-24,22,0.004700677728662592,0.005208544157824757,0.005633404362330864,0.004914714104070337,0.005094272643848679
2023-07-25,22,0.004568432621827097,0.005051667166184736,0.005404396171910514,0.004809002725945559,0.004990038544432774
2023-07-26,22,0.004465350403431176,0.004826595330943883,0.005314968577349269,0.004796207431096565,0.004962000477314942
2023-07-28,22,0.004352532428112013,0.004903237180139731,0.005382793817465696,0.004752687196754108,0.004850837593427392
2023-07-31,22,0.004161110587767901,0.005016812739223002,0.005942646947841522,0.005051509772943767,0.005132913547304543
2023-08-01,22,0.004010533368653305,0.004745841074176397,0.00567376857262457,0.004762541813056518,0.004952581339907197
2023-08-02,22,0.003989488084645884,0.004778567496215687,0.005996836959578999,0.005141614370164703,0.0052604511408301715
2023-08-03,22,0.003986432361163751,0.0046961898902210504,0.005790613052913965,0.005185552805295054,0.0053430595251766945
2023-08-04,22,0.003665981834977399,0.004815489512687768,0.006192782801180262,0.005170547864875844,0.005240408978497578
2023-08-07,22,0.003605412258304423,0.004682048893145759,0.005859290273599414,0.004980247943231963,0.0051663368450707604
2023-08-08,22,0.0036458320955363556,0.004472012825428372,0.00568015608956934,0.005026297327252491,0.005151406879097894
2023-08-09,22,0.0036182798272592635,0.004367984441841478,0.0055530578261655346,0.004836617658827038,0.005030554375875729
2023-08-10,22,0.0033861643014419796,0.004460958964914276,0.005762283414739434,0.004721758031822467,0.004929335513181712
2023-08-11,22,0.0034081245749758783,0.0043902132914551365,0.005297459636131813,0.00445650293649589,0.004691496148928345
2023-08-14,22,0.0033639672538229737,0.00437925369228634,0.005394936851387383,0.004690935931851641,0.00485302818483559
2023-08-15,22,0.0034422932335427788,0.0044835070604073105,0.005611689425871502,0.004848038121375524,0.004941472114652221
2023-08-16,22,0.003347455273972392,0.004485190556659162,0.0056242366043692624,0.004834586644563282,0.004999256343585166
2023-08-17,22,0.0030973507008398974,0.004351659194158068,0.005592933555451426,0.004948766772701355,0.005144150720491961
2023-08-18,22,0.003411677250055899,0.004443474690336851,0.005666827336863102,0.004918280148140434,0.005109971552966725
2023-08-21,22,0.0037387442411437287,0.0044868849482403664,0.00568308831083464,0.00491089891828568,0.005198477831822037
2023-08-22,22,0.0038411582708572822,0.004404991748746381,0.005382251549225481,0.004869510329142349,0.005034747252101009
2023-08-23,22,0.003686395267507713,0.004700677728662592,0.005798979245430327,0.004956722942470881,0.005130772174647046
2023-08-24,22,0.00393626453346218,0.004568432621827097,0.0052730060643746655,0.0048415230622883025,0.005054224733552955
2023-08-25,22,0.004099551165500731,0.004465350403431176,0.005020655304725385,0.004493993545179434,0.004767944977581519
2023-08-28,22,0.004248598510835131,0.00441418371532992,0.005091286528212023,0.0046170780685540315,0.004816764457647372
2023-08-29,22,0.004571808501102663,0.004352532428112013,0.005062150928804249,0.0049366885066357115,0.005006708024845475
2023-08-30,22,0.004699314743493405,0.004161110587767901,0.0047371292655569615,0.004707487156341825,0.004873581596008984
2023-08-31,22,0.005020637399597299,0.004010533368653305,0.00422967020242672,0.004457276919128244,0.004662783493417342
2023-09-01,22,0.004915353308970985,0.003989488084645884,0.005023713280472293,0.004437524926189391,0.004641259470807473
2023-09-05,22,0.004979775321588229,0.003986432361163751,0.004957689695295013,0.004452998043273807,0.004653960014371706
2023-09-06,22,0.005272325407588227,0.003665981834977399,0.004759488634222034,0.004432951134139046,0.004630214730383184
2023-09-07,22,0.00571820598966819,0.003605412258304423,0.004648637924249163,0.004384828824704564,0.0045748296651238205
2023-09-08,22,0.005803951652259318,0.0036458320955363556,0.0048843631059380015,0.004373718449510951,0.004589632702762824
2023-09-11,22,0.0058683143207315545,0.0036182798272592635,0.0047186682370902264,0.004272977611285137,0.004477589702468848
2023-09-12,22,0.0060786530570118985,0.0033861643014419796,0.00437366934274587,0.004225852424891491,0.004435138895692947
2023-09-13,22,0.00634148423107016,0.0034081245749758783,0.004441397359927337,0.0041019355694702645,0.004282614213978609
2023-09-14,22,0.006640200546390728,0.0033639672538229737,0.0044901910240694775,0.004126247242889343,0.0042880367473347525
2023-09-15,22,0.006504075677842744,0.0034422932335427788,0.0047903863844504825,0.004271225353475117,0.004441526220252386
2023-09-18,22,0.006750785919653088,0.003347455273972392,0.004604422001755231,0.004518354590944476,0.0046539998223101035
2023-09-19,22,0.007207799378084477,0.0030973507008398974,0.004368749281227382,0.004438480786287127,0.004625910203830419
2023-09-20,22,0.0070135851307156554,0.003411677250055899,0.0050874697321798765,0.0046556634516993775,0.004754757056780444
2023-09-21,22,0.006628505395810873,0.0037387442411437287,0.005557826532663463,0.004752863655748078,0.004835100390164884
2023-09-26,22,0.006187802552280424,0.00393626453346218,0.0059488059053140665,0.005831212706783794,0.005816152646160818
2023-09-29,22,0.006120237054253138,0.004571808501102663,0.006118371145597198,0.005272659700709752,0.00537040066764046
2023-10-02,22,0.006011502770118739,0.004699314743493405,0.006097290656111206,0.0055038609569686885,0.005635686268383778
2023-10-03,22,0.0060315525872445324,0.005020637399597299,0.006311638846983333,0.005973177307885517,0.0060517277923134586
2023-10-04,22,0.005877589624945278,0.004915353308970985,0.006170045149593244,0.005735637171469544,0.0058486742214374195
2023-10-05,22,0.005914431351155902,0.004979775321588229,0.006151048523402072,0.005697948047238358,0.005857773688619025
2023-10-06,22,0.005912507007170337,0.005272325407588227,0.006387406401485941,0.005484109772311167,0.0056797746642648994
2023-10-09,22,0.005624717928740546,0.00571820598966819,0.006847040752120513,0.006003472701412142,0.006152149534374848
2023-10-10,22,0.0056462038258899595,0.005803951652259318,0.006771143928223589,0.005943805923318933,0.005994215290877322
2023-10-11,22,0.00552551009957379,0.0058683143207315545,0.006797151136798876,0.005825756144819555,0.005951233434340488
2023-10-12,22,0.005557203659118257,0.0060786530570118985,0.006946358555710666,0.005672040381044878,0.005841049069256863
2023-10-13,22,0.0056893568575358665,0.00634148423107016,0.007116665063016869,0.007433847158674574,0.007444070936423666
2023-10-16,22,0.005294152323794675,0.006640200546390728,0.007237890193932984,0.006334675542670346,0.006550484427610926
2023-10-17,22,0.005223993975237985,0.006504075677842744,0.0070618572562534294,0.006458435231096705,0.006674771168886363
2023-10-18,22,0.004944247994522844,0.006750785919653088,0.007349834246707511,0.006941108481983432,0.007051366885491607
2023-10-19,22,0.0046870036651418786,0.007207799378084477,0.007789012936428193,0.007845542907438247,0.007891760112622125
2023-10-20,22,0.004742848729729551,0.0070135851307156554,0.007631225298757877,0.007698843075018845,0.007711434243877417
2023-10-23,22,0.004616524573767602,0.006628505395810873,0.007169506202701001,0.00718595700774826,0.007238162543540238
2023-10-24,22,0.004522560709428932,0.006449109834481772,0.0069845420882424835,0.0068130417576875565,0.0068222008300621965
2023-10-25,22,0.004613121576574574,0.006276856111613598,0.0067083969187729945,0.006916316852386015,0.007052196406537548
2023-10-26,22,0.005091968057646679,0.006187802552280424,0.006456772043336401,0.006955858500182148,0.006939730980035814
2023-10-30,22,0.0049133677813925185,0.00629531080184416,0.006691144834966002,0.007008810582612202,0.007140394469733704
2023-10-31,22,0.004974175923567926,0.006120237054253138,0.006623764808490949,0.00688160183530481,0.0069881460909980795
2023-11-01,22,0.006515885407751353,0.006011502770118739,0.006536973783761679,0.006720034912280485,0.0067319049838831645
2023-11-02,22,0.006644790738462524,0.0060315525872445324,0.006756583751140767,0.006446648485962368,0.006546029993198012
2023-11-03,22,0.0067871465593877505,0.005877589624945278,0.006343852678352501,0.00629753519140917,0.00625890634206207
2023-11-06,22,0.006715694347157736,0.005914431351155902,0.006370135933375098,0.005719169111359557,0.005830491376648007
2023-11-07,22,0.006639126057705215,0.005912507007170337,0.0065768343699509355,0.005946790211916646,0.005890012283902418
2023-11-08,22,0.006607701400931931,0.005624717928740546,0.0063977344361181585,0.006000729713154771,0.006045343064802628
2023-11-09,22,0.00667709294062402,0.0056462038258899595,0.00639957652941687,0.005996299086498116,0.006042366873945274
2023-11-10,22,0.00758422488416969,0.00552551009957379,0.006251806293955133,0.005660310803447721,0.005807133339781436
2023-11-13,22,0.008314573826989805,0.005557203659118257,0.006404485839119021,0.005795118650905909,0.0058703378222660545
2023-11-14,22,0.008221229145146216,0.0056893568575358665,0.006630207269066509,0.005879746355167106,0.005918955778511447
2023-11-15,22,0.008377353775866325,0.005294152323794675,0.005914263357343966,0.005186345389081033,0.00546109727288855
2023-11-16,22,0.008425160066826667,0.005223993975237985,0.00597640759661253,0.005441853458615488,0.00552393301667619
2023-11-17,22,0.008474084801405664,0.004944247994522844,0.005712981891137997,0.005202475692806246,0.005377474869387257
2023-11-20,22,0.008446881577028472,0.0046870036651418786,0.005619290884419657,0.005069942949587706,0.0052205326572656524
2023-11-21,22,0.008527913993607271,0.004742848729729551,0.005628909955074602,0.00568260360138593,0.0057438200297106334
2023-11-22,22,0.008601848292271065,0.004616524573767602,0.005378567507905219,0.005541283632333457,0.005446764621736588
2023-11-24,22,0.008799972343211638,0.004522560709428932,0.005210790418564696,0.005245767216795415,0.005327200290227368
2023-11-27,22,0.008885143120108591,0.004613121576574574,0.005564212122895952,0.005529060027320727,0.005535518705230347
2023-11-28,22,0.008379662683751213,0.005091968057646679,0.006355465950552167,0.006811076315278816,0.0064301341816605075
2023-11-29,22,0.008399659569182663,0.005103413957732867,0.006131141892381874,0.006361462321495816,0.006282115705830781
2023-11-30,22,0.008911142814249184,0.0049133677813925185,0.006099961790798719,0.0058899612292579225,0.006014282772439943
2023-12-01,22,0.00882877208096014,0.004974175923567926,0.006338765818291133,0.007149413173235899,0.007047780078878135
2023-12-04,22,0.007252786706669869,0.006515885407751353,0.00832137038917799,0.007241246297990029,0.007335269582007084
2023-12-05,22,0.007394161154456434,0.006644790738462524,0.008081755659460323,0.006800312796193517,0.006817381827244518
2023-12-06,22,0.007379919394275643,0.0067871465593877505,0.008050215429627732,0.006742697584674913,0.006817414484820262
2023-12-07,22,0.007427369212558554,0.006715694347157736,0.0079651337084648,0.006560330310888665,0.006664695981049765
2023-12-08,22,0.007206353316158117,0.006639126057705215,0.00801210666268604,0.0059996697709508735,0.006258602992943103
2023-12-11,22,0.007556534665445739,0.006607701400931931,0.006975374541172679,0.005843465805731561,0.005987906235630131
2023-12-12,22,0.007468293524786842,0.00667709294062402,0.007002208582527414,0.0053560117051949605,0.005547919014617519
2023-12-13,22,0.006465802794914937,0.00758422488416969,0.008268765493201482,0.006079813257985143,0.006072988354407204
2023-12-14,22,0.00572642838703168,0.008314573826989805,0.009144296909397455,0.006272650401380658,0.006375794236825782
2023-12-15,22,0.005639030849653328,0.008221229145146216,0.008966782695638205,0.0060367679404335125,0.006150954668566756
2023-12-18,22,0.005573480476200787,0.008377353775866325,0.008926477311939372,0.006278563525587335,0.006310860901559778
2023-12-19,22,0.005623854813730127,0.008425160066826667,0.00889602817336908,0.006285034190804629,0.006323696246318142
2023-12-20,22,0.005812811749576058,0.008474084801405664,0.008302303378085261,0.0061230608880253,0.006127632362947098
2023-12-21,22,0.005806379782555753,0.008446881577028472,0.0076088623353579195,0.005985944908542676,0.0060655355906519505
2023-12-22,22,0.00545692190946524,0.008527913993607271,0.00788637489925489,0.0063179154717228165,0.006428008840977035
2023-12-26,22,0.005582428651341616,0.008601848292271065,0.007664141663112434,0.006581391534669611,0.00659624675760733
2023-12-27,22,0.005755044379142051,0.008799972343211638,0.007906090646903563,0.006916939132566188,0.006956319185647042
2023-12-28,22,0.005804558196008625,0.008885143120108591,0.008161795921137006,0.0065254567194587285,0.006663500908922723
2023-12-29,22,0.006231993811381375,0.008379662683751213,0.007784965704545235,0.006506696158433426,0.006608141359197767
2024-01-02,22,0.00632798460050165,0.008399659569182663,0.007668352667129053,0.006151459637891886,0.006366201837399708
2024-01-03,22,0.006020497312798019,0.008911142814249184,0.008619323832951418,0.006262966492643712,0.006380248691333892
2024-01-04,22,0.005948418767132966,0.00882877208096014,0.008328081974968333,0.0060386742958002575,0.006165952557208528
2024-01-05,22,0.0059633463304805045,0.007252786706669869,0.007343257808145856,0.005759790319891956,0.0059357471108715506
2024-01-08,22,0.005684168509193422,0.007394161154456434,0.00798174777236945,0.005891045723858138,0.005942012461395507
2024-01-09,22,0.005616624989568244,0.007379919394275643,0.0077795973376205045,0.005729892809416801,0.005865262281017229
2024-01-10,22,0.005615850748659625,0.007427369212558554,0.0074259802310288996,0.005707438764315439,0.005815870389554482
2024-01-11,22,0.005847256550509209,0.007206353316158117,0.007059030254874886,0.005598463295586316,0.005634014851817342
2024-01-12,22,0.005463490066903054,0.007556534665445739,0.007867179310901896,0.0060684730341745595,0.006043735569495778
2024-01-16,22,0.005428017398090902,0.007468293524786842,0.007418331769522834,0.005719777585080938,0.005826237654062298
2024-01-17,22,0.00569350109954707,0.006465802794914937,0.006349668573574052,0.005519334146706369,0.005678688486694591
2024-01-18,22,0.005562244039075984,0.00572642838703168,0.006401560309762443,0.0054891927216870525,0.005535182026284873
2024-01-19,22,0.005273729724308047,0.005639030849653328,0.006552530493632527,0.005408965515666055,0.005550816512698851
2024-01-22,22,0.005407353854135277,0.005573480476200787,0.006032044079722765,0.005246481801258614,0.005397362091193949
2024-01-23,22,0.005559652369666602,0.005623854813730127,0.006154564458367168,0.005250824093222263,0.005390371598882762
2024-01-24,22,0.005419877640719119,0.005812811749576058,0.006575708286657032,0.005233246920428598,0.005416516064174615
2024-01-25,22,0.005410675041031172,0.005806379782555753,0.006421063112866173,0.005431866675511808,0.005448901513433626
2024-01-26,22,0.005509180494716855,0.00545692190946524,0.006019407426058671,0.004807692697405509,0.005017402732897877
2024-01-30,22,0.005206007416579857,0.005755044379142051,0.006614200943672348,0.005495024803352981,0.005546848681674817
2024-01-31,22,0.005160361071206848,0.005804558196008625,0.0066572896500998275,0.0056389920029355925,0.005625438939415914
2024-02-01,22,0.004807447071602051,0.006231993811381375,0.00730563706197572,0.006114524040082866,0.006039185749984568
2024-02-02,22,0.004623685204267922,0.00632798460050165,0.007482151296810669,0.005462014299552987,0.005619955159160584
2024-02-05,22,0.004413546394539097,0.006020497312798019,0.007322478188291666,0.005362248718404827,0.005518887655156
2024-02-06,22,0.004775547398535635,0.005948418767132966,0.006947587227927608,0.005486014696249323,0.005525834970060989
2024-02-07,22,0.004764342241653971,0.0059633463304805045,0.006808319366804725,0.005204752099004578,0.005300392815362605
2024-02-08,22,0.004505656962040894,0.005684168509193422,0.006579410838483726,0.005047193802848335,0.005177242200758037
2024-02-09,22,0.004408413469618961,0.005616624989568244,0.006264660932883331,0.004844747189622326,0.004951170262819569
2024-02-12,22,0.004447205930455025,0.005615850748659625,0.0061290290517934005,0.004924483153081629,0.005040937255688796
2024-02-13,22,0.004177267113393362,0.005847256550509209,0.006461815109801219,0.004956027174020916,0.005141942305880003
2024-02-14,22,0.004254669097488041,0.005463490066903054,0.006205253899366458,0.005068902112221874,0.005178509042910374
2024-02-15,22,0.0041480534636631605,0.005428017398090902,0.006123771256226723,0.004946117567472024,0.005061137334189564
2024-02-16,22,0.004492680706800356,0.00569350109954707,0.006415955262824893,0.004951734518910479,0.005072278956601602
2024-02-20,22,0.005406214514925838,0.005562244039075984,0.006186054451087538,0.005027884398639876,0.0051488567226443595
2024-02-21,22,0.005508674901298542,0.005273729724308047,0.005499522002595785,0.004724052867270117,0.0048731605923901826
2024-02-22,22,0.005499957884111789,0.005407353854135277,0.0059713438532680635,0.00461882792364948,0.004857995173410088
2024-02-23,22,0.005273907040731188,0.005559652369666602,0.006304558935511377,0.0050076868155244005,0.005037425283727837
2024-02-26,22,0.005420363227235907,0.005419877640719119,0.006049638393774455,0.00476112301089974,0.004905779051112174
2024-02-27,22,0.00586463141227641,0.005410675041031172,0.006064743264036622,0.004607812032340136,0.004805814969383235
2024-02-28,22,0.006344447691849026,0.005509180494716855,0.006327813503973898,0.004837735991590428,0.004862780784586171
2024-02-29,22,0.00673183974016008,0.005438332286304103,0.0062122534033925,0.0048333051773532185,0.004900945535337916
2024-03-01,22,0.007141628269155326,0.005206007416579857,0.005880031916173851,0.005662244375082117,0.005638772390427791
2024-03-04,22,0.007160390568578519,0.005160361071206848,0.006037386446765222,0.006012161698187976,0.006082608427306908
2024-03-05,22,0.007698935488722704,0.004807447071602051,0.005816438666594957,0.006221134303772628,0.0061526149631792315
2024-03-06,22,0.007834876532045214,0.004623685204267922,0.005656527952010907,0.0062540383582593275,0.006309631052939243
2024-03-07,22,0.008110363930240966,0.004413546394539097,0.005566934004664457,0.006232700182850707,0.006310422954950664
2024-03-08,22,0.00799626157477978,0.004775547398535635,0.0061342609358770285,0.00651391734580941,0.006603499353817702
2024-03-11,22,0.008537244872278874,0.004764342241653971,0.0058173103179936575,0.0064897699339582175,0.006574252782385146
2024-03-12,22,0.009868523507083374,0.004505656962040894,0.005433390817823357,0.00574603279723903,0.005979452800563664
2024-03-13,22,0.010666582649023969,0.004408413469618961,0.00526213556117735,0.005937559331902665,0.006036038184657718
2024-03-14,22,0.010865187972005351,0.004447205930455025,0.005525827342568886,0.005680473610451038,0.005803786505024224
2024-03-15,22,0.011121473658071708,0.004177267113393362,0.004609928572143982,0.005325441218921991,0.005556328351702924
2024-03-18,22,0.011014512091461717,0.004254669097488041,0.00502249045897245,0.005676911155364666,0.005747154448119293
2024-03-19,22,0.011087872291380998,0.0041480534636631605,0.004943585265402271,0.005573305235106629,0.0056303999170340645
2024-03-20,22,0.010920191013226692,0.004492680706800356,0.005883413462062107,0.005867832029715534,0.005952870031464447
2024-03-21,22,0.010537441346417228,0.005406214514925838,0.007046778375191309,0.005982652043646098,0.006161192813545996
2024-03-22,22,0.010649555463145593,0.005508674901298542,0.006866251960065881,0.0057441762142645585,0.005810335739881147
2024-03-25,22,0.010775005651922827,0.005499957884111789,0.006953604091470851,0.005696265233612095,0.005759632905028913
2024-03-26,22,0.010977836612142,0.005273907040731188,0.006802301647915025,0.0062214448343155095,0.005905873196671354
2024-03-27,22,0.010867839640677723,0.005420363227235907,0.006826871467375494,0.0063101444739439025,0.006208840088545862
2024-03-28,22,0.01070404144680575,0.00586463141227641,0.006876033240229841,0.0067080800021623995,0.006733075875625259
2024-04-01,22,0.010684227881483627,0.006344447691849026,0.007555738555750821,0.0069797422061330175,0.007078661661058308
2024-04-02,22,0.01065805449489025,0.00673183974016008,0.007938169958389042,0.00748047353606005,0.007492932192544438
2024-04-03,22,0.010505224788343398,0.007141628269155326,0.008396194533306865,0.007816805069724254,0.007763256254642477
2024-04-04,22,0.010682161187456447,0.007160390568578519,0.0083067826067096,0.007708225143144821,0.007669031639176172
2024-04-05,22,0.009998331897865495,0.007698935488722704,0.00880531620590838,0.007515577313636151,0.007587402964386342
2024-04-08,22,0.010153135427177901,0.007834876532045214,0.008532370616717517,0.007798943226564014,0.007898303327036836
2024-04-09,22,0.009958247497530803,0.008110363930240966,0.00869803669522575,0.007934236724855185,0.007991690891776555
2024-04-10,22,0.010044481457523556,0.00799626157477978,0.008470499307763757,0.007720674851928588,0.007970623276168497
2024-04-11,22,0.009513395169279154,0.008537244872278874,0.009042000931798008,0.008251768283877477,0.008278920568575359
2024-04-12,22,0.008214421720524273,0.009868523507083374,0.010199764433496659,0.009053653331747147,0.008937616882934296
2024-04-15,22,0.0076227292336080036,0.010666582649023969,0.010757697221179459,0.00988592745422014,0.009730238742358326
2024-04-16,22,0.00723929390621447,0.010865187972005351,0.010719197343010993,0.009422444521798194,0.009273221694811538
2024-04-17,22,0.007161379001517848,0.011121473658071708,0.01069719683946177,0.008837321426117576,0.008756382075224537
2024-04-18,22,0.007312319022068896,0.011014512091461717,0.010219015265294252,0.008459207574241106,0.008496735830804564
2024-04-19,22,0.007228591768829978,0.011087872291380998,0.009513376082456945,0.00817704303421949,0.008164822345030565
2024-04-22,22,0.007246253112385555,0.010920191013226692,0.009252458779451482,0.0075617254086631225,0.007687256496937167
2024-04-23,22,0.00689012500452839,0.010537441346417228,0.009365511010173466,0.00772904673463407,0.007736586945897678
2024-04-24,22,0.006843882159630668,0.010649555463145593,0.009174227231396432,0.0075314259429480925,0.007619421583924034
2024-04-25,22,0.006681680191807751,0.010775005651922827,0.009510312636192852,0.007511575516970978,0.0075968395152848905
2024-04-26,22,0.006607654276861058,0.010977836612142,0.009757235696497038,0.007377718381225967,0.007469126210108204
2024-04-29,22,0.006837574770489066,0.010867839640677723,0.00943052715413182,0.007382219666096933,0.007392826553905577
2024-04-30,22,0.006775150372977066,0.01070404144680575,0.009298957381441998,0.006866688649270217,0.0070057261256252406
2024-05-01,22,0.006445087825928841,0.010684227881483627,0.009737118404159138,0.006925514156546995,0.007014726303527059
2024-05-02,22,0.006268748232447246,0.01065805449489025,0.009817607271319799,0.0068813704158382305,0.006995606220790675
2024-05-03,22,0.005841689832621849,0.010505224788343398,0.009756540222884837,0.006786073969679229,0.006848446698209122
2024-05-06,22,0.005503920707482505,0.010682161187456447,0.010047244017184008,0.006984882727520159,0.007044068366394266
2024-05-07,22,0.006547041984157755,0.009998331897865495,0.009073842118137417,0.006598141446482826,0.006774067040902006
2024-05-09,22,0.006508109756782495,0.009958247497530803,0.00888515869085259,0.0066761918995077085,0.006773713640957483
2024-05-13,22,0.0069507491914409065,0.009513395169279154,0.007784062347643784,0.006396604470571726,0.0065621311027384815
2024-05-14,22,0.006928073075687143,0.008214421720524273,0.007559817463262207,0.006432217240268795,0.006623181684205291
2024-05-15,22,0.0068645307693639655,0.0076227292336080036,0.007466520138079875,0.006718707057454024,0.006878616676898245
2024-05-16,22,0.00676135512512793,0.00723929390621447,0.006905396980579227,0.006185132166060404,0.006478832226794406
2024-05-17,22,0.006635227375728308,0.007161379001517848,0.006976864930551206,0.006572960603608479,0.006832879245280646
2024-05-20,22,0.006817305188989614,0.007312319022068896,0.007179105512423476,0.0070889482616674675,0.007142826690992851
2024-05-21,22,0.006901819673734453,0.007228591768829978,0.006889029788116935,0.006633323777593083,0.0068361294564231135
2024-05-22,22,0.0066911055893300484,0.007246253112385555,0.0072796297990715495,0.00650924149276151,0.006725422374999964
2024-05-23,22,0.006612440778584632,0.00689012500452839,0.007282700475533521,0.006424617779773188,0.006573173959853237
2024-05-24,22,0.006708912488513521,0.006843882159630668,0.0071542208745540665,0.0059867042033322215,0.0062613063117181195
2024-05-28,22,0.00676927243262037,0.006681680191807751,0.007044851679861765,0.006296288952685252,0.00649410386878529
2024-05-30,22,0.006316111312529302,0.006837574770489066,0.007345611278034315,0.006624437772437458,0.006593986635742622
2024-05-31,22,0.006134815109656658,0.006775150372977066,0.007354280641940149,0.00629551991923641,0.0064121203478282015
2024-06-03,22,0.005843457851321111,0.006445087825928841,0.007355770853495234,0.006738203239018654,0.006752942812524445
2024-06-04,22,0.00570891305326397,0.006268748232447246,0.007398500516576587,0.006691626829080488,0.006757549891744713
2024-06-05,22,0.005796510718542998,0.005841689832621849,0.006712209156110759,0.006719776579038947,0.006803868155899597
2024-06-06,22,0.005775621458405119,0.005503920707482505,0.006520360894398403,0.006724383544211587,0.006867766871377846
2024-06-07,22,0.005018157004949466,0.006547041984157755,0.007703761887629843,0.006669793889625977,0.006923127611540131
2024-06-10,22,0.005098159598481725,0.006560022744585253,0.0074978793448199944,0.006572763994762841,0.0067445476549669045
2024-06-11,22,0.0051979493438042415,0.006508109756782495,0.007340454191383521,0.006554320955660475,0.006749128538792154
2024-06-12,22,0.004980538565432551,0.006514323247305934,0.007524185435323318,0.006524024161003094,0.006663268754546181
2024-06-13,22,0.004587409073576803,0.0069507491914409065,0.008090182929562224,0.006346579596040524,0.006522536859886159
2024-06-14,22,0.00462148593232729,0.006928073075687143,0.007399618650544938,0.006382636275834294,0.006553009397942703
2024-06-17,22,0.004996492334793814,0.0068645307693639655,0.007365989262587044,0.0059072292812559855,0.0062165898425682025
2024-06-18,22,0.005109764020371653,0.00676135512512793,0.006718799969789845,0.0060080030963668716,0.006202530461265271
2024-06-20,22,0.005231593720288481,0.006635227375728308,0.006736242511503577,0.00612720223728191,0.00637984659094118
2024-06-21,22,0.005111042996613945,0.006817305188989614,0.006867871103463046,0.005928104650613207,0.006203296050225156
2024-06-24,22,0.0058456059462676955,0.006901819673734453,0.006789512367190688,0.005975355673040998,0.006219942033103414
2024-06-25,22,0.005976995409317548,0.0066911055893300484,0.0067529116601745985,0.005786703123985218,0.0060246666628665695
2024-06-26,22,0.005980163529481775,0.006612440778584632,0.00698076551211675,0.005655239511264149,0.006006079862702051
2024-06-27,22,0.006062870347271598,0.006708912488513521,0.007199644095552354,0.006074735039430512,0.006216061171376154
2024-06-28,22,0.00638626359608693,0.00676927243262037,0.007080517743742985,0.005920220434861026,0.006084772218544496
2024-07-01,22,0.006755182463326177,0.006585170439291457,0.0068352881969651865,0.0059601133691560065,0.006136241162407822
2024-07-02,22,0.007482507276370307,0.006316111312529302,0.00661324100691834,0.005726652731933396,0.005926037912157202
2024-07-03,22,0.008382886374865653,0.006134815109656658,0.006510666158336727,0.0060295085346397164,0.006164911794132391
2024-07-05,22,0.00881462706524121,0.005843457851321111,0.006062973007316275,0.0061385349484085775,0.00627590251670607
2024-07-08,22,0.008790817615638135,0.00570891305326397,0.006090213075179987,0.00578173413974831,0.0060149014588455054
2024-07-09,22,0.00878448175586409,0.005796510718542998,0.006113476393507872,0.0058025036262461275,0.00602988774115545
2024-07-10,22,0.008731927409021883,0.005775621458405119,0.006169981494602865,0.00588627830019253,0.0061204002256692695
2024-07-11,22,0.008859852644193407,0.005018157004949466,0.005756673454058403,0.006324676601881881,0.006458478012786749
2024-07-12,22,0.00862219720257046,0.005098159598481725,0.006159048814930396,0.006225587144126148,0.006329079274472975
2024-07-15,22,0.008488154074648993,0.0051979493438042415,0.006275421347010816,0.006564563240397093,0.006711517051364714
2024-07-16,22,0.008962688784960919,0.004980538565432551,0.005927967765392411,0.006985279168946938,0.007052687027577514
2024-07-17,22,0.009230187576655505,0.004587409073576803,0.005800240414247766,0.006735976453649772,0.006918193341962367
2024-07-18,22,0.009398950909611478,0.00462148593232729,0.005835046661391416,0.006475225642252229,0.006696198414003701
2024-07-19,22,0.009135579846533529,0.004996492334793814,0.00636368474980485,0.006461634116533505,0.006698608724006946
2024-07-22,22,0.009154974677253971,0.005109764020371653,0.006074662407650649,0.00627028447140148,0.006537329116987758
2024-07-23,22,0.009249107678684303,0.005231593720288481,0.006310108799008209,0.006452269959411706,0.006536923486584027
2024-07-24,22,0.009061746364536057,0.005111042996613945,0.006375059775288595,0.006696128487889713,0.006813676940384143
2024-07-25,22,0.008278704925306335,0.0058456059462676955,0.007392040729446166,0.006581942305920018,0.006750240938852309
2024-07-26,22,0.0080946887325492,0.005976995409317548,0.007217937272152861,0.0064653661093260475,0.006602762010386394
2024-07-30,22,0.0077893947152040365,0.006062870347271598,0.007537176295849611,0.007167176564341737,0.007102925921510163
2024-07-31,22,0.007465549197507978,0.00638626359608693,0.007959606488920964,0.007755965031400596,0.007741222689707468
2024-08-01,22,0.007353446441324828,0.006755182463326177,0.007866904687890235,0.0076656210719736415,0.007573514626956026
2024-08-02,22,0.006639728984171903,0.007482507276370307,0.008663965925781227,0.008566367976313034,0.008176798576502404
2024-08-05,22,0.005642720986478837,0.008382886374865653,0.009445613088978209,0.009562164688339364,0.009178125351805538
2024-08-06,22,0.005514875051641462,0.00881462706524121,0.009606014185536199,0.007764359621557536,0.008072655781726416
2024-08-07,22,0.005398570344912198,0.008790817615638135,0.009288384747913837,0.007774268746172898,0.007853575424473147
2024-08-08,22,0.005504851593820253,0.00878448175586409,0.0090426446522358,0.007641126936112003,0.007815442768458731
2024-08-09,22,0.005760392011872903,0.008731927409021883,0.008585550696644921,0.007361192431569291,0.0075036684051928895
2024-08-12,22,0.005897859753091557,0.008859852644193407,0.008177246360054758,0.008106633068407762,0.008173497546560637
2024-08-13,22,0.006098608435663382,0.00862219720257046,0.007591952357641623,0.00740659108101235,0.0075394722393697594
2024-08-14,22,0.0061705946735420986,0.008488154074648993,0.007555455861112251,0.007031866719327957,0.0072734499765957856
2024-08-15,22,0.005616608222476819,0.008962688784960919,0.008334594272045475,0.006938107461182056,0.0072822067738220145
2024-08-16,22,0.0055544046519440705,0.009230187576655505,0.008715478307976685,0.008269850559976278,0.008333607872369747
2024-08-19,22,0.005224606065783959,0.009398950909611478,0.0087985916723266,0.00783430972792815,0.007924086545915783
2024-08-20,22,0.004962369335327232,0.009135579846533529,0.008837027995937672,0.00781874853365501,0.007892358288364576
2024-08-21,22,0.005062572658224252,0.009154974677253971,0.008634426210908075,0.007851394145884823,0.007906318934468718
2024-08-22,22,0.005239116937158443,0.009249107678684303,0.008615141178280477,0.0074815618853376715,0.007646733807815626
2024-08-23,22,0.005311934718619906,0.009061746364536057,0.00811805607235343,0.007338927091403601,0.007426253169922797
2024-08-26,22,0.005214695467667012,0.008278704925306335,0.0075829284746196796,0.0073128716238322015,0.007472000713392562
2024-08-27,22,0.005195583113376464,0.0080946887325492,0.007359532233502508,0.007254831142098627,0.007319197624946972
2024-08-29,22,0.005658459230982092,0.0077893947152040365,0.006753235218786615,0.006987979539196606,0.006964921253137313
2024-08-30,22,0.005751497948894239,0.007465549197507978,0.00702441628181753,0.006616541782117305,0.006770258385238572
2024-09-03,22,0.0054866547588839675,0.007353446441324828,0.00731121837227311,0.007060054334018655,0.00702942058620451
2024-09-04,22,0.0056753224789182,0.006639728984171903,0.006778532227455872,0.00693948191363905,0.006887009579625348
2024-09-05,22,0.00580037603583528,0.005642720986478837,0.006137501105857151,0.006804590825121511,0.006875331103430386
2024-09-06,22,0.0056410330980273555,0.005514875051641462,0.006497350453986299,0.006896897286032349,0.006924543643294055
2024-09-09,22,0.0057505661649569035,0.005398570344912198,0.00616376347536353,0.006525225973506908,0.00668842035508391
2024-09-11,22,0.005679154758923801,0.005760392011872903,0.0065770747308986,0.006283629707459828,0.00650096277986156
2024-09-12,22,0.005248015829729593,0.005897859753091557,0.0069911274160440835,0.007063004085855708,0.00716563507622093
2024-09-13,22,0.005124704892990519,0.006098608435663382,0.0070357248134935305,0.007256043621477047,0.007252026803187282
2024-09-17,22,0.005153362880196539,0.005616608222476819,0.006482845462061582,0.007058155326356643,0.007231249597456161
2024-09-18,22,0.005148920955011134,0.0055544046519440705,0.006717850174036253,0.00708898885523645,0.007163177484454547
2024-09-19,22,0.005402246862324727,0.005224606065783959,0.00598712822237338,0.006696284514773643,0.006876170125331632
2024-09-20,22,0.005473644327617332,0.004962369335327232,0.005653894362592698,0.006995466977537866,0.007044792714703187
2024-09-24,22,0.005033646777428635,0.005239116937158443,0.006387408539492137,0.007869433428214698,0.007918924313017424
2024-09-25,22,0.005010215045518734,0.005311934718619906,0.0061215168168653345,0.007709011324723479,0.007818694601798543
2024-09-26,22,0.005112638564898753,0.005214695467667012,0.005963998025319834,0.008136675869779257,0.007765479374708045
2024-09-27,22,0.0051540844324974395,0.005195583113376464,0.006115638810212326,0.007697893939769756,0.007629328182662116
2024-09-30,22,0.004721343141097194,0.0054830696022556925,0.006594967899115011,0.007425549513063356,0.007551911107655859
2024-10-01,22,0.004779010515235893,0.005658459230982092,0.006407196190143867,0.007786686522700893,0.0077499333889320225
2024-10-02,22,0.0046955903958254734,0.005751497948894239,0.006646371838960656,0.00749911709970936,0.007586325742004942
2024-10-03,22,0.004576514372072498,0.0054866547588839675,0.0064266703630803486,0.007635361147631713,0.007657403497357784
2024-10-04,22,0.004342528619774114,0.0056753224789182,0.006729997115616254,0.007140362002109992,0.007382188801958783
2024-10-07,22,0.004580149084347932,0.00580037603583528,0.006554259852142413,0.00726016818823926,0.007381834302983355
2024-10-08,22,0.0044354742617110894,0.0056410330980273555,0.006500442193543107,0.007235822031628208,0.0073015648890009536
2024-10-09,22,0.004439506605958623,0.0057505661649569035,0.00642533052144971,0.007172196069558895,0.007217419329638292
2024-10-10,22,0.0044579953309800335,0.005740295458333459,0.0065376692682905645,0.006997135321710703,0.007107931058746217
2024-10-11,22,0.004322487417288294,0.005679154758923801,0.006523256689574189,0.007132408850515792,0.007154627804823025
2024-10-14,22,0.004506180293762372,0.005248015829729593,0.00591823128256106,0.006892629229897362,0.007093616010123076
2024-10-17,22,0.005276284363823602,0.005153362880196539,0.005577333914968742,0.006816726773310878,0.0069846125742893325
2024-10-18,22,0.005077567805396503,0.005148920955011134,0.0059051412095084315,0.00691919127311977,0.007121236165633058
2024-10-21,22,0.00496190870861298,0.005402246862324727,0.006402920498297168,0.007365163307418008,0.007477566071218591
2024-10-22,22,0.004993350108743753,0.005473644327617332,0.006335299363226153,0.007530237962070343,0.007592665923599745
2024-10-23,22,0.005261027794493425,0.005253536681792133,0.005873646305348331,0.007408808043235968,0.007528464146022865
2024-10-24,22,0.005367229979896103,0.005033646777428635,0.006082394736224543,0.00736755394260829,0.007489215685383489
2024-10-25,22,0.005339927582066321,0.005010215045518734,0.005836595246523472,0.007440060600911709,0.00752128203252599
2024-10-28,22,0.005645600853433651,0.005112638564898753,0.005761728203985648,0.0071934751799890605,0.007314631106489978
2024-10-30,22,0.006143973190849461,0.004721343141097194,0.005534199050579939,0.007398092099163046,0.00743581157196862
2024-10-31,22,0.006116484475419436,0.004779010515235893,0.005689078802615297,0.007646872442436308,0.00761741707747981
2024-11-01,22,0.006046665243509314,0.0046955903958254734,0.005765268047459385,0.007430788521688075,0.00762109553129546
2024-11-04,22,0.006187696283130112,0.004576514372072498,0.005318241455926423,0.0076316493988692925,0.007756299097175499
2024-11-05,22,0.006320447239902281,0.004342528619774114,0.005245758238634225,0.007299664575611055,0.0075991687960524695
2024-11-06,22,0.006319572120109778,0.004580149084347932,0.005824365505959575,0.006696510009486709,0.0069882842614430365
2024-11-07,22,0.006346816288068502,0.0044354742617110894,0.005472054446978911,0.0069915239677252865,0.007026975670757118
2024-11-08,22,0.0064575314856234346,0.004439506605958623,0.005479459110697359,0.006232336374240161,0.006392352924703896
2024-11-11,22,0.006593654806470581,0.0044579953309800335,0.00571476095130101,0.006268243730919037,0.0064229702179034055
2024-11-12,22,0.006730882137256302,0.004322487417288294,0.005653835568484266,0.006214064193219433,0.006469373491375657
2024-11-13,22,0.006658238367273809,0.004506180293762372,0.005594314626639055,0.00642008436312403,0.006611477164777581
2024-11-14,22,0.006395937213584865,0.004845816554000563,0.0062159647528076695,0.0066094946791025325,0.006799243820229859
2024-11-18,22,0.007531953847477636,0.005276284363823602,0.006696453555767175,0.0066123992969434105,0.006819546928733318
2024-11-19,22,0.007597995849822849,0.005077567805396503,0.006487427500039616,0.006976160501362913,0.007076308854375774
2024-11-20,22,0.007649322707231265,0.00496190870861298,0.006395749707841985,0.007180298401427128,0.0072811303658977
2024-11-21,22,0.007524437152430035,0.004993350108743753,0.0062037473684128696,0.006809682721262281,0.0069748526722593004
2024-11-22,22,0.0073861066462983325,0.005261027794493425,0.006400414587559279,0.006837969352275866,0.007007419051769328
2024-11-25,22,0.007406291899993568,0.005367229979896103,0.006382351795831041,0.006855782300603607,0.006944495506638585
2024-11-26,22,0.007582560325170433,0.005339927582066321,0.0062175565341216436,0.006782678124332468,0.006626478330860332
2024-11-27,22,0.0072946509654872125,0.005645600853433651,0.006727977981776878,0.006467249763449487,0.0065876700387778
2024-11-29,22,0.00701529513680099,0.005882528863435531,0.007049207213194427,0.0065741944518574414,0.006716888493829021
2024-12-02,22,0.00678135478339935,0.006143973190849461,0.007203310937219844,0.00649637675022827,0.006674209466820013
2024-12-03,22,0.0069647062300884814,0.006116484475419436,0.007065616039590146,0.006452696916082176,0.006636343370538487
2024-12-04,22,0.007012629048611499,0.006046665243509314,0.007048137575895066,0.006511942458024405,0.006583846937188667
2024-12-05,22,0.007130422496869739,0.006187696283130112,0.006898762713674104,0.0064311449191388585,0.006617140601424876
2024-12-06,22,0.007397984998855442,0.006320447239902281,0.006819578330504597,0.00611055616483585,0.006235094464130365
2024-12-09,22,0.007021536364278775,0.006319572120109778,0.006956480670385118,0.006331128599427239,0.006516861283498605
2024-12-10,22,0.007099426180953305,0.006346816288068502,0.006745385603226426,0.0067612449372562115,0.006865978567827184
2024-12-11,22,0.0070006891202175105,0.0064575314856234346,0.0070051634404897705,0.007091995006774751,0.007186643115797107
2024-12-12,22,0.006948670058650464,0.006593654806470581,0.007288946668115999,0.006649080342886373,0.006768541352385073
2024-12-13,22,0.006963036485434664,0.006730882137256302,0.007393998741589769,0.006696185626362314,0.006832132773585213
2024-12-16,22,0.007243415122666293,0.006658238367273809,0.007009970930323809,0.006506270636476503,0.006685169549623383
2024-12-17,22,0.0070726058676621175,0.006395937213584865,0.007053014028957649,0.006603955614767,0.006698780267990976
2024-12-18,22,0.006495386060992919,0.0069801225709416135,0.007933053445108966,0.007242189757723652,0.00714710843427932
2024-12-19,22,0.005828424297486175,0.007531953847477636,0.008629366283473832,0.006910135998270241,0.0069376292754844355
2024-12-20,22,0.005828118471456839,0.007597995849822849,0.008427032343464529,0.0066931471282490615,0.00687440023412179
2024-12-23,22,0.005588276670723246,0.007649322707231265,0.008490850999309471,0.006576445737727308,0.006755286883595702
2024-12-24,22,0.005743174296460886,0.007524437152430035,0.008206357107361244,0.0065741692776405845,0.0066383096178942065
2024-12-26,22,0.005967254615552234,0.0073861066462983325,0.00775838720665387,0.006625943058909954,0.006703060764309182
2024-12-27,22,0.005953495637753402,0.007406291899993568,0.007338963098234043,0.006206591743615229,0.006292073638288148
2024-12-30,22,0.006447439294661412,0.007582560325170433,0.007457982102137664,0.006388087986944434,0.006403515655159163
2024-12-31,22,0.006638143593557358,0.0072946509654872125,0.007140482213832584,0.006167574026345161,0.0062572280029326915
2025-01-02,22,0.006726479675922635,0.00701529513680099,0.007131025443448772,0.006431622464319204,0.006483251125163273
2025-01-03,22,0.007039744043410073,0.00678135478339935,0.006925476807106591,0.006037327889981029,0.0062224796485668464
2025-01-06,22,0.007028912904076869,0.0069647062300884814,0.007240171229551029,0.006340086292984574,0.006392494676903096
2025-01-07,22,0.006938704371435204,0.007012629048611499,0.007129907763371164,0.006237867308069674,0.006342639074346302
2025-01-08,22,0.007283976554430616,0.007130422496869739,0.0073199407179836175,0.006343937480878842,0.006418376006583655
2025-01-10,22,0.007384001751826109,0.007397984998855442,0.007798135178791168,0.00670961972926692,0.006823365643557141
2025-01-13,22,0.007621316579145594,0.007021536364278775,0.00722861621184887,0.0063920076486136766,0.006518509561284613
2025-01-14,22,0.007930166778301266,0.007099426180953305,0.00730267809614057,0.00643641172560308,0.0064990865692684885
2025-01-15,22,0.008097980450967048,0.0070006891202175105,0.007221920787112459,0.006699948335913286,0.006673240723306497
2025-01-16,22,0.008013922053935413,0.006948670058650464,0.007305677533148512,0.006817975323345396,0.006805647165380635
2025-01-17,22,0.008260716868520226,0.006963036485434664,0.007151651792602417,0.006541525975753836,0.006597048877510987
2025-01-21,22,0.008161063211381901,0.007243415122666293,0.007645101710827116,0.006991491721207615,0.006929692098257578
2025-01-22,22,0.008328810439231851,0.0070726058676621175,0.0072336680939039015,0.006949531511041626,0.006880316408063248
2025-01-23,22,0.008524610434073519,0.006495386060992919,0.007158499214074813,0.006779975713854744,0.006718592211866044
2025-01-24,22,0.008297319525601109,0.005828424297486175,0.006829049908590412,0.006732011283283235,0.006720333174673298
2025-01-27,22,0.008467128347565765,0.005828118471456839,0.006750744839983199,0.006899944296777473,0.006804013555859187
2025-01-28,22,0.008665036226768404,0.005588276670723246,0.005854237649939903,0.006583160319646267,0.006649350566061298
2025-01-30,22,0.008969820826620841,0.005967254615552234,0.006716924719599655,0.007262241539231631,0.007169357829086041
2025-01-31,22,0.009005320515686052,0.005953495637753402,0.006695735275865299,0.006851253843039355,0.006963193275724304
2025-02-03,22,0.00840216608254667,0.006447439294661412,0.007564077184637599,0.007561145001520777,0.007480997401474347
2025-02-04,22,0.008508218024117652,0.006638143593557358,0.007798307279835248,0.00789427098410956,0.007796947608385353
2025-02-05,22,0.008561704514491123,0.006726479675922635,0.007718980109970248,0.007872550928042846,0.007826101433913461
2025-02-06,22,0.00840645349258907,0.007039744043410073,0.007984300197669584,0.007467044840245507,0.0074492543996388235
2025-02-07,22,0.008110236164050157,0.007028912904076869,0.008011714129495343,0.0073794530433140965,0.00744251420191487
2025-02-10,22,0.008195046242774492,0.006938704371435204,0.007431209760202748,0.007693451385213513,0.007716270145254271
2025-02-11,22,0.007830210944455738,0.007283976554430616,0.007990978459168246,0.007822320907402328,0.007859120860934737
2025-02-12,22,0.0073294880047026865,0.007384001751826109,0.008244635022491488,0.007924527936368029,0.007895128480473973
2025-02-13,22,0.007280053941660152,0.007621316579145594,0.008159067329933725,0.007800350061965285,0.007773739240253975
2025-02-14,22,0.006998859583991162,0.007930166778301266,0.008483386143157155,0.007701424479017551,0.007687546484152152
2025-02-18,22,0.006826015420560382,0.008097980450967048,0.008647440769855406,0.008076390320497069,0.008090622667488374
2025-02-19,22,0.006950228002055451,0.008013922053935413,0.00832577161819273,0.007477019868275149,0.007556806067338237
2025-02-20,22,0.006569668066039623,0.008260716868520226,0.008553301762872794,0.007383746933961165,0.00746059781283598
2025-02-21,22,0.006450704098163219,0.008161063211381901,0.008440560517837134,0.007723639105313324,0.00756377321108307
2025-02-24,22,0.00635523823665244,0.008328810439231851,0.008293341358893803,0.007568289415987901,0.007524048394390882
2025-02-25,22,0.006086952625942942,0.008524610434073519,0.00856704299003731,0.007624875184253349,0.007573545389869921
2025-02-26,22,0.006223847111912352,0.008297319525601109,0.008170190209564896,0.007363110750658799,0.007336545453639139
2025-02-27,22,0.006142146705434437,0.008467128347565765,0.008325708110960126,0.007251701843141599,0.0072598963230600805
2025-02-28,22,0.006412762601803931,0.008665036226768404,0.008180356048957891,0.006793038173623056,0.006846908956169711
2025-03-03,22,0.006333135853324547,0.008901046170665979,0.008785751966138391,0.007429073023046034,0.007425316711591191
2025-03-04,22,0.007003022230245967,0.008969820826620841,0.008719685360952157,0.0074845070176096234,0.0075458364121851265
2025-03-05,22,0.007315915010425792,0.009005320515686052,0.008894268915352143,0.0074216974230895075,0.00746800891743261
2025-03-06,22,0.008016666243357026,0.00840216608254667,0.008320832437479891,0.007366690632728663,0.007365784535877462
2025-03-07,22,0.008365390464806891,0.008508218024117652,0.008688168530705474,0.0070886102438753795,0.007204977356431285
2025-03-10,22,0.008993414768471162,0.008561704514491123,0.008461703062255051,0.007579398505243577,0.007435723239585957
2025-03-11,22,0.009296892239165706,0.00840645349258907,0.008220439418916002,0.007163939592610851,0.007290377426820928
2025-03-12,22,0.009710099547380863,0.008110236164050157,0.0077278271721365815,0.006931074258033395,0.007101641171146264
2025-03-13,22,0.009791838755168963,0.008195046242774492,0.007939583137488083,0.007533753595995565,0.007500880352424341
2025-03-14,22,0.009701904191667854,0.007830210944455738,0.007579358491465671,0.007037818313752499,0.007209251187835667
2025-03-17,22,0.010071519219064344,0.0073294880047026865,0.006980393593997438,0.007258217411155424,0.007335247146744503
2025-03-18,22,0.010377236493082339,0.007280053941660152,0.007017195844895425,0.007211133539200055,0.007272980350134804
2025-03-19,22,0.012064033132592404,0.006998859583991162,0.00702085801900584,0.006971234833452693,0.0070837565153437304
2025-03-20,22,0.013357457183762609,0.006826015420560382,0.006871972841350893,0.006877326660774214,0.006965034281671487
2025-03-21,22,0.013568602627779149,0.006950228002055451,0.007153881081679327,0.006718937556479921,0.006831600632971397
2025-03-24,22,0.013989931432932543,0.006569668066039623,0.00694993287062944,0.006514253180319797,0.006730028569015962
2025-03-25,22,0.013812030198974413,0.006450704098163219,0.006874998902568924,0.006602333545210768,0.006706319185474898
2025-03-26,22,0.014046086655312656,0.00635523823665244,0.00671428927373008,0.006424429891044977,0.006564321553036211
2025-03-27,22,0.014428199288500844,0.006086952625942942,0.006620204768345214,0.007451402597980057,0.007034102140588123
2025-03-28,22,0.014774685575733202,0.006223847111912352,0.006617365246264812,0.00750089953059275,0.007280881694260237
2025-03-31,22,0.014945963513610971,0.006142146705434437,0.006764955174841618,0.007701042981163008,0.007681582402190565
2025-04-01,22,0.014832926691495078,0.006412762601803931,0.007164061842364041,0.007872126313220252,0.007823530897755745
2025-04-02,22,0.015208723505014494,0.006333135853324547,0.00742170552343972,0.007853324516346856,0.007909411455757197
2025-04-03,22,0.014517550630335116,0.007003022230245967,0.008410455162982677,0.008757207210799171,0.008373484188050923
2025-04-04,22,0.014221569593482196,0.007315915010425792,0.00871248918829541,0.010189521244239958,0.009602338523965373
2025-04-07,22,0.013365757689393092,0.008016666243357026,0.009384119025776695,0.008710067528686477,0.00867138431717581
2025-04-08,22,0.013277530718912217,0.008365390464806891,0.009692482220454992,0.010252305242304718,0.010097966051935175
2025-04-09,22,0.012623167197615177,0.008993414768471162,0.0102356621776196,0.009671219451760228,0.010248692942130967
2025-04-10,22,0.012411912002469274,0.009296892239165706,0.010086509141214412,0.011719846103193984,0.011500185302741172
2025-04-11,22,0.01278538728097352,0.009710099547380863,0.010213422476824725,0.011812496279266694,0.011914194030582874
2025-04-14,22,0.012763847184769892,0.009791838755168963,0.00990666365064386,0.01022551744952411,0.010295005399683739
2025-04-15,22,0.013352903697067427,0.009701904191667854,0.009382395217903398,0.009432563642360788,0.009472296058635253
2025-04-16,22,0.013484419234946803,0.010071519219064344,0.009422200326555571,0.011335600941828554,0.011250781640548761
2025-04-17,22,0.013233007708557603,0.010377236493082339,0.009553879957881505,0.010028677593363879,0.01022404640406841
2025-04-22,22,0.01168997256354542,0.012064033132592404,0.011454294950135991,0.0126687725809246,0.012495951173186415
2025-04-23,22,0.010707290431653489,0.013357457183762609,0.01255397068186392,0.011435515237182912,0.011366459958041177
2025-04-24,22,0.010619910115193941,0.013568602627779149,0.012611001628666843,0.011418952895879924,0.01146561025089104
2025-04-25,22,0.010479990307763143,0.013989931432932543,0.012861332984456977,0.0110373799439106,0.010911182034848584
2025-04-28,22,0.011334509798977502,0.013812030198974413,0.011850694701840418,0.010881627204016812,0.010829845878621822
2025-04-29,22,0.01135527073413293,0.014046086655312656,0.011776258121493048,0.010140953760033286,0.010047354060631989
2025-04-30,22,0.01115912995417101,0.014428199288500844,0.01138088555001495,0.00975463102977424,0.009543945606705573
2025-05-01,22,0.011037899669925159,0.014774685575733202,0.011542998833430733,0.009264382392978384,0.00930311541291878
2025-05-02,22,0.010801568873559498,0.014945963513610971,0.011498653064541868,0.008986240442720287,0.009190427978539872
2025-05-05,22,0.010994558355726533,0.014832926691495078,0.011628128675469146,0.010318714637382499,0.010209619994406808
2025-05-06,22,0.01051117675401055,0.015208723505014494,0.012372381194072161,0.011538421652322618,0.011362413356357856
2025-05-07,22,0.010569845435836852,0.014517550630335116,0.01179218605205245,0.010900223836029694,0.01072756767662525
2025-05-08,22,0.01076996637097819,0.014221569593482196,0.01151765706235481,0.010166277816759628,0.010192612347854393
2025-05-09,22,0.011181664887396475,0.013365757689393092,0.01034940105432001,0.00969796830943707,0.009753150491397543
2025-05-12,22,0.01114335483659134,0.013277530718912217,0.011172925996098485,0.00903441628437102,0.009176436393458224
2025-05-13,22,0.011290597584895297,0.012623167197615177,0.010255845275302176,0.008132246313213305,0.00834016654541161
2025-05-14,22,0.011290961583380927,0.012411912002469274,0.010153499475895047,0.008523095818660984,0.008596468458462143
2025-05-15,22,0.01055791511948015,0.01278538728097352,0.010902512287740255,0.009217878962374951,0.009163181735769837
2025-05-16,22,0.010543300091586947,0.012763847184769892,0.010872325070256015,0.008680240274512504,0.008815665055393569
2025-05-19,22,0.010376537308975121,0.013352903697067427,0.011324643630143617,0.008735561067615511,0.008956087662608624
2025-05-20,22,0.010105053050928937,0.013484419234946803,0.011525986039253087,0.009007989631273144,0.009157581449293491
2025-05-21,22,0.010325158029265357,0.013233007708557603,0.01120865465498128,0.009578755921771211,0.009575929447680313
2025-05-22,22,0.010145179119987455,0.01168997256354542,0.010276999734878249,0.008956995932044862,0.009006753557175073
2025-05-23,22,0.00967273974085116,0.010707290431653489,0.010044940880927484,0.009599854985308973,0.00949622978224313
2025-05-27,22,0.009698476855900902,0.010619910115193941,0.009842954183303599,0.00871770742646877,0.008814327787599217
2025-05-29,22,0.009212931910608275,0.011334509798977502,0.010596034916433912,0.008723808433270528,0.008595021917156748
2025-05-30,22,0.009048851743905576,0.01135527073413293,0.0104795754842146,0.008582154040930856,0.00852857255910914
2025-06-02,22,0.008961053470829672,0.01115912995417101,0.010307735915398093,0.00908689261403373,0.00911726103178101
2025-06-03,22,0.008866160199252373,0.011037899669925159,0.010294034663938509,0.008685486462964034,0.008746170663076952
2025-06-04,22,0.008983569734312087,0.010801568873559498,0.009937451309320952,0.008537778894941872,0.008474365024843515
2025-06-05,22,0.008778873376902046,0.010994558355726533,0.009919225728986602,0.00817198655331379,0.008367395074710205
2025-06-06,22,0.008552975590146577,0.01051117675401055,0.009716976736710915,0.008021860480892188,0.008224603429718508
2025-06-09,22,0.008447253001652413,0.010569845435836852,0.009787720038868977,0.008284864036094922,0.00834247764170652
2025-06-10,22,0.008104538495795021,0.01076996637097819,0.009980438001698238,0.008516178220609476,0.008423956827647839
2025-06-11,22,0.007812034954704121,0.011181664887396475,0.010188788698639593,0.008447423148805039,0.008502332988905046
2025-06-12,22,0.007408248973858274,0.01114335483659134,0.010349147646190746,0.009039678622212333,0.008933162682246462
2025-06-13,22,0.00748388949183946,0.011290597584895297,0.010329564927221278,0.009589355367022032,0.00937069781633164
2025-06-16,22,0.007147075979594221,0.011290961583380927,0.0102145158030362,0.008935048697975493,0.008937986639575452
2025-06-17,22,0.007271016998582623,0.01055791511948015,0.009520277652343003,0.009070236071376643,0.008904800983221033
2025-06-18,22,0.007344488865328941,0.010543300091586947,0.009488861812010195,0.00864003216622102,0.008480409083646109
2025-06-20,22,0.00704071920492328,0.010376537308975121,0.009472624177224548,0.008283736789716455,0.008276869837495862
2025-06-23,22,0.007055779843959161,0.010105053050928937,0.009172005792626349,0.008405457010201208,0.008257901004240025
2025-06-24,22,0.006959883243636295,0.010325158029265357,0.009438528839835782,0.00777029307635919,0.007832749217504612
2025-06-25,22,0.006852629214146576,0.010145179119987455,0.009209841970086759,0.007615834282777685,0.007650410786394479
2025-06-26,22,0.007103151902028134,0.00967273974085116,0.008636396654159082,0.00732448718797314,0.007372864666306898
2025-06-27,22,0.007217465061153417,0.009698476855900902,0.008940792396881407,0.007148857121620744,0.007153367294342845
2025-06-30,22,0.007347652589083868,0.009623390542524783,0.008855258690550127,0.007468857497880749,0.007499773532214581
2025-07-01,22,0.007419731097026134,0.009212931910608275,0.008647217901640913,0.007065916632921141,0.007201912487126557
2025-07-02,22,0.007645564845358167,0.009048851743905576,0.008509379358235526,0.007225532637028465,0.007302639687449765
2025-07-03,22,0.0077313267947022235,0.008961053470829672,0.008710867596175354,0.0069466174875798675,0.0070381710370279365
2025-07-07,22,0.007568644572212766,0.008866160199252373,0.008614932259415028,0.00725677718140586,0.007309684632074892
2025-07-08,22,0.007540826846007899,0.008983569734312087,0.00871720611305557,0.007062127862162312,0.007120135322596671
2025-07-09,22,0.008095837320567031,0.008778873376902046,0.008504430516568483,0.0070342315679507795,0.006977473401638687
2025-07-10,22,0.00863370751136685,0.008552975590146577,0.008337442497010001,0.006936294006895799,0.007027509690096031
2025-07-11,22,0.008569670005046723,0.008447253001652413,0.00838839196033976,0.0073105316457716596,0.007380270602351933
2025-07-14,22,0.008459923956769531,0.008104538495795021,0.008038025177259465,0.007207417807671103,0.007248581011636574
2025-07-15,22,0.008610933202409627,0.007812034954704121,0.007571809151638808,0.006673760132503376,0.006842515879333758
2025-07-16,22,0.008490246633489594,0.007408248973858274,0.00741753820332615,0.0072226542547993286,0.007206505338324116
2025-07-17,22,0.008153121311637477,0.00748388949183946,0.007807561102087546,0.007034971056756967,0.007153120203256316
2025-07-18,22,0.00841271984560707,0.007147075979594221,0.006923268917136208,0.007027785614037292,0.0070285396055712246
2025-07-21,22,0.00814203756940361,0.007271016998582623,0.007406144377646554,0.007434927210340539,0.0074789405399178725
2025-07-22,22,0.007981521859598157,0.007344488865328941,0.0076661504334450525,0.0080210374240645,0.00800532891469427
2025-07-23,22,0.007901582789205847,0.00704071920492328,0.007486337213612864,0.007690416582176466,0.007817765855751616
2025-07-24,22,0.007675168703529571,0.007055779843959161,0.007389784674749221,0.007339750438935673,0.007434351548486541
2025-07-25,22,0.0075004547127726084,0.006959883243636295,0.0076445907624411655,0.007244775409531609,0.0073074881850227515
2025-07-28,22,0.007675402585624282,0.006852629214146576,0.007230181047517477,0.007085155682296872,0.007213685802123033
2025-07-30,22,0.007188227238053895,0.007217465061153417,0.007944027125030517,0.007145393698227876,0.0070821470038516425
2025-07-31,22,0.007076946151543442,0.007347652589083868,0.008073579719789739,0.007052543038676193,0.006997577338465641
2025-08-01,22,0.00670919399308681,0.007419731097026134,0.008196392339600529,0.007905984010553665,0.0076689605802627014
2025-08-04,22,0.006824469569888103,0.007645564845358167,0.008557821988501347,0.007526012951136623,0.0075639655317969335
2025-08-05,22,0.006444700044640347,0.0077313267947022235,0.008517013322198185,0.00753300677051926,0.007523331793943376
2025-08-06,22,0.006517881606825383,0.007568644572212766,0.008134057882916181,0.007378625415604933,0.007356750351686103
2025-08-07,22,0.006517536414300265,0.007540826846007899,0.00812598861531033,0.0074160753563304455,0.0074917427211712295
2025-08-08,22,0.00600445977098875,0.008095837320567031,0.008766752988182988,0.007291788980007397,0.007366593049551521
2025-08-11,22,0.0054972703002949186,0.00863370751136685,0.009188100041341988,0.007575921344704284,0.007555370157607634
2025-08-12,22,0.005453163968341523,0.008569670005046723,0.008940694489125683,0.007377307901693073,0.007407014511562917
2025-08-13,22,0.005586774494414692,0.008459923956769531,0.008699717169960038,0.0071441326928716525,0.0072281046864687
2025-08-14,22,0.005459339701162721,0.008610933202409627,0.008821404881560985,0.0068038892847659856,0.006944043766579487
2025-08-15,22,0.005603868941732798,0.008490246633489594,0.008175343836590134,0.006626139734142462,0.006766968548871289
2025-08-18,22,0.005817430470406632,0.008153121311637477,0.007554617613069994,0.006237675156996301,0.006387697236686687
2025-08-19,22,0.0058554664393638935,0.00841271984560707,0.007674532215046291,0.006196719952795059,0.006310164441971715
2025-08-20,22,0.006116324524681927,0.00814203756940361,0.007275648347248189,0.006447935929187915,0.006525718282430145
2025-08-21,22,0.006170204594113358,0.007981521859598157,0.007291166938952832,0.006367806374595389,0.006489484270212516
2025-08-22,22,0.006137222461429632,0.007901582789205847,0.00731674173575351,0.00645504102639427,0.006556192638101643
2025-08-25,22,0.006283526455820705,0.007675168703529571,0.007090582410203798,0.006462229130987198,0.00653952164997854
2025-08-26,22,0.006338324110802287,0.0075004547127726084,0.007023310593934819,0.00681564231083952,0.006805241392919197
2025-08-27,22,0.006433019624031364,0.007675402585624282,0.007358893778444557,0.007007858110331346,0.006967136701107768
2025-08-28,22,0.006796365415914286,0.0075851724178661985,0.007345803984202394,0.0071810235758025635,0.007159905407967484
2025-08-29,22,0.006987058399105735,0.007188227238053895,0.007190174479796017,0.007645098832547793,0.007480906566778574
2025-09-02,22,0.007173080242727833,0.007076946151543442,0.007407908091804712,0.008252275489529462,0.008388892267336866
2025-09-03,22,0.007298845003180911,0.00670919399308681,0.006994357520426263,0.008364326017886657,0.00830607420664015
2025-09-04,22,0.007357959858294048,0.006824469569888103,0.007506890701448055,0.008041581970942032,0.007997943921075527
2025-09-05,22,0.007699714964737059,0.006444700044640347,0.006702144313850581,0.007905723171439215,0.007935750137626983
2025-09-08,22,0.007609322064107207,0.006517881606825383,0.007149683780261224,0.008228381143029163,0.008183111404558522
2025-09-09,22,0.008031932261996562,0.006517536414300265,0.0071870730735401865,0.007823809966581025,0.007947810599044718
2025-09-10,22,0.008255976445148193,0.00600445977098875,0.007047332605172808,0.007812172224529958,0.007806577705563673
2025-09-11,22,0.008508574130705727,0.0054972703002949186,0.006471404176513436,0.007341841073208878,0.007339065894408442
2025-09-12,22,0.008926884943096841,0.005453163968341523,0.006623770393418247,0.00735826014704008,0.007411456845661886
2025-09-15,22,0.009171466114393175,0.005586774494414692,0.0066758768390108225,0.008097208274402527,0.007979238689949963
2025-09-16,22,0.009672043598525191,0.005459339701162721,0.006354473130498658,0.008113761746989844,0.008069992437218237
2025-09-17,22,0.01030927794057405,0.005603868941732798,0.006475594354529517,0.007798472403341914,0.0077487519510310195
2025-09-18,22,0.01091555018928761,0.005817430470406632,0.006781004371970449,0.007334668689373554,0.007414625544403676
2025-09-19,22,0.010629651496306574,0.0058554664393638935,0.0068015218255169305,0.0075262350565888795,0.00759737649521607
2025-09-22,22,0.011357634003977721,0.006116324524681927,0.00699352641430904,0.008251122839966415,0.008243908817066138
2025-09-23,22,0.01161659165791772,0.006170204594113358,0.007085865743120466,0.008685413778409673,0.008581885788877214
2025-09-24,22,0.011936529540480112,0.006137222461429632,0.006922040194690621,0.008106746674825291,0.008146137003117516
2025-09-25,22,0.012649577272921673,0.006283526455820705,0.006967245389539243,0.008367514810882487,0.008330513670271196
2025-09-29,22,0.013159370145578402,0.006433019624031364,0.007071443044057069,0.00864464624066673,0.008426349343232907
2025-09-30,22,0.013482795435163236,0.006796365415914286,0.007645332730444386,0.008827514834251923,0.008706177450086294
2025-10-01,22,0.013478037923291298,0.006987058399105735,0.007901160356598201,0.008605644107897546,0.00851226051294159
2025-10-02,22,0.013373996461898538,0.007173080242727833,0.008230680933812327,0.008327322824417295,0.008260731053932062
2025-10-03,22,0.013565389634433975,0.007298845003180911,0.008044039211116065,0.00807329986637165,0.008059231953034105
2025-10-06,22,0.013167523979649416,0.007357959858294048,0.008374879895912329,0.008800727404595475,0.008797857639681174
2025-10-07,22,0.013105026087223482,0.007699714964737059,0.0083167398261746,0.009108071612013147,0.008945662519678333
2025-10-08,22,0.012856784243520622,0.007609322064107207,0.008098647474886386,0.009688131506959737,0.009587068009353297
2025-10-09,22,0.012735385715957325,0.008031932261996562,0.008659504263414443,0.00965585256917832,0.009553862522945083
2025-10-10,22,0.012470231746601767,0.008255976445148193,0.008897989159199376,0.010710168309959094,0.010393256963538312
2025-10-13,22,0.01238720851002168,0.008508574130705727,0.008916823677273152,0.010589050196324107,0.010648422270343771
2025-10-14,22,0.012216448045397949,0.008926884943096841,0.00935762662573398,0.011593872774277706,0.011370255314835822
2025-10-15,22,0.01259616280830287,0.009171466114393175,0.009578599691174205,0.011946896855126206,0.011855085709742568
2025-10-16,22,0.012643066655360717,0.009672043598525191,0.009779768704732099,0.014681673215711516,0.014067347467121752
2025-10-17,22,0.01207019748932188,0.01030927794057405,0.01034541000283699,0.013430054969630836,0.013267370495126971
2025-10-20,22,0.011583918359110353,0.01091555018928761,0.01091476018777898,0.013720470650049527,0.013685009733481617
2025-10-21,22,0.01215028824250422,0.010629651496306574,0.009825627463381021,0.012360500183881577,0.012324458014048236
2025-10-22,22,0.011456449062189126,0.011357634003977721,0.011078396828161962,0.011467733909056008,0.011708708925904346
2025-10-23,22,0.011094324874771789,0.01161659165791772,0.011000399479590153,0.01139854283966215,0.011671410259418265
2025-10-24,22,0.01111377867501295,0.011936529540480112,0.01089773488790956,0.010803067726300079,0.010914097593564352
2025-10-27,22,0.010281964987307013,0.012649577272921673,0.011342608725068174,0.010249894141585952,0.010360576379235506
2025-10-28,22,0.009907765681937594,0.012922831529475712,0.011873852988066145,0.01057401181646194,0.01044912431737854
2025-10-30,22,0.009260526870585355,0.013482795435163236,0.012219864561040154,0.010916892188623552,0.010813390285249705
2025-10-31,22,0.009258958206127274,0.013478037923291298,0.012004262257077375,0.009973795848270269,0.009980630365383868
2025-11-03,22,0.009214259791017865,0.013373996461898538,0.011632130626702144,0.0094663572735741,0.009361814350295436
2025-11-04,22,0.009311997161006844,0.013565389634433975,0.01138712844036986,0.009117782068184012,0.009194155795867508
2025-11-05,22,0.009345862941556125,0.013167523979649416,0.010901344813110954,0.008471327118923436,0.008599814623828434
2025-11-06,22,0.009353863129034688,0.013105026087223482,0.010408470000477928,0.008614309343885466,0.0086485977600311
2025-11-07,22,0.00975101517961564,0.012856784243520622,0.009279184852523758,0.008491036312240243,0.00851865727926072
2025-11-10,22,0.009477314315703454,0.012735385715957325,0.010254579156059599,0.009265723955583534,0.009431975519688697
2025-11-11,22,0.009935429319546036,0.012470231746601767,0.009872225179501877,0.009147076548734904,0.00933966429549434
2025-11-12,22,0.010003878857371164,0.01238720851002168,0.01004276223360831,0.010235171737513166,0.010243647203308497
2025-11-13,22,0.010000365659761376,0.012216448045397949,0.010199931515524115,0.009660515747760091,0.009793733952380701
2025-11-14,22,0.009229524345011019,0.01259616280830287,0.011122332856436627,0.009660039394294974,0.009810257560556809
2025-11-17,22,0.008748141810929047,0.012643066655360717,0.011087104272470996,0.009524691024224798,0.009558983107985041
2025-11-18,22,0.008482536810752865,0.01207019748932188,0.010744276418986122,0.01002464132085342,0.009921191084613909
2025-11-19,22,0.008113831847344837,0.011583918359110353,0.010690497906020384,0.009923072080765524,0.00999252495149213
2025-11-20,22,0.008272258081525003,0.01215028824250422,0.011004780053670194,0.009705140004044469,0.009633299479247829
2025-11-21,22,0.008184917294520765,0.011456449062189126,0.01028971096913251,0.009100884446036373,0.009149947915354383
2025-11-24,22,0.008518225558757028,0.011094324874771789,0.009643084979468268,0.009482692492021728,0.009438511945987388
2025-11-26,22,0.010069888286598373,0.010281964987307013,0.009050435465832151,0.009327337112431243,0.009221775412739943
2025-11-28,22,0.010263271242933683,0.009907765681937594,0.008955902151266487,0.0095301756142437,0.009522822578603
2025-12-01,22,0.010172884962642965,0.009805081867296344,0.008833222051819477,0.009714513324531724,0.00971673305760318
2025-12-02,22,0.01056634637011743,0.009260526870585355,0.008833253503379242,0.009450151089423068,0.009441553411866708
2025-12-03,22,0.010279815829813896,0.009258958206127274,0.008890424538559538,0.009239929256243964,0.009402718220977477
2025-12-04,22,0.010193210887172477,0.009214259791017865,0.009006705488207187,0.008931551332282926,0.008964750543899398
2025-12-05,22,0.010054422331849604,0.009311997161006844,0.009112594861412032,0.008689843364586705,0.008784564261527787
2025-12-08,22,0.010005146780766597,0.009345862941556125,0.008974524819130114,0.008585074488674028,0.008614765007573343
2025-12-09,22,0.010631889082131892,0.009353863129034688,0.008917296490418617,0.008589066848742373,0.008661221243794082
2025-12-10,22,0.010654325082865953,0.00975101517961564,0.009115781713113192,0.008658831161661273,0.00863906065385479
2025-12-11,22,0.010492598101296413,0.009477314315703454,0.009011591806451778,0.008765301628332276,0.008849800204952055
2025-12-12,22,0.009875376535927937,0.009935429319546036,0.009484871800935095,0.009032948598372725,0.009159209308780334
2025-12-15,22,0.009484999802855571,0.010003878857371164,0.009559724117788774,0.009313994400116864,0.00932599118164469
2025-12-16,22,0.009747520951847846,0.010000365659761376,0.009690602289111245,0.00911785125277555,0.009078816804965377
2025-12-17,22,0.010826349658499273,0.009229524345011019,0.008950302675353222,0.009442756522804737,0.009366892911704932
2025-12-18,22,0.01098082736919242,0.008748141810929047,0.008667778424418217,0.009339820226819458,0.009273163206836074
2025-12-19,22,0.011303139511366645,0.008482536810752865,0.007938881198381867,0.008878640853281017,0.008911241288132948
2025-12-22,22,0.012112040007521656,0.008113831847344837,0.007570195065712615,0.009884698918223097,0.009856305423901417
2025-12-23,22,0.011923362988381161,0.008272258081525003,0.008088145808209829,0.010039535084578112,0.010198564009290865
2025-12-24,22,0.012209031652134576,0.008184917294520765,0.00802475754835131,0.009946858495331378,0.009957148969183033
2025-12-26,22,0.015030786456021227,0.008518225558757028,0.008497282986910487,0.010708656592795558,0.010746089258117665
2025-12-29,22,0.015597535426981151,0.009754466601160213,0.010242567829689323,0.011034264718742737,0.010767589512784859
2025-12-30,22,0.018632444639001548,0.010069888286598373,0.010346926618149475,0.010458235793640407,0.010588312692551395
2025-12-31,22,0.019623672535515897,0.010263271242933683,0.01048364084458762,0.01037303325915571,0.01034642312990937
2026-01-02,22,0.020969056544372186,0.010172884962642965,0.010233174123484874,0.010017126145732322,0.01026998047690233
2026-01-05,22,0.02172202404775414,0.01056634637011743,0.010779492584017097,0.010488320299778989,0.010668142173737247
2026-01-06,22,0.023740874896883268,0.010279815829813896,0.009521508988922792,0.010513145312338611,0.010566946084986975
2026-01-07,22,0.0242665885609677,0.010193210887172477,0.009501410902549008,0.01029042645139919,0.010283177197385487
2026-01-08,22,0.02425669364465234,0.010054422331849604,0.00924403859405451,0.010157220559219924,0.010125996370311018
2026-01-09,22,0.0246821344134358,0.010005146780766597,0.00911390564552234,0.009935399960329546,0.009940583949690295
2026-01-12,22,0.02457314904554083,0.010631889082131892,0.009746407595580464,0.01052384582233997,0.01057431713264908
2026-01-13,22,0.024701593067704992,0.010654325082865953,0.009803483310404147,0.010237801171959993,0.010219035062664712
2026-01-14,22,0.02520863192956605,0.010492598101296413,0.00959949626273188,0.010314606353538482,0.01020252383410732
2026-01-15,22,0.025288928267316716,0.009875376535927937,0.009017070774236097,0.009684939362522354,0.009549919864384778
2026-01-16,22,0.02548091948976007,0.009484999802855571,0.008645853146419812,0.009326222692313696,0.009402401271842976
2026-01-20,22,0.025318093530207433,0.009747520951847846,0.008998695353320837,0.010529611772102166,0.01054098310015564
2026-01-21,22,0.024621529577787158,0.010826349658499273,0.010196172279303148,0.011344062186875451,0.01132518835880126
2026-01-22,22,0.02482709380583824,0.01098082736919242,0.010111777897118784,0.01221490900058128,0.011989547658462904
2026-01-23,22,0.024449386264521887,0.011303139511366645,0.010468433929844489,0.012936811300494996,0.012688352825434315
2026-01-26,22,0.023832466459494175,0.012112040007521656,0.011502728605168171,0.014465204114795117,0.014055353666817256
2026-01-29,22,0.021890382523700094,0.015030786456021227,0.014575842416819374,0.021757321607935358,0.020185245968441567
2026-01-30,22,0.020278136620008266,0.015597535426981151,0.015526216026017465,0.019482170345909666,0.018437925299346947
2026-02-02,22,0.01752033948605464,0.018632444639001548,0.017954792252228957,0.016469655077840713,0.016599997577758548
2026-02-03,22,0.01662228399286368,0.019623672535515897,0.017819846182780322,0.01757098094361417,0.018096426624861633
2026-02-04,22,0.015485297132223899,0.020969056544372186,0.018117552501912697,0.01634943227999999,0.016661305728768297
2026-02-05,22,0.01443306751540248,0.02172202404775414,0.01798856776258698,0.01632495085591296,0.016131920706507704
2026-02-06,22,0.012798597832336776,0.023740874896883268,0.01883285146795601,0.015750955389153578,0.01564966873399582
2026-02-09,22,0.012259379732177705,0.0242665885609677,0.017840803961466468,0.015382931569150798,0.015138993767680164
2026-02-10,22,0.01256521828695454,0.02425669364465234,0.01707295095201927,0.013561926700947802,0.013358595274402361
2026-02-11,22,0.012414505364960604,0.0246821344134358,0.01695689870797362,0.013473885844437478,0.013458754574833748
2026-02-12,22,0.01183018476323625,0.02457314904554083,0.016655557262469253,0.013844394408376542,0.013343306702670992
2026-02-13,22,0.012291675443854417,0.024701593067704992,0.015573584117592795,0.013559799938614574,0.013385088954063267
2026-02-17,22,0.012816082106737384,0.02520863192956605,0.015752771353276372,0.014039871566287342,0.013845622809982206
2026-02-18,22,0.01345500311587682,0.025288928267316716,0.01524981116691958,0.01361836114260243,0.013714489133209277
2026-02-19,22,0.017036620742282224,0.02548091948976007,0.01503795038184881,0.013478650422401236,0.013440589638383434
2026-02-20,22,0.01718523743070417,0.025318093530207433,0.015020815126981071,0.014039477383631658,0.01418048168227298
2026-02-23,22,0.018120835918221247,0.024621529577787158,0.014870829221297737,0.01514888715901971,0.014992191826628193
2026-02-24,22,0.018657293991211833,0.02482709380583824,0.014753414395458322,0.014454702752505483,0.014268081464441773
2026-02-25,22,0.01945162046742915,0.024449386264521887,0.014013271804883425,0.013258377982576145,0.01353155934201505
2026-02-26,22,0.020207035362256494,0.023832466459494175,0.014456742315379252,0.012688446040021771,0.012662053274404396
2026-02-27,22,0.02039715364402546,0.023356999780646093,0.014442589616923561,0.012791002823830668,0.012818619479502595
2026-03-02,22,0.019409461777018168,0.02357056872472738,0.0153420920833057,0.014925439355380644,0.014710918269004367
2026-03-03,22,0.019479025396364584,0.021890382523700094,0.015422751795036382,0.016884672157446073,0.016001999797947742
2026-03-04,22,0.019557012171255838,0.020278136620008266,0.01484825328619389,0.014612361569284004,0.014678374418086414
2026-03-05,22,0.019541969760382093,0.01752033948605464,0.013895292744727297,0.014369297722710969,0.014145873104896825
2026-03-06,22,0.02022304670849571,0.01662228399286368,0.013656675362154118,0.01454175309644629,0.014134749613958981
2026-03-09,22,0.020317417575054706,0.015485297132223899,0.012531898451484905,0.013280763665873514,0.013309007131649828
2026-03-10,22,0.02046556693127959,0.01443306751540248,0.011537886787931129,0.012893582756917822,0.012700070084234818
2026-03-11,22,0.020691169259516036,0.012798597832336776,0.010710867265180533,0.011992100310754298,0.012041568994156801
2026-03-12,22,0.020851125197646835,0.012259379732177705,0.010236773008410435,0.01176993844123642,0.011839077905947019
2026-03-13,22,0.0203350345102506,0.01256521828695454,0.010538541611562424,0.012735062526536091,0.012426048234192234
2026-03-16,22,0.019947058563355987,0.012414505364960604,0.010501703157731938,0.011508411782199046,0.011635505191688269
2026-03-17,22,0.02022985132119324,0.01183018476323625,0.009991373789293049,0.010951668524742237,0.011041264562363668
2026-03-18,22,0.019892011911443623,0.012291675443854417,0.010942687640914456,0.011515574350161975,0.01130969870640162
2026-03-19,22,0.019695745221527627,0.012816082106737384,0.011800237823978507,0.011747561505151202,0.011563243135752327
2026-03-20,22,0.019374012866561385,0.01345500311587682,0.012071022991231495,0.012342328169809251,0.012537132512240892
2026-03-23,22,0.015674102744737677,0.017036620742282224,0.0154393542516823,0.015354501921083863,0.014776886565310005
2026-03-24,22,0.015393479763800354,0.01718523743070417,0.015195567393390732,0.014390368728619603,0.014452258054939809
2026-03-25,22,0.013984566734040397,0.018120835918221247,0.01597444623322568,0.013674562335617835,0.013996762592359411
2026-03-26,22,0.012887912443105515,0.018657293991211833,0.016052793795094188,0.015050799648206227,0.015175332868877784
2026-03-30,22,0.012096693257136816,0.020207035362256494,0.01577013409234479,0.014487243565988905,0.014548648303067426
2026-03-31,22,0.011837816876030145,0.02039715364402546,0.015764578972611853,0.01376275649658121,0.014164778521386973
2026-04-01,22,0.012032514122119538,0.019409461777018168,0.014408981488525131,0.01300562666779442,0.013390143454405855
2026-04-02,22,0.01098180752968117,0.019479025396364584,0.015088491592626124,0.013943976786012884,0.013755204071354735
2026-04-06,22,0.011508413414069774,0.019557012171255838,0.014684085085556797,0.012927998976142928,0.013328509113452569
2026-04-07,22,0.011381112905931886,0.019541969760382093,0.01426924397999838,0.013409653742660314,0.013462149087864533
2026-04-08,22,0.01018341825573382,0.02022304670849571,0.015108042195372595,0.012157462867258462,0.012664151766241777
2026-04-09,22,0.009832841107592744,0.020317417575054706,0.014874844145244233,0.011941812070893391,0.012135469575294407
2026-04-10,22,0.00971638421527489,0.02046556693127959,0.014454406494362365,0.01155643494094906,0.011639925597067871
2026-04-13,22,0.00967406393673868,0.020691169259516036,0.014497752892261007,0.011756777957208319,0.011603463730307458
2026-04-14,22,0.009585886004863953,0.020851125197646835,0.014401704246346984,0.012135410602513294,0.012153959529560773
2026-04-15,22,0.01020380581268138,0.0203350345102506,0.013082805911741905,0.011273588220499285,0.011423008716264352
2026-04-16,22,0.010327713222924573,0.019947058563355987,0.012457606834399672,0.010929612375323913,0.011104948186503406
2026-04-17,22,0.009883283267208573,0.02022985132119324,0.012880680115239325,0.012068243560400017,0.01188199270853949
2026-04-20,22,0.0097213643539924,0.019892011911443623,0.012968311430277765,0.012018070292078301,0.011704604100658836
2026-04-21,22,0.008929546885867454,0.019695745221527627,0.013649797275640354,0.012557489561050114,0.012220394693652577
2026-04-22,22,0.008620279912821579,0.019374012866561385,0.01364078363380283,0.011734809040854617,0.011728763650704112
2026-04-23,22,0.008831898337009038,0.015674102744737677,0.012318044803285135,0.011543156915375384,0.011516640570196569
2026-04-24,22,0.008960806520433717,0.015393479763800354,0.012305566692580549,0.011657846346093348,0.011314077770540077
2026-04-27,22,0.009956600789423052,0.013984566734040397,0.011200713207054104,0.01063319096527891,0.010670842316677465
2026-04-28,22,0.010496581454334365,0.012887912443105515,0.009705765014960803,0.010360210815579217,0.010328378539008006
2026-04-29,22,0.010652213992362807,0.012818133594528202,0.01009154328481572,0.010492617711039723,0.010452480939217435
2026-04-30,22,0.010675576458204763,0.012096693257136816,0.009906677915504779,0.00993731470988334,0.01009501746758767
2026-05-01,22,0.010403885625568857,0.011837816876030145,0.009909886493313789,0.010249911038844792,0.01026273095052656
2026-05-04,22,0.01035718154336343,0.012032514122119538,0.010280968799434718,0.010600793225492447,0.010616683263366513
2026-05-05,22,0.010505721139395328,0.01098180752968117,0.010032909432993968,0.010248365255045732,0.010431220562810846
2026-05-06,22,0.009881991592252858,0.011508413414069774,0.0108582531218286,0.010528676239731666,0.01062814855931863
2026-05-07,22,0.010052308430263847,0.011381112905931886,0.010560999202130059,0.010453093606337933,0.010644844792266015
2026-05-08,22,0.010665596082003107,0.01018341825573382,0.009610331705654436,0.0104188366038699,0.01046490846128895
2026-05-11,22,0.012317655152334463,0.009832841107592744,0.00906732051518896,0.01047233527287642,0.010597957924648028
2026-05-12,22,0.013237824389038437,0.00971638421527489,0.009333970956254134,0.010130431854498504,0.010324050760427245
2026-05-13,22,0.0135705365779024,0.00967406393673868,0.008859941088191414,0.009916322141410808,0.010033218247929514
2026-05-14,22,0.013551744293116421,0.009585886004863953,0.008689355177114003,0.009866797470071687,0.009763748677022338
2026-05-15,22,0.013354252084221052,0.01020380581268138,0.009655625960878855,0.009735401810210442,0.009875039888705247
2026-05-18,22,0.014213034863371362,0.010327713222924573,0.009570840969200354,0.009993662332658993,0.010014267587068205
2026-05-19,22,0.015238946298148207,0.009883283267208573,0.008897734993996478,0.009898837518667622,0.010058255994224531
2026-05-20,22,0.015346952445828944,0.0097213643539924,0.009167963412783588,0.009860717306382587,0.00971579927425257
2026-05-21,22,0.01583797249041815,0.008929546885867454,0.00864471330879853,0.009499487669293946,0.009500138148652576
2026-05-22,22,0.015711045833957802,0.008620279912821579,0.007973801934279141,0.008743265977863752,0.008906992656056253
2026-05-26,22,0.015916692886567874,0.008831898337009038,0.008470772119468676,0.009244702179316612,0.009262462824869842
2026-05-27,22,0.015807854597777025,0.008960806520433717,0.008982046182901313,0.010391189314022272,0.00955052240496364
2026-05-28,22,0.015337012043423219,0.009956600789423052,0.01000099054151227,0.010212894158858793,0.009996159142769905
2026-05-29,22,0.015781906077300355,0.010496581454334365,0.010307709954528196,0.010176865949646995,0.01012178127685325
2026-06-01,22,0.015630094672282453,0.010652213992362807,0.010632659701891029,0.010179375476814015,0.01020004397520384
2026-06-02,22,0.01603105711814322,0.010675576458204763,0.010535238566651142,0.01000428469902049,0.010071334235501007
2026-06-03,22,0.01630622083885767,0.010403885625568857,0.010140269521665255,0.009814175179069495,0.009864064087161105
2026-06-04,22,0.016344361201645348,0.01035718154336343,0.009823127326914888,0.00930113467583364,0.0094125905539319
2026-06-05,22,0.015920353751165274,0.010505721139395328,0.009886727963896641,0.010528138093433906,0.01053188399264624
2026-06-08,22,0.01567011908153663,0.009881991592252858,0.009472904088121018,0.009856839396361904,0.009933705626302235
2026-06-09,22,0.015548982718707586,0.010052308430263847,0.009644659741043865,0.009957630460794632,0.01011684581569207
2026-06-10,22,0.015443988773421076,0.010665596082003107,0.0102922684362461,0.01107247678272598,0.011116212816261427
2026-06-11,22,0.014065598590789378,0.012317655152334463,0.011889937726494743,0.010207304169357542,0.010413138051482128
2026-06-12,22,0.012999381229053353,0.013237824389038437,0.012617654409949131,0.009904339650905345,0.010314747865498205
2026-06-15,22,0.012458456988168389,0.0135705365779024,0.012790865414508681,0.010341605133171434,0.010702676862316242
2026-06-16,22,0.01230958222614184,0.013551744293116421,0.012439527880239871,0.010228972760857661,0.010350358339047357
2026-06-17,22,0.0118461811493679,0.013354252084221052,0.01245274670831147,0.011302506938608028,0.011355889309984511
2026-06-18,22,0.011061085578500354,0.014213034863371362,0.012674091260006326,0.010721435850924478,0.010780645914986866
2026-06-22,22,0.010137191055262661,0.015238946298148207,0.012969332646413282,0.010066772235869409,0.010209347052895695
2026-06-23,22,0.009740817547008935,0.015346952445828944,0.012743063902875279,0.01064648396655705,0.010540092111120307
2026-06-24,22,0.009338932491429487,0.01583797249041815,0.013231550918869798,0.011578575334512746,0.011501999744243947
2026-06-25,22,0.009807457654931797,0.015711045833957802,0.012406882473236487,0.010746647918544995,0.01096365206692631
2026-06-29,22,0.009765961275391033,0.015807854597777025,0.012060772128392546,0.009667575034178309,0.009966171969716676
2026-06-30,22,0.009560852038355905,0.015337012043423219,0.01207145286621392,0.009692973182540376,0.009997776365103853
