Date,Horizon,Actual_Volatility,Persistence,HAR,LSTM_Default,LSTM_Tuned
2023-03-14,5,0.011121658675154841,0.00836501993514197,0.00690117432168082,0.0073853177,0.007424518
2023-03-15,5,0.012726454062714682,0.009416669161678099,0.007217267376623382,0.009532047,0.008410266
2023-03-16,5,0.014715097547908557,0.011324890284038635,0.00791768741975893,0.008398784,0.007337726
2023-03-17,5,0.011713571860693441,0.012324479278110615,0.008561498194093485,0.011307212,0.011160433
2023-03-20,5,0.011172945045480392,0.01136683147325472,0.008575966046220032,0.010930991,0.008904775
2023-03-21,5,0.013283167683963596,0.011121658675154841,0.00787402628311132,0.009610396,0.007839453
2023-03-22,5,0.012845606804250865,0.012726454062714682,0.00869748881997566,0.010115397,0.007584359
2023-03-23,5,0.008633857695590781,0.014715097547908557,0.009703846184682539,0.012452097,0.010458982
2023-03-24,5,0.009191449974409944,0.011713571860693441,0.008648894812164507,0.01067413,0.009300057
2023-03-27,5,0.009764253280820447,0.011172945045480392,0.009218349789921997,0.01033013,0.008541519
2023-03-30,5,0.00865034421967176,0.008633857695590781,0.008927043678942054,0.010213738,0.00854664
2023-03-31,5,0.00942066476328937,0.009191449974409944,0.008868464475308709,0.009371269,0.008185822
2023-04-03,5,0.00710492977364161,0.009764253280820447,0.00955987848812983,0.0102178315,0.009090392
2023-04-04,5,0.006712053915079191,0.009973950259587697,0.009590522745269054,0.010993996,0.010669381
2023-04-05,5,0.006863191634745838,0.009420789124078085,0.009417588319621655,0.011109505,0.010657728
2023-04-06,5,0.008223575345556502,0.00865034421967176,0.009230881351312649,0.010484478,0.010455636
2023-04-10,5,0.008063093664109152,0.00942066476328937,0.009745009880876855,0.010018413,0.007590278
2023-04-11,5,0.007777351959119643,0.00710492977364161,0.00882598962632914,0.009396044,0.008427351
2023-04-12,5,0.009109514427640842,0.006712053915079191,0.008991303622970109,0.0087087685,0.007696389
2023-04-13,5,0.007797229542671135,0.006863191634745838,0.008719046804716222,0.008703588,0.007775877
2023-04-14,5,0.006876290193882404,0.008223575345556502,0.00939466492504402,0.008219447,0.0072890646
2023-04-17,5,0.005943588786359617,0.008063093664109152,0.009263925808351994,0.007899592,0.007219957
2023-04-18,5,0.007155784971159256,0.007777351959119643,0.008348876092095664,0.0074398885,0.007608407
2023-04-19,5,0.004633437408300974,0.009109514427640842,0.009336265888690807,0.007693858,0.007486336
2023-04-20,5,0.00602189657774308,0.007797229542671135,0.007961225772892077,0.0075911256,0.007376417
2023-04-21,5,0.0055551209161521006,0.006876290193882404,0.008416674911694217,0.0070043523,0.0066672186
2023-04-24,5,0.007385115961201151,0.005943588786359617,0.007701916833787042,0.007231541,0.006715462
2023-04-25,5,0.007366371765681147,0.007155784971159256,0.007807854543181258,0.008063663,0.006945878
2023-04-26,5,0.008038717772774904,0.004633437408300974,0.006888797108573805,0.0067958017,0.006288197
2023-04-27,5,0.00938460686379907,0.00602189657774308,0.007448520069835666,0.007003684,0.0061277454
2023-04-28,5,0.01059861152476955,0.0055551209161521006,0.00717793939389817,0.006725762,0.006062976
2023-05-01,5,0.008526409045946455,0.007385115961201151,0.007960290205422094,0.006373741,0.006008176
2023-05-02,5,0.0074921371960453105,0.007366371765681147,0.007735175654593003,0.0075769094,0.006462827
2023-05-03,5,0.007612376722397752,0.008038717772774904,0.007828344264787509,0.007962019,0.0074503757
2023-05-04,5,0.005704081661401512,0.00938460686379907,0.008364396954946665,0.009133425,0.008885778
2023-05-05,5,0.004214272781064938,0.01059861152476955,0.00850996508759875,0.008427451,0.008453325
2023-05-08,5,0.003669950954305486,0.008526409045946455,0.007593557912571546,0.008524158,0.008254765
2023-05-09,5,0.004176951918208418,0.0074921371960453105,0.007276867895497005,0.007831175,0.007361621
2023-05-10,5,0.0027657119492475856,0.007612376722397752,0.007549801506723204,0.0077339364,0.0073750564
2023-05-11,5,0.005019515924886929,0.005704081661401512,0.0071558707818498305,0.007600767,0.006361138
2023-05-15,5,0.0043519101965192415,0.003669950954305486,0.005742618258480645,0.006753892,0.0065090475
2023-05-17,5,0.004127632674898636,0.0027657119492475856,0.005580640238914577,0.0059973104,0.0057411306
2023-05-18,5,0.001405481339934003,0.005019515924886929,0.006951384678805652,0.005907051,0.005348397
2023-05-19,5,0.0016977605498880726,0.004211464587189111,0.005921006966103869,0.0056400616,0.0053447406
2023-05-22,5,0.004863771089102507,0.0043519101965192415,0.005798092605049087,0.005612926,0.0052042543
2023-05-24,5,0.007268179777608502,0.004127632674898636,0.00574470319874728,0.005320683,0.00477533
2023-05-26,5,0.00878484151942064,0.0016977605498880726,0.0049045436180668225,0.006468765,0.0066392506
2023-05-30,5,0.007173557414240679,0.004863771089102507,0.006389392179029269,0.0061832466,0.006043651
2023-05-31,5,0.007592879510687771,0.005408832056703623,0.006473043141724596,0.0061982637,0.0058899084
2023-06-01,5,0.007015172328972709,0.007268179777608502,0.006783167192908604,0.0060974215,0.0056926734
2023-06-02,5,0.005916166410063242,0.007611752831616151,0.006901618177787296,0.0059902715,0.0054205423
2023-06-05,5,0.005063631620689566,0.00878484151942064,0.007167710859399456,0.0056672036,0.00513545
2023-06-06,5,0.006284565835529427,0.007173557414240679,0.006154980775248794,0.00539415,0.005244082
2023-06-07,5,0.005608261715171973,0.007592879510687771,0.006455938768078101,0.0050833873,0.00476372
2023-06-08,5,0.007123224821897431,0.007015172328972709,0.00638443396097505,0.0050596786,0.0048778234
2023-06-09,5,0.007205794461840521,0.005916166410063242,0.006095021345892751,0.0051590735,0.005039169
2023-06-12,5,0.007456987023002798,0.005063631620689566,0.00588296517591834,0.0050773486,0.0046129175
2023-06-13,5,0.007275648654567711,0.006284565835529427,0.006391806674373499,0.0048967,0.004905077
2023-06-14,5,0.007554949171071574,0.005608261715171973,0.006170599039268843,0.004534766,0.004811785
2023-06-15,5,0.006371258978506062,0.007123224821897431,0.0071047398022065274,0.004952845,0.004465398
2023-06-16,5,0.006262499799534767,0.007205794461840521,0.0067283423218364126,0.0048475107,0.0046783336
2023-06-20,5,0.005876604156261105,0.007456987023002798,0.00695230034833553,0.004715233,0.0045257774
2023-06-21,5,0.00545853277927244,0.007275648654567711,0.006860033841455598,0.0048007434,0.0047196643
2023-06-22,5,0.005933261498313412,0.007554949171071574,0.007055897048980641,0.0049126004,0.004877386
2023-06-23,5,0.005682057589215793,0.006371258978506062,0.007038890067587676,0.0050270064,0.0045468546
2023-06-26,5,0.00614600507633707,0.006262499799534767,0.006715981055045176,0.004886066,0.0047130324
2023-06-27,5,0.007061100428989277,0.005876604156261105,0.006703565443419386,0.0046994532,0.004878158
2023-06-29,5,0.006495241728527167,0.005933261498313412,0.00711865510390819,0.004805281,0.005003787
2023-06-30,5,0.00644060973918482,0.005682057589215793,0.006887202944076687,0.0044144243,0.004588654
2023-07-03,5,0.0062883924588333865,0.00614600507633707,0.00687934097906,0.0045045335,0.0048681404
2023-07-05,5,0.005560400159149804,0.007061100428989277,0.007107774270245736,0.004463629,0.004397061
2023-07-06,5,0.005199012387287046,0.006890655787877175,0.0069583120311493395,0.004471547,0.0045262636
2023-07-07,5,0.004461116564937736,0.006495241728527167,0.006873703128450911,0.0044073807,0.004452067
2023-07-10,5,0.0041450677743639424,0.00644060973918482,0.0069483253479308,0.0047109425,0.0045556813
2023-07-11,5,0.005174104139094985,0.0062883924588333865,0.006698216824743338,0.004876458,0.0053680115
2023-07-12,5,0.0048814230682878434,0.005560400159149804,0.0064265362290488555,0.005181173,0.0052805357
2023-07-13,5,0.0046124271510535565,0.005199012387287046,0.006413917333573525,0.0057271156,0.005597665
2023-07-14,5,0.004596393934331762,0.004461116564937736,0.006144618397142106,0.0054199817,0.005975425
2023-07-17,5,0.00376842966322727,0.0041450677743639424,0.006050892019212629,0.0053024343,0.005190267
2023-07-18,5,0.002620677157165784,0.005174104139094985,0.006580552584453728,0.005661439,0.005447358
2023-07-19,5,0.002790302810632537,0.0048814230682878434,0.005862585314892845,0.00573384,0.0058896192
2023-07-20,5,0.0027236388188047835,0.0046124271510535565,0.005853307963262149,0.005079973,0.004728402
2023-07-21,5,0.002811615041293192,0.004596393934331762,0.005808565744399268,0.0050819577,0.0052292366
2023-07-24,5,0.004451942831613244,0.00376842966322727,0.005116888529197906,0.0048277834,0.0046941233
2023-07-25,5,0.004327674515269633,0.002620677157165784,0.004995499938391578,0.0046039997,0.004719824
2023-07-26,5,0.005429911456892759,0.002790302810632537,0.004890170238980866,0.00442881,0.004597557
2023-07-28,5,0.006260987575921154,0.002811615041293192,0.004975017520410421,0.004348241,0.004731492
2023-07-31,5,0.005484647634352752,0.004451942831613244,0.005646484825483139,0.005003532,0.0052524377
2023-08-01,5,0.0053451630837854655,0.004327674515269633,0.005298766719219465,0.0045997123,0.0042930315
2023-08-02,5,0.004716160910813145,0.005429911456892759,0.0057225044112099695,0.0050621238,0.004193223
2023-08-03,5,0.0053004225725449385,0.005041114761625423,0.00543446750197063,0.004747742,0.004340818
2023-08-04,5,0.0037742400299727256,0.006260987575921154,0.0059671970470761395,0.0048746606,0.0042623593
2023-08-07,5,0.003927272543677486,0.005484647634352752,0.0055102810781318306,0.00470226,0.003847331
2023-08-08,5,0.004509392351849286,0.0053451630837854655,0.005303306163688041,0.004618624,0.00406735
2023-08-09,5,0.004637333456598219,0.004716160910813145,0.005203006381145657,0.0043501025,0.004318877
2023-08-10,5,0.004715045101918913,0.0053004225725449385,0.005463625010040819,0.004243811,0.004103019
2023-08-11,5,0.005105120943591049,0.0037742400299727256,0.004869165352293734,0.003867407,0.003910954
2023-08-14,5,0.005064478426060468,0.003927272543677486,0.005024901883877726,0.003868254,0.004252706
2023-08-15,5,0.004266629625355846,0.004509392351849286,0.005282226253383039,0.0039575193,0.003939415
2023-08-16,5,0.0046734757856416636,0.004637333456598219,0.0052864081227822065,0.004029708,0.0041460707
2023-08-17,5,0.003531125553375708,0.004715045101918913,0.005283691145549254,0.003945348,0.0037864011
2023-08-18,5,0.00288218080562871,0.005105120943591049,0.005322443893943761,0.0041351104,0.0038750123
2023-08-21,5,0.0027564026198859284,0.005064478426060468,0.005336055857398175,0.0038416223,0.0037123691
2023-08-22,5,0.0028994693719926147,0.004266629625355846,0.004940528468734191,0.00393887,0.004326058
2023-08-23,5,0.0021275943910864805,0.0046734757856416636,0.005497542791974553,0.0039563267,0.004331088
2023-08-24,5,0.0019210694226164265,0.003531125553375708,0.004786662263842655,0.0039936365,0.004041336
2023-08-25,5,0.0031432050435451493,0.00288218080562871,0.004503109847363983,0.0036968824,0.004135428
2023-08-28,5,0.0031590088032942844,0.0027564026198859284,0.004673243492194755,0.0038960448,0.0040366617
2023-08-29,5,0.0032401649661288495,0.0028994693719926147,0.004619869164563049,0.004389181,0.004387042
2023-08-30,5,0.0030395749847134477,0.0021275943910864805,0.0042958716740981034,0.0044411877,0.0048064077
2023-08-31,5,0.003740477482070904,0.0019210694226164265,0.00354601527450406,0.0043356093,0.0042527197
2023-09-01,5,0.00308284457831201,0.0031432050435451493,0.004670604391663994,0.0039648633,0.0040268246
2023-09-05,5,0.0026592431097691386,0.0031590088032942844,0.004551285232497495,0.003941957,0.0039092107
2023-09-06,5,0.00263966808596604,0.0032401649661288495,0.004338405192668262,0.0038203406,0.0039030642
2023-09-07,5,0.002864914523959116,0.0030395749847134477,0.0042055841398330115,0.0036647124,0.0036452378
2023-09-08,5,0.003613821359077546,0.003740477482070904,0.004492953665217533,0.0034284247,0.0036266882
2023-09-11,5,0.0034457054221360044,0.00308284457831201,0.0043153432416843445,0.0034232659,0.0038676395
2023-09-12,5,0.0034442652592697564,0.0026592431097691386,0.003896679999088506,0.0033280125,0.00355313
2023-09-13,5,0.005120752713943135,0.00263966808596604,0.004007257975138006,0.0033799168,0.0037851396
2023-09-14,5,0.006713497170271782,0.002864914523959116,0.004074139371351049,0.0032994791,0.0037773268
2023-09-15,5,0.006566755169210244,0.003613821359077546,0.004447952239767254,0.0033909166,0.003934875
2023-09-18,5,0.007817089416989954,0.0034457054221360044,0.004191145026956107,0.0035452247,0.0038311018
2023-09-19,5,0.009413067672548129,0.0034442652592697564,0.003907810366464117,0.0036081215,0.0036478112
2023-09-20,5,0.008622738335713814,0.005120752713943135,0.0048085253444550375,0.0036855962,0.0043901186
2023-09-21,5,0.006126505750067575,0.006713497170271782,0.005320246693979541,0.004188459,0.0042486177
2023-09-26,5,0.00656804175904681,0.009413067672548129,0.00570472391881587,0.005148894,0.0049661025
2023-09-29,5,0.005902129210773988,0.006899128230970249,0.005884348955093717,0.005418824,0.004975368
2023-10-02,5,0.00691136172017763,0.006549261682913202,0.005816618763356481,0.005492164,0.005276589
2023-10-03,5,0.006717071642186604,0.00656804175904681,0.006051521229500492,0.0055553485,0.00552254
2023-10-04,5,0.006704096423002171,0.0062432531887321166,0.005877683236967216,0.005177423,0.0045908727
2023-10-05,5,0.006834978504379095,0.005937480684156059,0.005847211978683078,0.0052310643,0.0045007425
2023-10-06,5,0.006702471615197377,0.005902129210773988,0.006149696578848411,0.005191138,0.004626994
2023-10-09,5,0.006368493839504764,0.00691136172017763,0.0066775217889049575,0.0055904863,0.0044331835
2023-10-10,5,0.0062742926562945394,0.006717071642186604,0.006518084572815193,0.0053825495,0.004360528
2023-10-11,5,0.006799097498037847,0.006704096423002171,0.006538743608503289,0.0056547592,0.0051438827
2023-10-12,5,0.007735021279345556,0.006834978504379095,0.006706601059561753,0.0053548347,0.004906846
2023-10-13,5,0.007674736132596025,0.006702471615197377,0.006924681935749444,0.0076018795,0.0056581064
2023-10-16,5,0.006669055598068334,0.006368493839504764,0.0070654374918908995,0.0067397268,0.0058131893
2023-10-17,5,0.006334355897492853,0.0062742926562945394,0.00680607044838193,0.006826581,0.0056291986
2023-10-18,5,0.00540006282428933,0.006799097498037847,0.00717275810880008,0.0071574026,0.006058378
2023-10-19,5,0.004246973686385629,0.007735021279345556,0.007693261847683412,0.007976774,0.006873167
2023-10-20,5,0.00348280319642977,0.007674736132596025,0.007484330689797307,0.0077152434,0.0067906156
2023-10-23,5,0.004628233954613993,0.006669055598068334,0.006903364668315658,0.0071090283,0.007083349
2023-10-24,5,0.0050600415356477964,0.006334355897492853,0.006678042707024759,0.007156092,0.0068725515
2023-10-25,5,0.005156156640065196,0.00540006282428933,0.006366609560777777,0.0067382716,0.00645289
2023-10-26,5,0.005747729442608366,0.004246973686385629,0.006122184089115863,0.0066014817,0.006336531
2023-10-30,5,0.004337786991265372,0.004628233954613993,0.006446269918378302,0.006226717,0.0063863723
2023-10-31,5,0.005029663013026238,0.0050600415356477964,0.006325761684352505,0.006180314,0.0060360134
2023-11-01,5,0.0052868653863892305,0.005156156640065196,0.006197454285826443,0.0058972966,0.005575826
2023-11-02,5,0.005098606844497411,0.005747729442608366,0.0065115988596567255,0.0061101466,0.006080608
2023-11-03,5,0.00522536241644193,0.004940358893924495,0.005932573281512599,0.006019713,0.0061125853
2023-11-06,5,0.0053346221978209755,0.004337786991265372,0.0060593775924965365,0.0058277296,0.005397459
2023-11-07,5,0.005765240986732612,0.005029663013026238,0.006332159698591811,0.0058383127,0.0058969003
2023-11-08,5,0.004980118298732108,0.0052868653863892305,0.006089165600381817,0.0059623383,0.006121009
2023-11-09,5,0.0045010112835562315,0.005098606844497411,0.006109790768237785,0.0063651637,0.0060830587
2023-11-10,5,0.004357796656823859,0.00522536241644193,0.0058739828906948476,0.0056899977,0.00520774
2023-11-13,5,0.004080181304644785,0.0053346221978209755,0.0061249725480600325,0.0059528104,0.005413509
2023-11-14,5,0.0036994019958094867,0.005765240986732612,0.006426582251548291,0.0065415944,0.006086322
2023-11-15,5,0.003823019047954626,0.004980118298732108,0.005399881933668432,0.0059738187,0.0055029145
2023-11-16,5,0.0033883361810948605,0.0045010112835562315,0.005608134075715975,0.0057277265,0.005346168
2023-11-17,5,0.004009331868906597,0.004357796656823859,0.005276749496106843,0.005313718,0.0051004565
2023-11-20,5,0.005947824134905769,0.004080181304644785,0.0052645234537926485,0.005278061,0.005035655
2023-11-21,5,0.005321299306304317,0.0036994019958094867,0.005319097770031142,0.006080866,0.005403281
2023-11-22,5,0.00593200219199434,0.003823019047954626,0.004905359674004582,0.0064399056,0.0064728903
2023-11-24,5,0.00693965231261558,0.0033883361810948605,0.004720719132332473,0.0058991527,0.0060163466
2023-11-27,5,0.013419710484544923,0.004009331868906597,0.005209649590498637,0.006278942,0.0059540677
2023-11-28,5,0.012448996961205765,0.005947824134905769,0.006171395868677768,0.009140121,0.008895057
2023-11-29,5,0.012348782341205988,0.005321299306304317,0.00582958816474733,0.008427439,0.0077505456
2023-11-30,5,0.012268023880632334,0.00593200219199434,0.005785784358736222,0.0075057955,0.0070280684
2023-12-01,5,0.012355443603230305,0.00693965231261558,0.006084490197914198,0.009188723,0.008230087
2023-12-04,5,0.005690855756383756,0.013419710484544923,0.008522862471424704,0.010407779,0.0071839048
2023-12-05,5,0.0052407365340079795,0.012448996961205765,0.008063458027687468,0.009270608,0.0068823043
2023-12-06,5,0.00873250704548246,0.012348782341205988,0.007941795566785207,0.009039948,0.006694926
2023-12-07,5,0.012369691909082076,0.012268023880632334,0.007819997994478751,0.008092949,0.0071501094
2023-12-08,5,0.012726494571473016,0.012355443603230305,0.007939578006439432,0.007284718,0.0060976716
2023-12-11,5,0.012766588748443435,0.005690855756383756,0.0066814488667043676,0.0066438075,0.006057011
2023-12-12,5,0.012192506638847835,0.0052407365340079795,0.006769689443330491,0.006107699,0.005792456
2023-12-13,5,0.008273180292662151,0.00873250704548246,0.00833625175740068,0.0068153567,0.005476771
2023-12-14,5,0.0046623354048149065,0.012369691909082076,0.00935468949825746,0.0072288928,0.0064084977
2023-12-15,5,0.00504881532903813,0.012726494571473016,0.00901711050211643,0.007259318,0.0063699977
2023-12-18,5,0.004810794920135507,0.012766588748443435,0.008867432514800126,0.0069868458,0.007490607
2023-12-19,5,0.005037510197188773,0.012192506638847835,0.008837597839000922,0.0068704775,0.0071456716
2023-12-20,5,0.005817988471199488,0.008273180292662151,0.00808383903125787,0.0070453556,0.0072903438
2023-12-21,5,0.0056520610044858465,0.0046623354048149065,0.007327884408703219,0.006704289,0.0064829453
2023-12-22,5,0.0047569798388360455,0.00504881532903813,0.007748334568292983,0.0070828293,0.0062183943
2023-12-26,5,0.007292898088698064,0.004810794920135507,0.007348640175765133,0.0070987577,0.006043856
2023-12-27,5,0.007066371158708998,0.005037510197188773,0.007689168808097018,0.0076208245,0.0066842623
2023-12-28,5,0.006237342265414546,0.005817988471199488,0.00800509823666268,0.007317698,0.0064322916
2023-12-29,5,0.008112790232308743,0.0056520610044858465,0.007507929479367543,0.006866593,0.0060049887
2024-01-02,5,0.007861925571615094,0.0047569798388360455,0.007438006484049805,0.0064212712,0.005683446
2024-01-03,5,0.005739420033193556,0.007292898088698064,0.008646145779756703,0.006186364,0.0055792136
2024-01-04,5,0.005216801038101387,0.007066371158708998,0.008151635949027677,0.0056864307,0.005281755
2024-01-05,5,0.007027346774997546,0.006237342265414546,0.007027343295443233,0.0052380334,0.0050618215
2024-01-08,5,0.005566918963461762,0.008112790232308743,0.007936626180105787,0.005118222,0.005123621
2024-01-09,5,0.004710394008295374,0.007861925571615094,0.007587105742735405,0.004992967,0.0050249794
2024-01-10,5,0.0048855522767638285,0.005739420033193556,0.007183898256430452,0.0046276827,0.00509759
2024-01-11,5,0.005830275718851946,0.005216801038101387,0.006670085515652209,0.0045591886,0.0049808607
2024-01-12,5,0.004041150315765664,0.007027346774997546,0.007783663215008269,0.0049812878,0.0050567603
2024-01-16,5,0.004076976310198303,0.005566918963461762,0.007179986454880777,0.0049276934,0.0058245705
2024-01-17,5,0.005400019693171065,0.004710394008295374,0.005750072183396432,0.004790101,0.00531533
2024-01-18,5,0.005014121545120847,0.0048855522767638285,0.006109879710245925,0.004779385,0.005235484
2024-01-19,5,0.004247535992210539,0.005830275718851946,0.006295970671008252,0.0048310924,0.005519865
2024-01-22,5,0.004667101450608517,0.004041150315765664,0.005633998499637889,0.0047470126,0.0049919765
2024-01-23,5,0.005579669261466027,0.004076976310198303,0.005829815169841137,0.004546579,0.00466171
2024-01-24,5,0.005775951495376325,0.005400019693171065,0.006319565646684609,0.0041858656,0.004455531
2024-01-25,5,0.007847954961302844,0.005014121545120847,0.006092268087478588,0.0044005206,0.0042352774
2024-01-26,5,0.00915507344911993,0.004247535992210539,0.00562569717143678,0.0040185573,0.0045027216
2024-01-30,5,0.00787854358827085,0.005579669261466027,0.00639201525660109,0.0043039517,0.005239222
2024-01-31,5,0.0069042524301964545,0.005775951495376325,0.006423443653326685,0.0045787003,0.004981283
2024-02-01,5,0.005811923963119336,0.007847954961302844,0.0071981152553710235,0.005350547,0.0062532905
2024-02-02,5,0.004874215205694783,0.00915507344911993,0.007353610379593925,0.0055116774,0.0059730066
2024-02-05,5,0.004039904463812302,0.009132786466814966,0.007199516864077237,0.005227045,0.005548375
2024-02-06,5,0.004791919728281607,0.00787854358827085,0.00665317930408605,0.004933397,0.00509863
2024-02-07,5,0.004927950467972248,0.0069042524301964545,0.006493756864910557,0.0048059635,0.005106762
2024-02-08,5,0.004491084296831194,0.005811923963119336,0.006327890965796521,0.004647386,0.00457321
2024-02-09,5,0.005033273670206435,0.004874215205694783,0.005907662305220681,0.004340021,0.004511161
2024-02-12,5,0.004660404096512538,0.004039904463812302,0.005792856777347812,0.0043929853,0.0042984816
2024-02-13,5,0.003421463048807067,0.004791919728281607,0.006183427583823898,0.0046049636,0.004788037
2024-02-14,5,0.0038053782221409973,0.004927950467972248,0.005857579363213779,0.0040945876,0.004039687
2024-02-15,5,0.004629843190816244,0.004491084296831194,0.005789350896221097,0.0042283763,0.0045389216
2024-02-16,5,0.004250801166093669,0.005033273670206435,0.006128813037775425,0.0043807775,0.004839333
2024-02-20,5,0.004377531753332647,0.004660404096512538,0.005819397138821997,0.0042831493,0.004257636
2024-02-21,5,0.005236429227927528,0.003421463048807067,0.004916650901733809,0.0041386,0.0044310046
2024-02-22,5,0.004951457032856702,0.0038053782221409973,0.005633954496297826,0.0040101977,0.0043200245
2024-02-23,5,0.004019628089524454,0.004629843190816244,0.006042860872600496,0.0044883117,0.004901096
2024-02-26,5,0.0045628638185908985,0.004250801166093669,0.005695687526417993,0.004207498,0.004182749
2024-02-27,5,0.004706295911760365,0.004377531753332647,0.005706914286312833,0.003988258,0.0039245524
2024-02-28,5,0.004529715580264009,0.005236429227927528,0.006018578750301337,0.004068442,0.0040109074
2024-02-29,5,0.004623728543048943,0.004951457032856702,0.005878011615982685,0.004133518,0.004324348
2024-03-01,5,0.005984519508876269,0.004019628089524454,0.005516951514494657,0.005461244,0.004948336
2024-03-04,5,0.005161769580163783,0.0045628638185908985,0.005738429178080857,0.0063517685,0.006138986
2024-03-05,5,0.004484047481050247,0.004706295911760365,0.00547472432362537,0.0071033426,0.006280143
2024-03-06,5,0.003927019573239343,0.004529715580264009,0.005294575471463196,0.007943683,0.0068000476
2024-03-07,5,0.004188006421842384,0.004623728543048943,0.0052186221810983265,0.0087003345,0.0067136562
2024-03-08,5,0.0021594864736556117,0.005984519508876269,0.005910607636803787,0.009149382,0.006923138
2024-03-11,5,0.0026853886336421482,0.005161769580163783,0.005435478467245866,0.008760569,0.007079038
2024-03-12,5,0.00291762890396917,0.004484047481050247,0.004955908035604669,0.0072852424,0.006083511
2024-03-13,5,0.005404049513804579,0.003927019573239343,0.00477557585558963,0.007555316,0.0061112912
2024-03-14,5,0.008880041868184124,0.004188006421842384,0.0051901003760384855,0.007348273,0.0054655843
2024-03-15,5,0.009279657315589863,0.0021594864736556117,0.004061873352598821,0.0063452213,0.005185678
2024-03-18,5,0.009284648883285493,0.0026853886336421482,0.0046350728912120335,0.006738853,0.0052245683
2024-03-19,5,0.009583598929915562,0.00291762890396917,0.004496663841190181,0.006596127,0.0047605545
2024-03-20,5,0.008332604256010094,0.005404049513804579,0.005658330663592618,0.006587624,0.004755148
2024-03-21,5,0.006394566101675167,0.008880041868184124,0.007007086720128912,0.0066822995,0.005025686
2024-03-22,5,0.008913829506349651,0.009279657315589863,0.006578389412447818,0.0058678747,0.0051160897
2024-03-25,5,0.01037173719946919,0.009284648883285493,0.006745105819610395,0.0058093374,0.005087374
2024-03-26,5,0.012237601494590668,0.009583598929915562,0.006550278601989551,0.0069586383,0.007243716
2024-03-27,5,0.012218984120498414,0.008332604256010094,0.006634096064420784,0.0076587517,0.0077370317
2024-03-28,5,0.012777233848124035,0.006394566101675167,0.006726249636606077,0.00920214,0.008350126
2024-04-01,5,0.01108760247712724,0.008913829506349651,0.007510368993508818,0.009005799,0.007939385
2024-04-02,5,0.010689234979404836,0.01037173719946919,0.00792013443605453,0.009346723,0.008276948
2024-04-03,5,0.009744906053623853,0.012237601494590668,0.008447896115559793,0.0099057695,0.008848376
2024-04-04,5,0.011219928516445335,0.012218984120498414,0.008267477218207187,0.0105540445,0.008995614
2024-04-05,5,0.014030234761837203,0.012777233848124035,0.008936829071721318,0.010252654,0.009796267
2024-04-08,5,0.016386526487945863,0.01108760247712724,0.008493334099931043,0.010435982,0.00881556
2024-04-09,5,0.016309232205605668,0.010689234979404836,0.008730649230570247,0.010561011,0.009027228
2024-04-10,5,0.015910419640140106,0.009744906053623853,0.008435868925728854,0.010167662,0.007887603
2024-04-11,5,0.013585364398046673,0.011219928516445335,0.009162772255044725,0.009673544,0.008317454
2024-04-12,5,0.008282763554878714,0.014030234761837203,0.010615236878742112,0.011185447,0.008697103
2024-04-15,5,0.006519926316296537,0.016386526487945863,0.011189189146384417,0.011158343,0.009359987
2024-04-16,5,0.007437956715596392,0.016309232205605668,0.011035157537860881,0.0105312755,0.010373207
2024-04-17,5,0.00720321725791496,0.015910419640140106,0.010920301080683184,0.009476798,0.008852651
2024-04-18,5,0.008230820549314377,0.013585364398046673,0.010228409194741266,0.009479988,0.008781548
2024-04-19,5,0.009099441941263955,0.008282763554878714,0.009429015636631996,0.009337533,0.008976877
2024-04-22,5,0.008102258216794651,0.006519926316296537,0.009254182998571541,0.0086141275,0.007982258
2024-04-23,5,0.007127606543384629,0.007437956715596392,0.00946093907215901,0.0088125635,0.007912224
2024-04-24,5,0.009066388147036971,0.00720321725791496,0.009086868674547171,0.0087184915,0.0078689745
2024-04-25,5,0.009857152108525823,0.008230820549314377,0.009540652816536032,0.00858562,0.0077082235
2024-04-26,5,0.01015810946987686,0.009099441941263955,0.00983010199675604,0.008106851,0.008219505
2024-04-29,5,0.011401998926324807,0.008102258216794651,0.009371575622273455,0.0077015664,0.007989962
2024-04-30,5,0.009672111832786958,0.007127606543384629,0.009319839926196737,0.007666487,0.0076953876
2024-05-01,5,0.008400210740933096,0.009066388147036971,0.009903774721876122,0.0073874025,0.00737989
2024-05-02,5,0.007023043364396403,0.009857152108525823,0.00997163710171102,0.0075352374,0.0077214227
2024-05-03,5,0.006166404691678535,0.01015810946987686,0.009874146962561815,0.0071876403,0.00710587
2024-05-06,5,0.00378666661458929,0.011401998926324807,0.01023666776540091,0.007871657,0.00841532
2024-05-07,5,0.004825435488876834,0.009672111832786958,0.008807850838296884,0.0068690684,0.007673421
2024-05-09,5,0.004302210426042728,0.007023043364396403,0.008804386524892393,0.007093973,0.0073845005
2024-05-13,5,0.004781059809205643,0.00378666661458929,0.007481854897626793,0.006996097,0.0073828427
2024-05-14,5,0.00433944374810153,0.004825435488876834,0.007289063959027214,0.0069175484,0.0070141014
2024-05-15,5,0.005014021831406745,0.0052928432852883765,0.007254275337495876,0.0072698346,0.0069332044
2024-05-16,5,0.006041281108852072,0.004302210426042728,0.006530468709133522,0.0069097285,0.006425918
2024-05-17,5,0.005933229890366247,0.004378009816117273,0.006677092675441635,0.0070131416,0.006556259
2024-05-20,5,0.005708265228269776,0.004781059809205643,0.006922953475361448,0.0069099395,0.006852362
2024-05-21,5,0.006617701397520089,0.00433944374810153,0.006497718593712594,0.0064234706,0.0065470864
2024-05-22,5,0.006375037368888599,0.005014021831406745,0.0070970813001595065,0.0063710427,0.005481599
2024-05-23,5,0.006640847428229895,0.006041281108852072,0.007088667089885486,0.006410081,0.006084482
2024-05-24,5,0.007727741558804851,0.005933229890366247,0.006882548780961183,0.006075449,0.005813988
2024-05-28,5,0.008689593280742954,0.005708265228269776,0.006777500846462491,0.0062550833,0.005727287
2024-05-30,5,0.006334113486899859,0.006375037368888599,0.007183280068354387,0.0062917154,0.00618532
2024-05-31,5,0.008805299955273592,0.006640847428229895,0.007191047023328936,0.006369254,0.0059620114
2024-06-03,5,0.008468925832557886,0.007727741558804851,0.007208360749735633,0.006687463,0.0066184923
2024-06-04,5,0.007829630435347564,0.008689593280742954,0.007268619460645295,0.007102184,0.0064713475
2024-06-05,5,0.008861579089729005,0.007247444581767867,0.006333614855017144,0.0071312296,0.006654435
2024-06-06,5,0.010550247884371857,0.006334113486899859,0.0062354409859035845,0.007315636,0.006907515
2024-06-07,5,0.0071144086714126226,0.008805299955273592,0.007709916833587679,0.0078124143,0.0066406373
2024-06-10,5,0.006825212881218345,0.008468925832557886,0.007344954748730298,0.0075343284,0.0060655666
2024-06-11,5,0.005807020839241527,0.007829630435347564,0.007139729381029783,0.00732904,0.0056058546
2024-06-12,5,0.004885807155491245,0.008861579089729005,0.007375477332906286,0.007453744,0.0060191327
2024-06-13,5,0.004220594998910234,0.010550247884371857,0.008093217918987908,0.0075915013,0.005603091
2024-06-14,5,0.0042291794599002295,0.0071144086714126226,0.00715162761181454,0.0073885615,0.005767054
2024-06-17,5,0.004285636075264292,0.006825212881218345,0.007151216106569391,0.0070663504,0.0057513514
2024-06-18,5,0.005415840853370226,0.005807020839241527,0.006141542139763757,0.006546871,0.005490011
2024-06-20,5,0.006242707364064138,0.004885807155491245,0.006350816906654361,0.006447292,0.0054769977
2024-06-21,5,0.005506527651518945,0.004220594998910234,0.006637019988181615,0.006185243,0.005332288
2024-06-24,5,0.005281268421213806,0.0042291794599002295,0.006457342200836665,0.0059197997,0.005293734
2024-06-25,5,0.004788276195053616,0.004285636075264292,0.006460889667437473,0.005834589,0.0048844004
2024-06-26,5,0.004533613155017747,0.005415840853370226,0.006729584530853247,0.005307263,0.0048975474
2024-06-27,5,0.0037159753410999897,0.006242707364064138,0.006980991299767402,0.005315718,0.005171356
2024-06-28,5,0.0036399478419502896,0.005506527651518945,0.006837498014420699,0.0052407864,0.005224349
2024-07-01,5,0.0037773418104746236,0.005281268421213806,0.0064915412914592074,0.0050717415,0.004783721
2024-07-02,5,0.0039559581287534635,0.004788276195053616,0.006267708206574605,0.0048318966,0.00481696
2024-07-03,5,0.0038920042945619518,0.004533613155017747,0.006194181177241575,0.005233178,0.005298603
2024-07-05,5,0.0051896135200645895,0.0037159753410999897,0.005638421331274862,0.0058798115,0.005363488
2024-07-08,5,0.005581390113724738,0.0036399478419502896,0.0057559595205440555,0.005738049,0.0053452277
2024-07-09,5,0.005271301616043056,0.0037773418104746236,0.005737074856070345,0.0056055044,0.0050192242
2024-07-10,5,0.005322113391127272,0.0039559581287534635,0.005816133096105655,0.005601173,0.0051191887
2024-07-11,5,0.0053690559518750425,0.0038920042945619518,0.005395964997348733,0.0062132906,0.005212465
2024-07-12,5,0.006377876920991529,0.0051896135200645895,0.005901289889377553,0.006389351,0.0059359
2024-07-15,5,0.005419005416138143,0.005581390113724738,0.0060177388176926696,0.006408489,0.0061278306
2024-07-16,5,0.005990449836857317,0.005271301616043056,0.0055224315200507685,0.0070900708,0.006512363
2024-07-17,5,0.006524584260273658,0.005322113391127272,0.0054682350552307905,0.0072464906,0.006007901
2024-07-18,5,0.009615307521238008,0.0053690559518750425,0.005509417286345851,0.0068222657,0.005247586
2024-07-19,5,0.00859984960316874,0.006377876920991529,0.006182333319147093,0.0065277372,0.0053434893
2024-07-22,5,0.010061957484448006,0.005419005416138143,0.005710735848538693,0.006057941,0.005364961
2024-07-23,5,0.01085968806666942,0.005990449836857317,0.006014760530796859,0.005986699,0.0056054825
2024-07-24,5,0.012300306962478368,0.006524584260273658,0.006129985750207072,0.006302011,0.0057383226
2024-07-25,5,0.00991546075450739,0.009615307521238008,0.007374811150598865,0.0063347546,0.005809404
2024-07-26,5,0.012395033693514593,0.00859984960316874,0.007073858537587434,0.006326082,0.0055959276
2024-07-30,5,0.015273353556572352,0.01085968806666942,0.007434696126920865,0.007217933,0.0065577845
2024-07-31,5,0.013739074724065343,0.012300306962478368,0.007968282395671879,0.008845461,0.007997837
2024-08-01,5,0.012300398839133826,0.00991546075450739,0.007814558498884919,0.00916522,0.008510568
2024-08-02,5,0.009203522685890083,0.012395033693514593,0.00879459605143113,0.010862923,0.00911353
2024-08-05,5,0.005895262625738516,0.014625049105630035,0.009728346935954922,0.015383901,0.011668561
2024-08-06,5,0.004381408096847462,0.015273353556572352,0.009795902081586618,0.009437425,0.009871805
2024-08-07,5,0.00431020324157034,0.013739074724065343,0.009307377406734187,0.008858267,0.008179609
2024-08-08,5,0.006019771138249754,0.012300398839133826,0.008958388896872725,0.008289773,0.008000331
2024-08-09,5,0.0074148060951884824,0.009203522685890083,0.008412395655213225,0.0073553156,0.006906052
2024-08-12,5,0.007633268666630936,0.005895262625738516,0.008030950527119978,0.008803105,0.007515397
2024-08-13,5,0.008534084025636421,0.004381408096847462,0.007290206999324181,0.007609688,0.0069578984
2024-08-14,5,0.008219651947079059,0.00431020324157034,0.007283109809110406,0.0072057797,0.0065563926
2024-08-15,5,0.007193409190495515,0.006019771138249754,0.008272614325494091,0.006950702,0.006351054
2024-08-16,5,0.005817131169371974,0.0074148060951884824,0.008690848527052143,0.007771207,0.0075172894
2024-08-19,5,0.004910274387156404,0.007633268666630936,0.008756165500410275,0.0076006833,0.008017245
2024-08-20,5,0.00422810692443452,0.008534084025636421,0.008813477079219027,0.008007427,0.008089876
2024-08-21,5,0.0044954562747479224,0.008219651947079059,0.008457844381367092,0.00785347,0.008464285
2024-08-22,5,0.003196195008398045,0.007193409190495515,0.008522431609323748,0.007578875,0.008260637
2024-08-23,5,0.003920271835580947,0.005817131169371974,0.007859355463289785,0.0070107207,0.00742163
2024-08-26,5,0.005057853713604484,0.004910274387156404,0.007293672503908698,0.0070409295,0.0070776804
2024-08-27,5,0.004756495014533814,0.00422810692443452,0.007073521619302142,0.006732516,0.0069619603
2024-08-29,5,0.005720370969609535,0.003196195008398045,0.006293203392575772,0.006408535,0.0067932224
2024-08-30,5,0.005057763543163077,0.003920271835580947,0.0067411789669089535,0.006139475,0.00664133
2024-09-03,5,0.004294162701063219,0.005057853713604484,0.007106704525788429,0.006972548,0.0074497466
2024-09-04,5,0.005447786249824629,0.004756495014533814,0.0064472080563690035,0.006787407,0.0068783346
2024-09-05,5,0.007234091868617045,0.004326784572134534,0.005749311288342535,0.0067503117,0.006983096
2024-09-06,5,0.007016708278258558,0.005720370969609535,0.006264507056627784,0.0070399586,0.0060663302
2024-09-09,5,0.008474112587331823,0.005057763543163077,0.00579203529369048,0.006270145,0.005854915
2024-09-11,5,0.006849969656355462,0.005447786249824629,0.006338688681187231,0.0058759158,0.00542038
2024-09-12,5,0.004869165880304688,0.007234091868617045,0.006827388208946928,0.0063263024,0.006316575
2024-09-13,5,0.003745817196532973,0.007016708278258558,0.006843615527017553,0.006913868,0.006749053
2024-09-17,5,0.005888898648567499,0.006679345010475803,0.006076625136876254,0.0066006896,0.006002469
2024-09-18,5,0.004791698098770167,0.006849969656355462,0.006519503506921496,0.00684995,0.00661173
2024-09-19,5,0.004787093775973254,0.004869165880304688,0.005574213586723554,0.0062922887,0.005835488
2024-09-20,5,0.005094003322932892,0.003745817196532973,0.005259173347473249,0.0066636624,0.006063661
2024-09-24,5,0.005198280110679992,0.005888898648567499,0.0061671844242609086,0.007009414,0.0068444754
2024-09-25,5,0.005868944687231201,0.004791698098770167,0.00579084477679921,0.0072649796,0.006894638
2024-09-26,5,0.006122667371041418,0.004787093775973254,0.005548279870576198,0.008153333,0.00784983
2024-09-27,5,0.006667322223360945,0.005094003322932892,0.005789473166070912,0.008047746,0.0077777794
2024-09-30,5,0.005532549019736952,0.0062067679387626746,0.006399662415098914,0.0077350945,0.007297839
2024-10-01,5,0.005654151664381529,0.005198280110679992,0.006104198164510292,0.008336445,0.0072422656
2024-10-02,5,0.0050542227642012185,0.005868944687231201,0.006414658829533788,0.0075143934,0.006424705
2024-10-03,5,0.005547223910425333,0.006122667371041418,0.006095996480349925,0.007815984,0.0064816214
2024-10-04,5,0.005508622615665745,0.006667322223360945,0.006506481772056801,0.007618155,0.0063017015
2024-10-07,5,0.004737907877637959,0.005532549019736952,0.00626687230601294,0.007328268,0.006136524
2024-10-08,5,0.004564149304333614,0.005654151664381529,0.0062216256310144115,0.0066101197,0.0050465134
2024-10-09,5,0.004510324531544737,0.0050542227642012185,0.00611821427673974,0.0064531052,0.005050367
2024-10-10,5,0.00327512186632274,0.005547223910425333,0.006260677348667038,0.0058221216,0.0049938094
2024-10-11,5,0.003882093864052454,0.005508622615665745,0.006266482453705112,0.006122848,0.005339213
2024-10-14,5,0.005719679103598902,0.004737907877637959,0.005458898371046698,0.005766301,0.0048452276
2024-10-17,5,0.0052629270838216976,0.00327512186632274,0.00512667514127201,0.005503914,0.0046811807
2024-10-18,5,0.00430831903204876,0.003882093864052454,0.005611108366960392,0.0052496004,0.005229114
2024-10-21,5,0.00375169120353964,0.005719679103598902,0.006141002291858087,0.0054817297,0.005032307
2024-10-22,5,0.003576093821113413,0.005403279511010313,0.006025399475058869,0.0054775956,0.005353232
2024-10-23,5,0.003917156434704344,0.004536921891030925,0.005405541923191362,0.0057336045,0.005093746
2024-10-24,5,0.004029916198577306,0.0052629270838216976,0.005780176810602181,0.005750243,0.0055392818
2024-10-25,5,0.0045891600116163365,0.00430831903204876,0.005477779132873357,0.00613507,0.0057077645
2024-10-28,5,0.0038285846566523812,0.00375169120353964,0.0053881223105803995,0.005880527,0.0056687896
2024-10-30,5,0.004996011604089751,0.003917156434704344,0.0051214290570197095,0.0060225814,0.005773231
2024-10-31,5,0.004348713900987289,0.004029916198577306,0.005357272271479276,0.006468771,0.0064811422
2024-11-01,5,0.004081104362707191,0.0045891600116163365,0.005450255158428084,0.006169655,0.005792329
2024-11-04,5,0.005096851554273967,0.0038285846566523812,0.004815679852067817,0.006070824,0.005866344
2024-11-05,5,0.005432466046219633,0.0035834101350122986,0.004829069231432238,0.0059067863,0.005999476
2024-11-06,5,0.00445682647341284,0.004996011604089751,0.00555809500362336,0.005973351,0.0046120444
2024-11-07,5,0.006179783464966996,0.004348713900987289,0.0050752305241307865,0.0058290027,0.005972405
2024-11-08,5,0.006524169790357899,0.004081104362707191,0.005125767782917889,0.0060559516,0.0053394013
2024-11-11,5,0.007662285396704908,0.005096851554273967,0.0054037427938044,0.005874092,0.005522416
2024-11-12,5,0.007767594192902437,0.005432466046219633,0.005318633201513779,0.005898661,0.0050326977
2024-11-13,5,0.007694946475392819,0.00445682647341284,0.0052473060941221296,0.0056208493,0.0051790657
2024-11-14,5,0.006140947284726263,0.006179783464966996,0.006004603937809486,0.005885992,0.0057683215
2024-11-18,5,0.005626709548111705,0.007662285396704908,0.0065272649814434895,0.005715343,0.005384174
2024-11-19,5,0.0053577581387280505,0.007767594192902437,0.006225263908874462,0.0063071307,0.005705408
2024-11-20,5,0.006486459782822317,0.007694946475392819,0.006120173393352332,0.0066017336,0.0061582243
2024-11-21,5,0.007594095848344948,0.006140947284726263,0.005913819200259025,0.006321155,0.00588789
2024-11-22,5,0.00789430137135752,0.006197766853002368,0.006142995754344071,0.006180016,0.005853597
2024-11-25,5,0.007444247836039071,0.005626709548111705,0.0061311708013542555,0.007306265,0.005567927
2024-11-26,5,0.007707611703766927,0.0053577581387280505,0.005875412896565938,0.008506658,0.0075872345
2024-11-27,5,0.006468788700733762,0.006486459782822317,0.006538257774292469,0.008590243,0.008308095
2024-11-29,5,0.005422667316172658,0.007594095848344948,0.006904276483549953,0.0087293275,0.008869052
2024-12-02,5,0.005733527106983075,0.00789430137135752,0.0070400225976012505,0.00860698,0.00783445
2024-12-03,5,0.0053161075141133565,0.007444247836039071,0.0068427491772089215,0.0074713267,0.0069287526
2024-12-04,5,0.005806742579586472,0.007707611703766927,0.006813265623340495,0.007014402,0.0064351573
2024-12-05,5,0.006801877352303943,0.006468788700733762,0.0066141542085252575,0.00654678,0.0059560584
2024-12-06,5,0.0071562926151065255,0.005422667316172658,0.006550488393653269,0.006242042,0.0055996026
2024-12-09,5,0.005879224711501774,0.005733527106983075,0.0067619410027930085,0.0061965673,0.005834676
2024-12-10,5,0.00638609135213572,0.0053161075141133565,0.006417870274105851,0.006104444,0.005976531
2024-12-11,5,0.008810242904810993,0.005806742579586472,0.006783466830429692,0.006414496,0.006417718
2024-12-12,5,0.011577075059089064,0.006801877352303943,0.007125825885029087,0.00611028,0.0060957465
2024-12-13,5,0.011375552117066012,0.0071562926151065255,0.007220319759390761,0.006346691,0.006139375
2024-12-16,5,0.01184837594958182,0.005879224711501774,0.006698459034133766,0.0062337755,0.0056845057
2024-12-17,5,0.011157345001416717,0.00638609135213572,0.006821474022880365,0.0064711715,0.005919184
2024-12-18,5,0.007984096784571923,0.008810242904810993,0.00794963262406954,0.008184011,0.007938523
2024-12-19,5,0.005073796979181834,0.011577075059089064,0.008775448956497366,0.0069148904,0.006777087
2024-12-20,5,0.005289841830257418,0.011375552117066012,0.008369904422989327,0.0062781065,0.0058412086
2024-12-23,5,0.004925904119148494,0.01184837594958182,0.008428202093375692,0.006274551,0.006050228
2024-12-24,5,0.005353870979577164,0.011157345001416717,0.008001388262558156,0.0059689325,0.006013978
2024-12-26,5,0.00523339317460201,0.007984096784571923,0.007530559290090447,0.006064566,0.005788709
2024-12-27,5,0.005501270888456687,0.005073796979181834,0.007135436533883388,0.005956187,0.0056654285
2024-12-30,5,0.005199914086907624,0.005289841830257418,0.007254298919927718,0.006253807,0.0056970124
2024-12-31,5,0.005746183438816916,0.004925904119148494,0.006833195092184816,0.005815474,0.0054241912
2025-01-02,5,0.007106502709212229,0.005353870979577164,0.006855490772369374,0.0059066066,0.0058533624
2025-01-03,5,0.006790326062852535,0.00523339317460201,0.0065864661204672005,0.005414482,0.005755785
2025-01-06,5,0.005908875297918576,0.005501270888456687,0.007057502758250424,0.005632861,0.0058690254
2025-01-07,5,0.005754206894652913,0.005199914086907624,0.006878643305309132,0.005724423,0.00553226
2025-01-08,5,0.006002166624139081,0.005746183438816916,0.007102659727986241,0.005673568,0.0055988636
2025-01-10,5,0.005242519156055117,0.007106502709212229,0.007707910207078813,0.006130779,0.0064954767
2025-01-13,5,0.006855491248406854,0.006790326062852535,0.006836670108534301,0.005530915,0.0056211953
2025-01-14,5,0.006268081973654499,0.005908875297918576,0.007059014727288594,0.005587398,0.0055182884
2025-01-15,5,0.0065869094442227855,0.005754206894652913,0.006970537403337809,0.0064184857,0.00576353
2025-01-16,5,0.006647993709966198,0.006002166624139081,0.0071130699052877515,0.006964401,0.006612556
2025-01-17,5,0.006381912855563583,0.005242519156055117,0.006932431451375096,0.0070553333,0.0066676135
2025-01-21,5,0.00456576676103243,0.006855491248406854,0.007514527272838809,0.00791542,0.007852099
2025-01-22,5,0.005199014036048889,0.006268081973654499,0.006892000564691249,0.007589414,0.0072750645
2025-01-23,5,0.005583584376903075,0.0065869094442227855,0.0069502584825583925,0.007511216,0.006802571
2025-01-24,5,0.005541764686008719,0.006647993709966198,0.006623248715943401,0.007236442,0.0070254216
2025-01-27,5,0.008406706991781558,0.006381912855563583,0.006509298560456675,0.0078055854,0.0070286323
2025-01-28,5,0.010272112326133896,0.00456576676103243,0.005233875749178086,0.007222281,0.006370511
2025-01-30,5,0.009737848771604937,0.005583584376903075,0.006488632261721161,0.0087105585,0.008173695
2025-01-31,5,0.01001802340701527,0.005541764686008719,0.0064610155498385285,0.00828336,0.0068355813
2025-02-03,5,0.007263227409357558,0.008406706991781558,0.0075303326193566595,0.008782318,0.008749476
2025-02-04,5,0.00845868187448459,0.010272112326133896,0.007705171069374809,0.009527213,0.0088761095
2025-02-05,5,0.009868095428006797,0.009483753573316522,0.007586563494714475,0.009591296,0.008893501
2025-02-06,5,0.009232930712941748,0.009737848771604937,0.00792517396344292,0.009166846,0.008181318
2025-02-07,5,0.009694141569661023,0.01001802340701527,0.007955605156489177,0.008924653,0.008100355
2025-02-10,5,0.010623166428686659,0.007263227409357558,0.007188324397921433,0.009211544,0.008152703
2025-02-11,5,0.00906793772205924,0.00845868187448459,0.007962865397169993,0.009091853,0.00832882
2025-02-12,5,0.008924722646170403,0.009868095428006797,0.008257211625868234,0.009203005,0.007822718
2025-02-13,5,0.009122427103799341,0.009232930712941748,0.008053278104542701,0.009063565,0.008287074
2025-02-14,5,0.007942385349562939,0.009694141569661023,0.008494649973225021,0.00945377,0.008444274
2025-02-18,5,0.008378755373269953,0.010623166428686659,0.008644526390672745,0.010027551,0.009441751
2025-02-19,5,0.00783826309096212,0.00906793772205924,0.008223149851986914,0.008701952,0.008507318
2025-02-20,5,0.007248841067554872,0.008924722646170403,0.008573602121059955,0.0087175965,0.008460528
2025-02-21,5,0.006682453425655709,0.009122427103799341,0.008375550733514524,0.009388845,0.008798364
2025-02-24,5,0.008342810534995642,0.007942385349562939,0.00816396285070822,0.009299927,0.009353692
2025-02-25,5,0.00813071531554537,0.008378755373269953,0.008555947889484444,0.008890724,0.008023594
2025-02-26,5,0.009208080010300936,0.00783826309096212,0.007956014543089229,0.008782754,0.008171481
2025-02-27,5,0.008132957296854372,0.007248841067554872,0.008261379681436276,0.008668783,0.008157462
2025-02-28,5,0.009260697014597509,0.006682453425655709,0.007988110320804936,0.00761668,0.0072033545
2025-03-03,5,0.007990650286147169,0.008342810534995642,0.008831578884251547,0.00870277,0.007210681
2025-03-04,5,0.0072590325018651505,0.00813071531554537,0.008703405127153127,0.009223099,0.007662773
2025-03-05,5,0.00607965225981733,0.009208080010300936,0.008894518076568348,0.008945854,0.0076751555
2025-03-06,5,0.006351900114359963,0.008132957296854372,0.008163760893884743,0.009369218,0.00758296
2025-03-07,5,0.005475450723972155,0.009260697014597509,0.008692725732043525,0.0083502345,0.007932105
2025-03-10,5,0.00444634278493766,0.007990650286147169,0.008386779658013774,0.009151556,0.0077882963
2025-03-11,5,0.0042767726888545115,0.0072590325018651505,0.008082788256706728,0.007796252,0.0076854425
2025-03-12,5,0.0048040846174014695,0.00607965225981733,0.0074349962887167295,0.0072243204,0.006916978
2025-03-13,5,0.0045994308109445995,0.006351900114359963,0.007759866465556356,0.0076293037,0.0070656086
2025-03-14,5,0.005196012775497966,0.005475450723972155,0.007356553512490934,0.007166217,0.007178372
2025-03-17,5,0.0055815149160529124,0.00444634278493766,0.006608527239729725,0.0072572203,0.0073392973
2025-03-18,5,0.005473287792412823,0.0042767726888545115,0.006725942429467992,0.007349643,0.0069643804
2025-03-19,5,0.005110451421272564,0.0048040846174014695,0.0067461019770036984,0.0070197256,0.0063138017
2025-03-20,5,0.005126879076953231,0.0045994308109445995,0.0065727246786851405,0.006758795,0.0060125873
2025-03-21,5,0.0046421871743324945,0.005196012775497966,0.006949270990838365,0.006274635,0.0057844487
2025-03-24,5,0.005367747080892066,0.0055815149160529124,0.006665567322324777,0.005741637,0.005444055
2025-03-25,5,0.00651551084167485,0.005473287792412823,0.0065914945735782516,0.0055713286,0.005464325
2025-03-26,5,0.008245560048352902,0.005110451421272564,0.006387679786454242,0.0052713985,0.005158318
2025-03-27,5,0.012161421574478672,0.005126879076953231,0.006323191892002226,0.0067142486,0.007325777
2025-03-28,5,0.014013178763760075,0.0046421871743324945,0.006336559562588536,0.0074768,0.008237252
2025-03-31,5,0.016380843263713755,0.005367747080892066,0.006532868388798333,0.008196223,0.007821822
2025-04-01,5,0.017852259611810518,0.00651551084167485,0.007006227920244334,0.008915151,0.008258651
2025-04-02,5,0.019695877512792285,0.008245560048352902,0.00732869210892475,0.008841813,0.008613006
2025-04-03,5,0.01735206054111199,0.012161421574478672,0.008549895178455696,0.011313543,0.009029953
2025-04-04,5,0.016614064222419653,0.014013178763760075,0.008839999140320073,0.014027321,0.012110626
2025-04-07,5,0.014162659166332496,0.016380843263713755,0.00964934738495892,0.011395732,0.010178524
2025-04-08,5,0.01135611112216041,0.017852259611810518,0.009991485130380975,0.01463262,0.011759484
2025-04-09,5,0.009190002367547658,0.019695877512792285,0.010653683048487374,0.014093298,0.009437916
2025-04-10,5,0.009030287406087701,0.01735206054111199,0.0103741082436161,0.014105615,0.010600749
2025-04-11,5,0.015161392392332199,0.016614064222419653,0.010496722325176863,0.015761409,0.010836078
2025-04-14,5,0.020288151896756697,0.014162659166332496,0.010053689913865186,0.01256397,0.010207097
2025-04-15,5,0.02220948589438763,0.01135611112216041,0.00932950066510231,0.011972314,0.010257612
2025-04-16,5,0.022822528657073005,0.009190002367547658,0.009503926720189336,0.0147890365,0.011589846
2025-04-17,5,0.020586380098337975,0.009030287406087701,0.00966495486135609,0.01278809,0.009309995
2025-04-22,5,0.013831486921241773,0.015161392392332199,0.012129306093486612,0.016228072,0.010580756
2025-04-23,5,0.009838144337801377,0.020288151896756697,0.013415018257169961,0.013131344,0.008888684
2025-04-24,5,0.009948952145330356,0.02220948589438763,0.013301136012227219,0.0132369995,0.012037043
2025-04-25,5,0.009574288235877127,0.022822528657073005,0.01360106789766823,0.01248559,0.010964788
2025-04-28,5,0.011007455408765734,0.020586380098337975,0.011816759984121097,0.012603174,0.012104662
2025-04-29,5,0.013361162187040917,0.013831486921241773,0.012164009957934343,0.012339675,0.010503287
2025-04-30,5,0.012554567478549515,0.009838144337801377,0.011735620834720207,0.013124021,0.013196489
2025-05-01,5,0.011579468441855622,0.009948952145330356,0.011929153834992408,0.012376493,0.009935966
2025-05-02,5,0.009427937637155097,0.009574288235877127,0.011840044765155254,0.011211762,0.010472681
2025-05-05,5,0.01100851733244599,0.011007455408765734,0.011934087444589013,0.012360662,0.011851002
2025-05-06,5,0.00831942976023527,0.013361162187040917,0.013011478724263626,0.013649386,0.013112062
2025-05-07,5,0.008087250578502243,0.012554567478549515,0.012174730731464904,0.012516049,0.012944848
2025-05-08,5,0.01029486204738155,0.011579468441855622,0.011845328926969942,0.012795427,0.011316171
2025-05-09,5,0.011514252945990393,0.009427937637155097,0.010126127116216618,0.011876075,0.012574391
2025-05-12,5,0.011687752226043333,0.01100851733244599,0.01155576270125994,0.01104231,0.009607513
2025-05-13,5,0.012979511331806807,0.00831942976023527,0.010338576772823224,0.01036488,0.010994064
2025-05-14,5,0.012643108512876342,0.008087250578502243,0.01024470195351171,0.010588549,0.010696803
2025-05-15,5,0.010341567635648516,0.01029486204738155,0.011282359478282567,0.010957836,0.010520444
2025-05-16,5,0.011239302183044544,0.011514252945990393,0.011079076976127889,0.010780279,0.010725753
2025-05-19,5,0.01018431413414424,0.011687752226043333,0.011748722592739552,0.010847974,0.010971456
2025-05-20,5,0.00938380414489036,0.012979511331806807,0.011955545629466007,0.011041304,0.011892498
2025-05-21,5,0.012457609170487573,0.012643108512876342,0.011450362932255917,0.011600844,0.013148519
2025-05-22,5,0.012609680906250262,0.010341567635648516,0.010431547807775174,0.010805032,0.010838507
2025-05-23,5,0.011993015307555305,0.011239302183044544,0.010240102561328185,0.011252522,0.011396471
2025-05-27,5,0.011975657815203407,0.01018431413414424,0.009996643839970454,0.010732901,0.009466857
2025-05-29,5,0.009579659347111677,0.012457609170487573,0.01095778575792037,0.010732593,0.010475563
2025-05-30,5,0.00981596747052694,0.012609680906250262,0.01070241247841274,0.010743356,0.009858705
2025-06-02,5,0.010079572501546058,0.011993015307555305,0.010502630050334898,0.01097075,0.010358176
2025-06-03,5,0.010454148586278349,0.011975657815203407,0.010524101128629294,0.010863192,0.009442084
2025-06-04,5,0.011024340895270403,0.010924918212221819,0.01002783480176258,0.0103228465,0.009573896
2025-06-05,5,0.011633462552078155,0.009579659347111677,0.01007915905676015,0.010043879,0.009476929
2025-06-06,5,0.011592997249951198,0.00981596747052694,0.00983517275036517,0.009958444,0.009530021
2025-06-09,5,0.01111593839818739,0.010079572501546058,0.009919815631345929,0.009347583,0.00901787
2025-06-10,5,0.009404246791089811,0.010454148586278349,0.010177887464871378,0.009155628,0.0092878025
2025-06-11,5,0.008833120803590394,0.011024340895270403,0.010365879558828941,0.0090692295,0.009159108
2025-06-12,5,0.008467118610055217,0.011633462552078155,0.010629436373282246,0.009855157,0.010815234
2025-06-13,5,0.008000224289148124,0.011592997249951198,0.010538645571698344,0.0116361175,0.01243808
2025-06-16,5,0.008586733585590938,0.01111593839818739,0.010365103646163968,0.009564483,0.010900989
2025-06-17,5,0.008608076437779172,0.009404246791089811,0.009485658054332711,0.010282195,0.010648081
2025-06-18,5,0.007582948709954211,0.008833120803590394,0.00950207775470115,0.009820789,0.00919985
2025-06-20,5,0.00733646023123252,0.008467118610055217,0.009581020503556291,0.009639917,0.0075836657
2025-06-23,5,0.007408738889119789,0.008000224289148124,0.00916171543180003,0.008770321,0.008264647
2025-06-24,5,0.0071373240201519726,0.008586733585590938,0.009517533637536147,0.008226799,0.0076299184
2025-06-25,5,0.007292940094237429,0.008608076437779172,0.009138982284302377,0.0075820955,0.0074044014
2025-06-26,5,0.008397540606119937,0.007582948709954211,0.008355346013924405,0.0072831903,0.0073782355
2025-06-27,5,0.007858028334089398,0.00733646023123252,0.008960248176757453,0.007608886,0.0070874374
2025-06-30,5,0.00810970665608594,0.007408738889119789,0.008812610601462954,0.007961132,0.0077609005
2025-07-01,5,0.007669801798804265,0.0071373240201519726,0.008605712482932612,0.007864465,0.008024042
2025-07-02,5,0.007634112393987336,0.007292940094237429,0.008381713595658459,0.007658211,0.008296317
2025-07-03,5,0.00781885043716612,0.008397540606119937,0.00865605851935528,0.007705258,0.0076245293
2025-07-07,5,0.0071030130910659925,0.007858028334089398,0.00857782731536112,0.007541211,0.006796608
2025-07-08,5,0.005869587864995361,0.00810970665608594,0.008695920243033941,0.0065675257,0.0067795147
2025-07-09,5,0.005602715178685545,0.007669801798804265,0.008424636811515108,0.006449764,0.0062048193
2025-07-10,5,0.006889018417399901,0.007634112393987336,0.008198633056768628,0.0063001276,0.006199996
2025-07-11,5,0.00539515950113133,0.00781885043716612,0.008313830872010283,0.0065529766,0.0066713025
2025-07-14,5,0.005736752203355253,0.0071030130910659925,0.007876050237560016,0.006513755,0.0066689295
2025-07-15,5,0.006775918010339608,0.005869587864995361,0.007287953886745323,0.0060126297,0.006380802
2025-07-16,5,0.006849987626741253,0.005602715178685545,0.007196526322284671,0.0064137625,0.006058337
2025-07-17,5,0.006116541838474805,0.006889018417399901,0.007718658643547074,0.006199685,0.00604451
2025-07-18,5,0.0077630855473760675,0.00539515950113133,0.006419739424681355,0.0060177413,0.006160759
2025-07-21,5,0.006767170186260558,0.005736752203355253,0.0072093097832168565,0.006810338,0.006813583
2025-07-22,5,0.00637554461378129,0.006775918010339608,0.007522747518784704,0.007942551,0.0077023483
2025-07-23,5,0.008338311233018066,0.006849987626741253,0.007300089306042768,0.0078121424,0.008017375
2025-07-24,5,0.009029310562314645,0.006116541838474805,0.007210775502323591,0.007509604,0.006812481
2025-07-25,5,0.009595885444577564,0.0077630855473760675,0.007522804970125466,0.007429508,0.0071753226
2025-07-28,5,0.011565929878121002,0.006767170186260558,0.0069104084351367815,0.007129393,0.006764557
2025-07-30,5,0.009332982280538643,0.008338311233018066,0.007915715770119073,0.0072291894,0.0071808053
2025-07-31,5,0.008921038535166863,0.009029310562314645,0.008030632126881992,0.0072325063,0.008460537
2025-08-01,5,0.010509447937676039,0.009595885444577564,0.008175567552726803,0.0076278667,0.008132571
2025-08-04,5,0.011784311591223805,0.011565929878121002,0.008583897625960532,0.0079704365,0.008004487
2025-08-05,5,0.011339891920613,0.01103587515535113,0.00851449168106646,0.007443745,0.007672137
2025-08-06,5,0.010846386506204418,0.009332982280538643,0.008017772676829345,0.0071140784,0.0076352726
2025-08-07,5,0.010364034561882627,0.008921038535166863,0.008058150413823722,0.007514763,0.007372423
2025-08-08,5,0.007259234292960319,0.010509447937676039,0.008889167683213147,0.007017504,0.007310395
2025-08-11,5,0.004870556378536529,0.011784311591223805,0.00935264812172882,0.0077411784,0.006929968
2025-08-12,5,0.004735968831484787,0.011339891920613,0.008939991206019035,0.007202149,0.006791794
2025-08-13,5,0.004401629376418368,0.010846386506204418,0.00857028377108593,0.0070753186,0.0066032517
2025-08-14,5,0.004132390370531436,0.010364034561882627,0.008788653123971929,0.007277801,0.0067169964
2025-08-15,5,0.00437759948074951,0.007259234292960319,0.007965053487095078,0.006548975,0.0066980966
2025-08-18,5,0.004109140884421603,0.004870556378536529,0.007293373528116069,0.0061630947,0.006260469
2025-08-19,5,0.003931571989471345,0.004735968831484787,0.007448876910929178,0.005918563,0.005733124
2025-08-20,5,0.004807303254387384,0.004401629376418368,0.0068686370727073015,0.005708477,0.0058351397
2025-08-21,5,0.00495280251932405,0.004132390370531436,0.007006193654039335,0.005600943,0.0057936185
2025-08-22,5,0.005112201119187037,0.00437759948074951,0.007033631759046565,0.005390758,0.0052506393
2025-08-25,5,0.0061263029618186604,0.004109140884421603,0.006749268129918428,0.0054463316,0.005472894
2025-08-26,5,0.005695252131599058,0.003931571989471345,0.006724026279840932,0.005831268,0.005167984
2025-08-27,5,0.007043719150382462,0.004807303254387384,0.007115821095565187,0.0059639276,0.00562534
2025-08-28,5,0.0060177967131573844,0.00495280251932405,0.007099943051925852,0.0063410494,0.0065952307
2025-08-29,5,0.006383461503133183,0.005112201119187037,0.006935822056825327,0.0073657604,0.006739827
2025-09-02,5,0.006459635691296885,0.0061263029618186604,0.007234807945200927,0.008348553,0.008640494
2025-09-03,5,0.007408617360444549,0.005695252131599058,0.006674551043625945,0.0083942115,0.007968176
2025-09-04,5,0.005944634805013806,0.007043719150382462,0.0074075817770424155,0.00892633,0.008046083
2025-09-05,5,0.006977133184898156,0.0060177967131573844,0.00620571331361352,0.008702604,0.008040594
2025-09-08,5,0.006749515211597389,0.006383461503133183,0.006950236129560122,0.009793245,0.008733449
2025-09-09,5,0.0057079690240774235,0.006459635691296885,0.007010810011822698,0.0091346605,0.0078421645
2025-09-10,5,0.005496634644234128,0.007408617360444549,0.00686386702429809,0.008832988,0.0078079416
2025-09-11,5,0.006279261127028055,0.005944634805013806,0.006195489907707072,0.008197998,0.007496435
2025-09-12,5,0.006506099703983228,0.006977133184898156,0.006377529220304605,0.00781838,0.0072704903
2025-09-15,5,0.006731649509594199,0.006749515211597389,0.006437224162199159,0.008793812,0.008124714
2025-09-16,5,0.007260195899514261,0.0057079690240774235,0.006027144577344634,0.008922461,0.007929987
2025-09-17,5,0.006724354967415581,0.005496634644234128,0.006213473152676797,0.008805703,0.0073113465
2025-09-18,5,0.006159963220243549,0.006279261127028055,0.006583611681165974,0.00783122,0.006893445
2025-09-19,5,0.00598560115204975,0.006506099703983228,0.006576455129384043,0.00763362,0.007084309
2025-09-22,5,0.006142697208398285,0.006731649509594199,0.006790377769008274,0.008715498,0.008551984
2025-09-23,5,0.007935796315081584,0.007260195899514261,0.006877053459207801,0.009550382,0.008774557
2025-09-24,5,0.009317584456425939,0.006724354967415581,0.0066484308620544125,0.008787948,0.007819279
2025-09-25,5,0.010757154469580556,0.006159963220243549,0.006739395489878074,0.008978862,0.008339216
2025-09-29,5,0.010928468134285739,0.006142697208398285,0.006872037098839048,0.010599454,0.0092620095
2025-09-30,5,0.009811864818213015,0.007935796315081584,0.0075771386147975295,0.011050331,0.009922619
2025-10-01,5,0.008996968896139372,0.009317584456425939,0.007831676360505078,0.0105315475,0.010063299
2025-10-02,5,0.01006681417222554,0.010757154469580556,0.008241505791416045,0.010266683,0.009081013
2025-10-03,5,0.011428569416707118,0.009729439879589288,0.007923818581381423,0.009909682,0.00886855
2025-10-06,5,0.01077721474914285,0.010928468134285739,0.008419261911460854,0.010853432,0.010789592
2025-10-07,5,0.012131247094009255,0.009811864818213015,0.00826143997739761,0.011481699,0.010273868
2025-10-08,5,0.01331052022279846,0.008996968896139372,0.007968276019622527,0.01157712,0.010775888
2025-10-09,5,0.012596436637497635,0.01006681417222554,0.008753389725408863,0.011984524,0.009308437
2025-10-10,5,0.014120500925022728,0.011428569416707118,0.008984428657334892,0.014307271,0.01181985
2025-10-13,5,0.016388560573071934,0.01077721474914285,0.008974725995509617,0.013250816,0.011060189
2025-10-14,5,0.013657719227464117,0.012131247094009255,0.009525221470373893,0.014816128,0.014303637
2025-10-15,5,0.01591355464584927,0.01331052022279846,0.009746439996968687,0.015314618,0.013902426
2025-10-16,5,0.015427297748962869,0.012596436637497635,0.009995651558031778,0.017886154,0.017355217
2025-10-17,5,0.01355881168702106,0.014120500925022728,0.010709988816417226,0.015873943,0.013822857
2025-10-20,5,0.013442876971506612,0.016388560573071934,0.011399694042829324,0.01537392,0.014023299
2025-10-21,5,0.01700440336684531,0.013657719227464117,0.009612507510534597,0.014354429,0.011735895
2025-10-22,5,0.015601811951801896,0.01591355464584927,0.011585759646948468,0.01409049,0.012419868
2025-10-23,5,0.01773336614562059,0.015427297748962869,0.011366758632965185,0.013603428,0.013634841
2025-10-24,5,0.017410503466184654,0.01355881168702106,0.01121320033730178,0.012906346,0.013386041
2025-10-27,5,0.014560355211709093,0.013442876971506612,0.011845220688155021,0.0124147115,0.011703477
2025-10-28,5,0.01230452201814858,0.01700440336684531,0.012470982955782885,0.012862002,0.01214833
2025-10-30,5,0.00822523355686604,0.01773336614562059,0.012892550594048442,0.013269494,0.01326921
2025-10-31,5,0.006387703441102551,0.017410503466184654,0.012485693965723597,0.012256129,0.011170959
2025-11-03,5,0.007384649039272482,0.014560355211709093,0.012041994441268335,0.011769745,0.011302251
2025-11-04,5,0.006828906287811811,0.01230452201814858,0.011725483161015753,0.012361589,0.009244987
2025-11-05,5,0.00749988977670638,0.010962714237383972,0.011061598676994302,0.010940721,0.009602283
2025-11-06,5,0.00839921931834203,0.00822523355686604,0.010491837091261565,0.010947193,0.008594545
2025-11-07,5,0.01221591019488389,0.006387703441102551,0.008730017271948507,0.010196498,0.009462429
2025-11-10,5,0.012208696582991873,0.007384649039272482,0.010448159399187083,0.010741476,0.00917676
2025-11-11,5,0.012440357044447202,0.006828906287811811,0.009884113589503096,0.010425383,0.009215924
2025-11-12,5,0.013014741939244331,0.00749988977670638,0.010129572670049325,0.01100575,0.010400289
2025-11-13,5,0.013379848055310431,0.00839921931834203,0.01035500525824583,0.011414086,0.010894991
2025-11-14,5,0.01112675691217152,0.01221591019488389,0.011556687979338991,0.011431166,0.010596144
2025-11-17,5,0.008922582270489381,0.012208696582991873,0.011469480086203753,0.0117366845,0.01114962
2025-11-18,5,0.009148871164901245,0.012440357044447202,0.010973958028600546,0.011477334,0.012630675
2025-11-19,5,0.007397849765589015,0.013014741939244331,0.010991140110659567,0.011030401,0.011403564
2025-11-20,5,0.007005319345097468,0.013379848055310431,0.011363245785657821,0.011026105,0.012041957
2025-11-21,5,0.006932134178614798,0.01112675691217152,0.010449958916671902,0.009454825,0.010576816
2025-11-24,5,0.00810592662364181,0.008922582270489381,0.009590453289023733,0.009139693,0.010429514
2025-11-26,5,0.009220315342414227,0.007397849765589015,0.008949684038901277,0.008832184,0.009677762
2025-11-28,5,0.00932294296299726,0.007005319345097468,0.008961680339486298,0.0087516,0.009524469
2025-12-01,5,0.009033994749275057,0.006932134178614798,0.008773927330476815,0.008795414,0.009111092
2025-12-02,5,0.00861724584235325,0.00810592662364181,0.008812262993636152,0.009050221,0.008787914
2025-12-03,5,0.008454342729753712,0.008360912538630453,0.00889023195204696,0.00874295,0.008641103
2025-12-04,5,0.00848947804295198,0.009220315342414227,0.009027240441980946,0.008642913,0.008708868
2025-12-05,5,0.009447321353676421,0.00932294296299726,0.009181832843597222,0.00810498,0.008421389
2025-12-08,5,0.010263556623129543,0.009033994749275057,0.008935419422322897,0.008029419,0.008282989
2025-12-09,5,0.011114529947394107,0.00861724584235325,0.008872898351469809,0.008008526,0.008222834
2025-12-10,5,0.010025648689544446,0.008454342729753712,0.009124628140824893,0.008039751,0.00828419
2025-12-11,5,0.009146172062939353,0.00848947804295198,0.009023365513126842,0.008254824,0.008173948
2025-12-12,5,0.006338208507515883,0.009447321353676421,0.009647744202412488,0.008866177,0.00858088
2025-12-15,5,0.005076544497133802,0.010263556623129543,0.00967106141785565,0.008675445,0.009608032
2025-12-16,5,0.006121796226717716,0.011114529947394107,0.009835204043088712,0.008458863,0.009871052
2025-12-17,5,0.00673940730011246,0.010025648689544446,0.008822649986605015,0.008599235,0.01048007
2025-12-18,5,0.007956934011366915,0.009146172062939353,0.008568909982417446,0.008826838,0.009955263
2025-12-19,5,0.014612095371863872,0.006338208507515883,0.007652556355669654,0.008167972,0.008861123
2025-12-22,5,0.016147694514655694,0.005076544497133802,0.007300302894823799,0.008785417,0.0094676465
2025-12-23,5,0.016019165002581104,0.006121796226717716,0.008048277204358602,0.008952626,0.0089863455
2025-12-24,5,0.015929748541533686,0.00673940730011246,0.00786922799540238,0.009244228,0.009291235
2025-12-26,5,0.017200117980650624,0.007956934011366915,0.008476952476131368,0.008919514,0.009579527
2025-12-29,5,0.01067244914470669,0.014612095371863872,0.0106996595585922,0.011025564,0.010428087
2025-12-30,5,0.009762934784940305,0.016147694514655694,0.010642180952161732,0.01018433,0.009683794
2025-12-31,5,0.008404007754227309,0.016019165002581104,0.010842176955294552,0.010992617,0.012038621
2026-01-02,5,0.008295946749019022,0.015929748541533686,0.010391096878681828,0.010176699,0.009935284
2026-01-05,5,0.008905633775216873,0.017200117980650624,0.011210534203844779,0.010059949,0.011067254
2026-01-06,5,0.010102183443182759,0.01067244914470669,0.009446259042688719,0.010198992,0.011628092
2026-01-07,5,0.009806781785097283,0.009762934784940305,0.009542136133111218,0.01068194,0.011286267
2026-01-08,5,0.008659519851621118,0.008404007754227309,0.009265183260297275,0.011330652,0.011498662
2026-01-09,5,0.00797490992032104,0.008295946749019022,0.009046729558690259,0.0104813995,0.010230331
2026-01-12,5,0.007223310174144281,0.008905633775216873,0.009963360797178829,0.0108823385,0.011483068
2026-01-13,5,0.010782556822331065,0.010102183443182759,0.009915908649636866,0.01118316,0.010991134
2026-01-14,5,0.011294380841681795,0.009806781785097283,0.009614502744217641,0.011093312,0.0113833
2026-01-15,5,0.012620365599446168,0.008659519851621118,0.00886292583681227,0.010561964,0.010261026
2026-01-16,5,0.01663552139766455,0.00797490992032104,0.00838885758256027,0.010209761,0.010239403
2026-01-20,5,0.01663853573723511,0.007223310174144281,0.009071224554489487,0.011693051,0.011062136
2026-01-21,5,0.013232659018756601,0.010782556822331065,0.010545736808577457,0.012924502,0.010952592
2026-01-22,5,0.03294073235167531,0.011294380841681795,0.010260421577747687,0.012731488,0.012372904
2026-01-23,5,0.04544737204962541,0.012620365599446168,0.010699319354668817,0.013906688,0.012449551
2026-01-26,5,0.06230749506261102,0.01663552139766455,0.012073054856710595,0.014040015,0.013417463
2026-01-29,5,0.04396506834758226,0.03294073235167531,0.016098427986985884,0.017909437,0.01410458
2026-01-30,5,0.04324580702431511,0.04544737204962541,0.01723608084812519,0.016390193,0.014562219
2026-02-02,5,0.032299510472804896,0.06230749506261102,0.020444775614967502,0.014659897,0.010262058
2026-02-03,5,0.02693609219077302,0.05554466324180479,0.02000397109054447,0.014902115,0.015153371
2026-02-04,5,0.023148258225273482,0.05096984811048412,0.02031562188607554,0.015501321,0.015101911
2026-02-05,5,0.020310133766363734,0.04396506834758226,0.020107021964621885,0.016183985,0.014083739
2026-02-06,5,0.013945056126469724,0.04324580702431511,0.021234756547939857,0.016557747,0.01623263
2026-02-09,5,0.013574955259490712,0.032299510472804896,0.019634581453473153,0.01712144,0.016921083
2026-02-10,5,0.012788458342278687,0.02693609219077302,0.018435641605935516,0.01575503,0.01329053
2026-02-11,5,0.011170050225618103,0.023148258225273482,0.01839927862384169,0.016955167,0.013491073
2026-02-12,5,0.010203088112810633,0.020310133766363734,0.018087359733905992,0.016844554,0.014618446
2026-02-13,5,0.010462302862659707,0.013945056126469724,0.016585976055504784,0.017064972,0.014177362
2026-02-17,5,0.009768228346770543,0.013574955259490712,0.016872221487152596,0.017291026,0.013271152
2026-02-18,5,0.00926219758826686,0.012788458342278687,0.015939837097628848,0.01677535,0.01219061
2026-02-19,5,0.010041709276601002,0.011170050225618103,0.015721283003431907,0.016209032,0.013949651
2026-02-20,5,0.010137853547671908,0.010203088112810633,0.015900333950340014,0.01632511,0.012675286
2026-02-23,5,0.013163979488905846,0.010462302862659707,0.015724891839453723,0.017620027,0.013800348
2026-02-24,5,0.01677374729193267,0.009768228346770543,0.015561760383216106,0.01631757,0.012652401
2026-02-25,5,0.018694679299724064,0.00926219758826686,0.014266666855975775,0.0150000425,0.010877628
2026-02-26,5,0.019144124938230304,0.010041709276601002,0.015162401365645811,0.015788518,0.011560136
2026-02-27,5,0.01947438108333043,0.010137853547671908,0.015240647047584217,0.014525464,0.011642379
2026-03-02,5,0.015394653103468749,0.013163979488905846,0.016536983966035177,0.015497005,0.013453506
2026-03-03,5,0.011152882311072719,0.01677374729193267,0.016719280417855014,0.01628177,0.013105204
2026-03-04,5,0.010335836358560524,0.018694679299724064,0.01581821334554585,0.0132001,0.012835208
2026-03-05,5,0.009151287555746415,0.019144124938230304,0.014723282214000174,0.014575752,0.014680308
2026-03-06,5,0.009085003084772818,0.01947438108333043,0.014516045973532489,0.015293492,0.015172638
2026-03-09,5,0.00963677444931501,0.015394653103468749,0.013016139924768185,0.013170097,0.0122410655
2026-03-10,5,0.008857449656832352,0.011152882311072719,0.011868118536342823,0.0140046645,0.013166417
2026-03-11,5,0.011714597617147384,0.010335836358560524,0.010892168219712398,0.013244461,0.013412306
2026-03-12,5,0.016024445707553278,0.009151287555746415,0.010305427707417637,0.012744242,0.012150776
2026-03-13,5,0.016703511589536726,0.009085003084772818,0.01080186174852102,0.013012653,0.011937493
2026-03-16,5,0.0315073578858332,0.00963677444931501,0.010705286518211557,0.010673356,0.012053126
2026-03-17,5,0.033765319849669434,0.008857449656832352,0.010015834078201846,0.010182135,0.011209747
2026-03-18,5,0.036110608949873745,0.011714597617147384,0.011367680272175721,0.010901352,0.01121596
2026-03-19,5,0.03546956063845812,0.016024445707553278,0.012452357157485622,0.011434274,0.012630254
2026-03-20,5,0.039696237302014103,0.016703511589536726,0.012692430700959538,0.013282294,0.013856857
2026-03-23,5,0.024937658165045565,0.0315073578858332,0.017192623429807503,0.015231028,0.0136776185
2026-03-24,5,0.025238567696850647,0.033765319849669434,0.0164745895113616,0.015801435,0.014890333
2026-03-25,5,0.018690051140260882,0.036110608949873745,0.017616600062996157,0.014398818,0.015203238
2026-03-26,5,0.020616950494164857,0.03546956063845812,0.01761245208613019,0.017159946,0.01743709
2026-03-30,5,0.016350849410357797,0.024937658165045565,0.017189856221067557,0.01651987,0.016221488
2026-03-31,5,0.018743131954105416,0.025238567696850647,0.017088140740745158,0.0146263605,0.01491378
2026-04-01,5,0.019208067455222178,0.018690051140260882,0.015194149516110785,0.014345069,0.01572066
2026-04-02,5,0.015296356757715726,0.020616950494164857,0.016391054124939138,0.015784258,0.014145369
2026-04-06,5,0.015099296129253321,0.01913732445579616,0.01566697342337465,0.01560579,0.01489624
2026-04-07,5,0.014649740392258385,0.016350849410357797,0.01511110422431317,0.015594461,0.01548238
2026-04-08,5,0.009555351852143438,0.018743131954105416,0.016370807879149085,0.012261269,0.014061622
2026-04-09,5,0.008081266600180388,0.019208067455222178,0.015808807901520616,0.012175581,0.013601704
2026-04-10,5,0.007867444094469662,0.015296356757715726,0.01532731713109458,0.011867973,0.012776875
2026-04-13,5,0.008358136755243283,0.015099296129253321,0.015371817745215188,0.011903145,0.01149342
2026-04-14,5,0.011171849807852595,0.014649740392258385,0.015183314457249035,0.01213269,0.01245967
2026-04-15,5,0.012667220686041978,0.009555351852143438,0.013412503791264463,0.0118292095,0.0126968995
2026-04-16,5,0.013560943447636321,0.008081266600180388,0.012547625117206432,0.010973099,0.012026079
2026-04-17,5,0.013452559308619298,0.007867444094469662,0.013351554316715301,0.010480374,0.012087712
2026-04-20,5,0.011299339204780158,0.008358136755243283,0.013521640790768185,0.011366432,0.012255726
2026-04-21,5,0.0068766629690852656,0.011171849807852595,0.014474142447076501,0.011676881,0.012122701
2026-04-22,5,0.006785923617977583,0.012667220686041978,0.014333868108815075,0.010181311,0.012247688
2026-04-23,5,0.007344345335540204,0.013560943447636321,0.012721305387499207,0.0104550235,0.012755659
2026-04-24,5,0.007624633404051671,0.013452559308619298,0.01280235718267424,0.009849903,0.012511705
2026-04-27,5,0.009159922766564991,0.011299339204780158,0.011333403557979679,0.009684159,0.011435326
2026-04-28,5,0.010684281264885869,0.0068766629690852656,0.009429184685310196,0.009581194,0.011072801
2026-04-29,5,0.013374555661779098,0.006785923617977583,0.010206244978825106,0.009476056,0.010750192
2026-04-30,5,0.01320229586505605,0.007344345335540204,0.009986645466353935,0.008762967,0.01103903
2026-05-01,5,0.011463778024801573,0.007624633404051671,0.01003570632162879,0.00918013,0.0109768985
2026-05-04,5,0.009529506191304292,0.009159922766564991,0.010469651655615912,0.009803683,0.011497943
2026-05-05,5,0.009728494174328136,0.010684281264885869,0.01017378223747365,0.008870456,0.012188541
2026-05-06,5,0.007028158428996509,0.013374555661779098,0.011319978950427922,0.008454749,0.012489061
2026-05-07,5,0.006750742027559504,0.01320229586505605,0.010793808312505789,0.009385941,0.013572917
2026-05-08,5,0.009645057102712722,0.011463778024801573,0.00957137041342482,0.0091699455,0.013726888
2026-05-11,5,0.010258703907640412,0.009529506191304292,0.008871368252662196,0.008795997,0.012816531
2026-05-12,5,0.008601799922977842,0.009728494174328136,0.009404906659415884,0.00884207,0.011765391
2026-05-13,5,0.008566258591159651,0.007028158428996509,0.008858998398643382,0.008438477,0.011004585
2026-05-14,5,0.008283957684267991,0.006750742027559504,0.00860562120863494,0.009142252,0.010273334
2026-05-15,5,0.005699706726658824,0.009645057102712722,0.009854203125711085,0.009352585,0.009402767
2026-05-18,5,0.006979357949608007,0.010258703907640412,0.009568664927606772,0.009017129,0.009266631
2026-05-19,5,0.009393661622809898,0.008601799922977842,0.00864164464443802,0.009049893,0.009753977
2026-05-20,5,0.012334379520675023,0.008566258591159651,0.009222695880931194,0.008485545,0.008537434
2026-05-21,5,0.013771615070339676,0.008283957684267991,0.008555640104247884,0.009133368,0.009176081
2026-05-22,5,0.015726433567959008,0.005699706726658824,0.007766277812692273,0.008457431,0.008498216
2026-05-26,5,0.015456529068801402,0.006979357949608007,0.008435292667959041,0.008702778,0.008980583
2026-05-27,5,0.013974181466646324,0.009393661622809898,0.009061498155545092,0.010247135,0.010397486
2026-05-28,5,0.010922478083902641,0.012334379520675023,0.01034144766434041,0.009829672,0.010641265
2026-05-29,5,0.010724495879154123,0.013771615070339676,0.010589005266034816,0.010230989,0.011222712
2026-06-01,5,0.009985577101295311,0.015726433567959008,0.010999462579010647,0.01037478,0.011484792
2026-06-02,5,0.010459916542116005,0.015456529068801402,0.010818343064504484,0.009957081,0.0113454815
2026-06-03,5,0.012615304033112267,0.013974181466646324,0.010277804045248619,0.010053803,0.011855124
2026-06-04,5,0.018155590070776877,0.010922478083902641,0.009975078822142717,0.009718489,0.01093134
2026-06-05,5,0.021749748472757787,0.010724495879154123,0.010064254125956653,0.011702851,0.012611561
2026-06-08,5,0.02325775636585449,0.009985577101295311,0.009581071201988188,0.010750776,0.010720379
2026-06-09,5,0.02214825982411085,0.010459916542116005,0.009796208924443137,0.011201829,0.0113677485
2026-06-10,5,0.02147514351247165,0.012615304033112267,0.010601597768961463,0.013236708,0.012901811
2026-06-11,5,0.01859837463620276,0.018155590070776877,0.01264945753268973,0.01207111,0.011206556
2026-06-12,5,0.01740673632306085,0.021749748472757787,0.01348293225547482,0.011898197,0.010920655
2026-06-15,5,0.01638248841003643,0.02325775636585449,0.013593821893955428,0.010923671,0.012573205
2026-06-16,5,0.0183433617523956,0.02214825982411085,0.012964452811269234,0.010488578,0.01238193
2026-06-17,5,0.01606959922550053,0.02147514351247165,0.013117611814463487,0.01219803,0.014153889
2026-06-18,5,0.014115143342948838,0.01859837463620276,0.013464386184937817,0.01203709,0.013291665
2026-06-22,5,0.01091910902702672,0.01740673632306085,0.013794126819834381,0.011563349,0.011919089
2026-06-23,5,0.011529049176756498,0.01638248841003643,0.013391905145936526,0.012744036,0.013298017
2026-06-24,5,0.012960677046451636,0.0183433617523956,0.014026654423178934,0.014755291,0.013796222
2026-06-25,5,0.015305286902663744,0.01606959922550053,0.012625782923320717,0.0128265405,0.011650159
2026-06-29,5,0.01606731967918494,0.01091910902702672,0.01249271910866884,0.0135218715,0.012803399
2026-06-30,5,0.015153344548435567,0.011529049176756498,0.012586071174692667,0.012832523,0.01226143
2026-07-01,5,0.011305976109386787,0.012960677046451636,0.013236329734824042,0.012119876,0.012239467
2026-07-02,5,0.010153679620162863,0.015305286902663744,0.013268990177653723,0.010950722,0.012228213
2026-07-06,5,0.00843520406448629,0.015936858841417895,0.013790273729775905,0.0102094915,0.012068544
2026-07-07,5,0.0089939293582786,0.01606731967918494,0.013711775427594008,0.01087306,0.011889668
2026-07-08,5,0.008584787105181818,0.015153344548435567,0.01354912675250926,0.01102733,0.012401464
2026-07-09,5,0.00948166387988771,0.011305976109386787,0.012038342597638777,0.009984004,0.01117585
2026-07-10,5,0.009768775573707896,0.010153679620162863,0.011962734836864658,0.009338152,0.010340626
2026-07-13,5,0.00854277775533475,0.00843520406448629,0.01172277338490155,0.010464365,0.010825945
2026-07-14,5,0.006364351491448318,0.0089939293582786,0.012005032611592444,0.009728044,0.010826833
2026-07-15,5,0.005979419984588833,0.008584787105181818,0.011134123345275866,0.009980734,0.011245971
2026-07-16,5,0.005385537593139968,0.00948166387988771,0.010808190643568263,0.010554191,0.011520234
2026-07-17,5,0.0049684027571667184,0.009768775573707896,0.010609757043783353,0.010770583,0.011142584
2026-07-20,5,0.005866632866603696,0.00854277775533475,0.010021805413664287,0.009916139,0.010699982
2026-07-21,5,0.0075069605488688905,0.006364351491448318,0.009287820426337698,0.00886277,0.008913552
2026-07-22,5,0.006935318887281459,0.005979419984588833,0.009069739530084978,0.008544208,0.008819752
2026-07-23,5,0.009129314401238712,0.005385537593139968,0.008345018295858512,0.008535037,0.008769617
2026-07-24,5,0.01037955461273363,0.0049684027571667184,0.008075828244951276,0.008087029,0.009341012
2023-02-17,22,0.007377299327423524,0.007346788940683183,0.007738979475985111,0.0053870017,0.0051914006
2023-02-21,22,0.008358366962620748,0.006922160828345571,0.007200382734069897,0.0050527495,0.0046790834
2023-02-22,22,0.008297092270313867,0.007056769739481252,0.007378056964551354,0.0052054757,0.0049442416
2023-02-23,22,0.008730664478722134,0.0069327604010520644,0.007117289059937798,0.0051344675,0.0044388566
2023-02-27,22,0.009009473500188535,0.007088736737673704,0.0066068472587852214,0.0050852955,0.00514855
2023-02-28,22,0.009208630442687951,0.0071969481732969435,0.006986665616807354,0.005156235,0.005230077
2023-03-01,22,0.009262393378748176,0.007057802802406338,0.0068486235575808355,0.005081863,0.0053165667
2023-03-02,22,0.009741279308983318,0.007067958172537464,0.006940453701584221,0.0052640014,0.0047614924
2023-03-03,22,0.009935814777135435,0.0067511768562420645,0.006933329387961437,0.0052482365,0.004961475
2023-03-06,22,0.010073264304417734,0.006273081032288459,0.006701375106770424,0.005443105,0.0055678096
2023-03-07,22,0.010169997989173476,0.005640458606683279,0.006292314269670854,0.005581348,0.005564561
2023-03-08,22,0.010564404467736717,0.005243280700782943,0.0058521721490201965,0.0055842977,0.0058713
2023-03-09,22,0.010566837302970294,0.00500298225624514,0.00571634957655172,0.0061804084,0.0058299527
2023-03-10,22,0.010314417361371307,0.005484696004294068,0.006430963010274128,0.007830394,0.007530276
2023-03-13,22,0.009705939319389761,0.006316463968544285,0.007410476941086221,0.009234039,0.009334399
2023-03-14,22,0.010134636841777112,0.006083568137890552,0.00707383225690894,0.0076951496,0.0068965326
2023-03-15,22,0.01022601059334448,0.006117990606339519,0.007283249838557209,0.010103572,0.008605023
2023-03-16,22,0.009679952721740534,0.006521633931908291,0.007796415621508937,0.008263398,0.0066986647
2023-03-17,22,0.009510676148753863,0.0071189411638345355,0.008285079948863268,0.011138056,0.010238236
2023-03-20,22,0.008813538836743868,0.007460449379769261,0.008338142599524792,0.010067781,0.007877138
2023-03-21,22,0.009073294721459001,0.007226419800722196,0.007936209251515933,0.008538224,0.0070523536
2023-03-22,22,0.008530294274255713,0.007377299327423524,0.008425366350996362,0.009659509,0.00770686
2023-03-23,22,0.007790124577553209,0.008358366962620748,0.009190989773859293,0.01150166,0.009615819
2023-03-24,22,0.007740642535655753,0.008297092270313867,0.008573785306053468,0.009904424,0.008865987
2023-03-27,22,0.007525776719809544,0.008730664478722134,0.008916928358847572,0.009357555,0.008190448
2023-03-30,22,0.007578762604213519,0.009208630442687951,0.008758183992267281,0.009166342,0.007771288
2023-03-31,22,0.007610549529716351,0.009262393378748176,0.008769286327706778,0.008467967,0.0075115566
2023-04-03,22,0.007642991312396581,0.009741279308983318,0.009221260572819679,0.009256672,0.008536503
2023-04-04,22,0.007691185675435597,0.009935814777135435,0.009284109017902881,0.010027957,0.009683374
2023-04-05,22,0.007478306567623149,0.010073264304417734,0.009201156321265011,0.009895715,0.009474643
2023-04-06,22,0.007315533735207513,0.010169997989173476,0.009089482642626696,0.008966549,0.008835454
2023-04-10,22,0.007199574974968253,0.010564404467736717,0.009449080513499563,0.008591156,0.0071013817
2023-04-11,22,0.007324616741432919,0.010566837302970294,0.008872784064417607,0.008326168,0.00797117
2023-04-12,22,0.007262043162307001,0.010314417361371307,0.008881978906571048,0.008102456,0.0076408596
2023-04-13,22,0.006899361434819138,0.009705939319389761,0.008649597261968857,0.008171907,0.0075357794
2023-04-14,22,0.0066177360600704034,0.010134636841777112,0.009136950051945371,0.007508641,0.0068608555
2023-04-17,22,0.00631861584882493,0.01022601059334448,0.009082434724379638,0.007246075,0.006992702
2023-04-18,22,0.006865667814529346,0.009679952721740534,0.008519224490066944,0.007053114,0.00744855
2023-04-19,22,0.006190059630949955,0.009510676148753863,0.00903730624846684,0.007116168,0.0070818434
2023-04-20,22,0.006165404160196161,0.008813538836743868,0.008163908593136092,0.007370138,0.007478412
2023-04-21,22,0.006072679527266996,0.009073294721459001,0.008384187255175682,0.006751451,0.006583743
2023-04-24,22,0.0059560475654892135,0.008530294274255713,0.007866587408801955,0.007199632,0.006974999
2023-04-25,22,0.005875048636366255,0.007790124577553209,0.00784609796357458,0.008314853,0.0076696347
2023-04-26,22,0.005873738179286585,0.007740642535655753,0.0072066513185969905,0.0069677187,0.006540855
2023-04-27,22,0.005988328532361966,0.007525776719809544,0.00754482251596561,0.006811117,0.0061216685
2023-04-28,22,0.006068924148007053,0.007433753727337435,0.00735997312538814,0.006748271,0.006230421
2023-05-01,22,0.005850669058262405,0.0076815747671985166,0.007910222300267134,0.0064785476,0.0060812947
2023-05-02,22,0.005943210043570421,0.007578762604213519,0.007777467125868712,0.0078102797,0.0069636465
2023-05-03,22,0.006080994775577071,0.007610549529716351,0.0078655342270718,0.008045846,0.007514963
2023-05-04,22,0.005374148129706857,0.007642991312396581,0.008196641373059909,0.009138708,0.008596533
2023-05-05,22,0.0052339985885398906,0.007691185675435597,0.008329336839394361,0.0077281855,0.0073631792
2023-05-08,22,0.005430881081325255,0.007478306567623149,0.0077451075585094654,0.0077764927,0.007480527
2023-05-09,22,0.005505440380797628,0.007315533735207513,0.007500501148603502,0.007408982,0.0069153323
2023-05-10,22,0.005373010025102572,0.007199574974968253,0.007617218513147562,0.0074161575,0.007026561
2023-05-11,22,0.0055353937336312786,0.007324616741432919,0.007336402496529773,0.0071691363,0.0060552037
2023-05-15,22,0.006246956829269463,0.006899361434819138,0.006360832438390973,0.0068324558,0.006573764
2023-05-17,22,0.00628509898595587,0.00631861584882493,0.006068608293458484,0.006185836,0.0058419164
2023-05-18,22,0.006047839135177039,0.006865667814529346,0.007089084955289821,0.0060627935,0.005443533
2023-05-19,22,0.006316253977595979,0.006190059630949955,0.0063573159555357995,0.0061577903,0.005761667
2023-05-22,22,0.0066570416931286585,0.006165404160196161,0.006298169484772398,0.0061661666,0.0055462406
2023-05-24,22,0.006598784276229931,0.0059560475654892135,0.0062076703884162325,0.0060029556,0.005290607
2023-05-26,22,0.006903087804548051,0.005873738179286585,0.0054713703614172274,0.0063936515,0.0063717626
2023-05-30,22,0.00672751195010137,0.005988328532361966,0.006601534982896109,0.006587574,0.0060960376
2023-05-31,22,0.006640456842812635,0.006068924148007053,0.0066990492359089516,0.006712258,0.005940053
2023-06-01,22,0.006559340590778649,0.005850669058262405,0.006906951425122492,0.006720508,0.00602323
2023-06-02,22,0.006427094503911125,0.005943210043570421,0.007005157028223114,0.006127176,0.0051658624
2023-06-05,22,0.006357944997192463,0.006080994775577071,0.0072234640900038,0.0061055156,0.0052787405
2023-06-06,22,0.006553000598897592,0.005374148129706857,0.0064672842664352725,0.005815338,0.005489129
2023-06-07,22,0.00632986468760921,0.0052339985885398906,0.006602642141941668,0.005386383,0.0048396746
2023-06-08,22,0.006212966264630339,0.005430881081325255,0.006590454730586255,0.005552737,0.005194528
2023-06-09,22,0.006256343546107273,0.005505440380797628,0.006404362146436696,0.005365795,0.004989606
2023-06-12,22,0.006214489031537264,0.005373010025102572,0.0062123090956064985,0.005425603,0.0048002605
2023-06-13,22,0.006043596298620097,0.0055353937336312786,0.006582608629874888,0.005032232,0.0046719047
2023-06-14,22,0.006226493836162308,0.005547168002385171,0.006435155084617129,0.0048218872,0.0048990794
2023-06-15,22,0.005679203942342344,0.006246956829269463,0.007154393564780609,0.0054223905,0.0048366776
2023-06-16,22,0.005638875138777041,0.006129802170446732,0.006943790990583635,0.0051020836,0.0047768857
2023-06-20,22,0.005533395438996535,0.00628509898595587,0.007105092502425779,0.004993762,0.0045431983
2023-06-21,22,0.005208544157824757,0.006047839135177039,0.006993555249173817,0.0050578527,0.0047356836
2023-06-22,22,0.005051667166184736,0.006316253977595979,0.00716875728848476,0.0049485113,0.004692471
2023-06-23,22,0.004826595330943883,0.0066570416931286585,0.007175271215226836,0.0051850104,0.004597458
2023-06-26,22,0.004899921709593159,0.0065000429343110245,0.006971822050609298,0.0052297725,0.004899808
2023-06-27,22,0.004903237180139731,0.006598784276229931,0.006964364241955781,0.004911364,0.0047551617
2023-06-29,22,0.004745841074176397,0.006903087804548051,0.007242695698455557,0.0050679995,0.0050368034
2023-06-30,22,0.004778567496215687,0.00672751195010137,0.007072786331570904,0.0049152602,0.0047838287
2023-07-03,22,0.0046961898902210504,0.006640456842812635,0.007078558044902785,0.0048931236,0.0048922515
2023-07-05,22,0.004815489512687768,0.006559340590778649,0.0072258073939402935,0.005007955,0.0046249474
2023-07-06,22,0.004682048893145759,0.006427094503911125,0.007111964735751479,0.0050347815,0.004703973
2023-07-07,22,0.004472012825428372,0.006357944997192463,0.007032060700948939,0.0051059853,0.0047860853
2023-07-10,22,0.004367984441841478,0.006553000598897592,0.007110743239019929,0.005527672,0.0049564405
2023-07-11,22,0.004460958964914276,0.00632986468760921,0.006925883268419299,0.0054054433,0.005125429
2023-07-12,22,0.0043902132914551365,0.006212966264630339,0.006717966224912158,0.006128427,0.0059505766
2023-07-13,22,0.00437925369228634,0.006256343546107273,0.006697788983128525,0.006587137,0.006135491
2023-07-14,22,0.0044835070604073105,0.006214489031537264,0.006498008938972825,0.0057375515,0.0056996187
2023-07-17,22,0.004485190556659162,0.006043596298620097,0.006387595298805674,0.0056091216,0.0052877697
2023-07-18,22,0.004351659194158068,0.006226493836162308,0.006773580416794114,0.0059092627,0.0057332525
2023-07-19,22,0.004443474690336851,0.005679203942342344,0.006261971794617761,0.005948392,0.006087895
2023-07-20,22,0.0044868849482403664,0.005638875138777041,0.006229417569126697,0.0054147765,0.0050077424
2023-07-21,22,0.004404991748746381,0.005533395438996535,0.0061806406147027326,0.005424364,0.0054859216
2023-07-24,22,0.004700677728662592,0.005208544157824757,0.005678330008529318,0.005335561,0.005177241
2023-07-25,22,0.004568432621827097,0.005051667166184736,0.005472024228599334,0.00531662,0.0052224714
2023-07-26,22,0.004465350403431176,0.004826595330943883,0.005381791928043772,0.0052171373,0.005017721
2023-07-28,22,0.004352532428112013,0.004903237180139731,0.0054471281101222515,0.0052985703,0.0054037427
2023-07-31,22,0.004161110587767901,0.005016812739223002,0.0059626628713503,0.005815804,0.005975918
2023-08-01,22,0.004010533368653305,0.004745841074176397,0.005705782270426402,0.0053130644,0.0049382052
2023-08-02,22,0.003989488084645884,0.004778567496215687,0.006002832332641526,0.0057979687,0.004903186
2023-08-03,22,0.003986432361163751,0.0046961898902210504,0.005809889825366973,0.005573325,0.004978823
2023-08-04,22,0.003665981834977399,0.004815489512687768,0.006182141971690292,0.0057593454,0.0047976356
2023-08-07,22,0.003605412258304423,0.004682048893145759,0.00587131417519096,0.0054654665,0.004350671
2023-08-08,22,0.0036458320955363556,0.004472012825428372,0.005700198798079744,0.005284347,0.0043926
2023-08-09,22,0.0036182798272592635,0.004367984441841478,0.005583193257780993,0.004874219,0.0044430327
2023-08-10,22,0.0033861643014419796,0.004460958964914276,0.005778023711341219,0.0047541168,0.0043189307
2023-08-11,22,0.0034081245749758783,0.0043902132914551365,0.005348900361129626,0.0045234994,0.0042442237
2023-08-14,22,0.0033639672538229737,0.00437925369228634,0.0054400308593090824,0.00462671,0.004620332
2023-08-15,22,0.0034422932335427788,0.0044835070604073105,0.005641984024946215,0.0048416154,0.0044385605
2023-08-16,22,0.003347455273972392,0.004485190556659162,0.005652837349314569,0.0047605135,0.0044841147
2023-08-17,22,0.0030973507008398974,0.004351659194158068,0.005620761605398757,0.004717608,0.0041369447
2023-08-18,22,0.003411677250055899,0.004443474690336851,0.005688955944617485,0.004742402,0.0041668136
2023-08-21,22,0.0037387442411437287,0.0044868849482403664,0.005705231095041632,0.004578473,0.0041639754
2023-08-22,22,0.0038411582708572822,0.004404991748746381,0.005425298629300101,0.0047255126,0.004784949
2023-08-23,22,0.003686395267507713,0.004700677728662592,0.005820809108382932,0.0050397706,0.0050953906
2023-08-24,22,0.00393626453346218,0.004568432621827097,0.00533023323213108,0.004961125,0.0045618284
2023-08-25,22,0.004099551165500731,0.004465350403431176,0.005095157012852187,0.0046680872,0.004578242
2023-08-28,22,0.004248598510835131,0.00441418371532992,0.005163606306286852,0.0050488985,0.0047236406
2023-08-29,22,0.004571808501102663,0.004352532428112013,0.005133249782692176,0.0059066797,0.0053943917
2023-08-30,22,0.004699314743493405,0.004161110587767901,0.004829719619398759,0.0057840543,0.0054416857
2023-08-31,22,0.005020637399597299,0.004010533368653305,0.004341782469849078,0.0057042027,0.0049016243
2023-09-01,22,0.004915353308970985,0.003989488084645884,0.005089077432092136,0.00528749,0.0050212275
2023-09-05,22,0.004979775321588229,0.003986432361163751,0.005025803673232477,0.005248677,0.004927439
2023-09-06,22,0.005272325407588227,0.003665981834977399,0.004831111326178206,0.0049786307,0.004600614
2023-09-07,22,0.00571820598966819,0.003605412258304423,0.004726175974738425,0.0049494784,0.004323031
2023-09-08,22,0.005803951652259318,0.0036458320955363556,0.004945452061747883,0.0046058837,0.004182007
2023-09-11,22,0.0058683143207315545,0.0036182798272592635,0.004792982049932105,0.004697883,0.0045534438
2023-09-12,22,0.0060786530570118985,0.0033861643014419796,0.004463264403158711,0.004578246,0.004168662
2023-09-13,22,0.00634148423107016,0.0034081245749758783,0.00452891315940383,0.0046014274,0.004405902
2023-09-14,22,0.006640200546390728,0.0033639672538229737,0.004572659866929612,0.004691355,0.0045866985
2023-09-15,22,0.006504075677842744,0.0034422932335427788,0.004853895979945486,0.004620653,0.0047003855
2023-09-18,22,0.006750785919653088,0.003347455273972392,0.004676203639582399,0.0050025512,0.0047191083
2023-09-19,22,0.007207799378084477,0.0030973507008398974,0.004446640065808767,0.004881183,0.004407675
2023-09-20,22,0.0070135851307156554,0.003411677250055899,0.00512467961299141,0.004949174,0.0049108863
2023-09-21,22,0.006628505395810873,0.0037387442411437287,0.005565390902511565,0.0052133026,0.00491146
2023-09-26,22,0.006187802552280424,0.00393626453346218,0.005923490867426614,0.0059932373,0.0054650446
2023-09-29,22,0.006120237054253138,0.004571808501102663,0.006104790186569284,0.0056542847,0.0050389483
2023-10-02,22,0.006011502770118739,0.004699314743493405,0.0060888475516460315,0.0054452387,0.005268353
2023-10-03,22,0.0060315525872445324,0.005020637399597299,0.006294667294629363,0.005573712,0.005406008
2023-10-04,22,0.005877589624945278,0.004915353308970985,0.006162194914578775,0.0052766697,0.0046336264
2023-10-05,22,0.005914431351155902,0.004979775321588229,0.006147219612294682,0.0052575823,0.0045865118
2023-10-06,22,0.005912507007170337,0.005272325407588227,0.006373707001505585,0.005258535,0.004854844
2023-10-09,22,0.005624717928740546,0.00571820598966819,0.006803770348359932,0.005628501,0.0047736047
2023-10-10,22,0.0056462038258899595,0.005803951652259318,0.006735004126011084,0.0058320747,0.0050997757
2023-10-11,22,0.00552551009957379,0.0058683143207315545,0.006760257013326851,0.005804295,0.0054096617
2023-10-12,22,0.005557203659118257,0.0060786530570118985,0.006901710649395108,0.0055574575,0.005195108
2023-10-13,22,0.0056893568575358665,0.00634148423107016,0.007065167260862939,0.0077312523,0.0065542147
2023-10-16,22,0.005294152323794675,0.006640200546390728,0.007184487178511505,0.006807487,0.0059268265
2023-10-17,22,0.005223993975237985,0.006504075677842744,0.007018842326055231,0.006780197,0.0057623754
2023-10-18,22,0.004944247994522844,0.006750785919653088,0.007287253200072047,0.0073476657,0.0068005566
2023-10-19,22,0.0046870036651418786,0.007207799378084477,0.007695659084560737,0.008176942,0.0074193757
2023-10-20,22,0.004742848729729551,0.0070135851307156554,0.007546854331227631,0.007947203,0.0073147644
2023-10-23,22,0.004616524573767602,0.006628505395810873,0.0071181601256304385,0.007142685,0.00699611
2023-10-24,22,0.004522560709428932,0.006449109834481772,0.006945325368355944,0.0071865222,0.0070955055
2023-10-25,22,0.004613121576574574,0.006276856111613598,0.006691441728389179,0.0068991506,0.0066792727
2023-10-26,22,0.005091968057646679,0.006187802552280424,0.006464023712682507,0.0069646565,0.00668373
2023-10-30,22,0.0049133677813925185,0.00629531080184416,0.006682321306798586,0.006442225,0.0063843625
2023-10-31,22,0.004974175923567926,0.006120237054253138,0.006612961110317365,0.006278328,0.005884833
2023-11-01,22,0.006515885407751353,0.006011502770118739,0.006529202212986904,0.0063469494,0.0057821707
2023-11-02,22,0.006644790738462524,0.0060315525872445324,0.006731095180988612,0.006448168,0.005896881
2023-11-03,22,0.0067871465593877505,0.005877589624945278,0.006347544553344876,0.0067391326,0.006594271
2023-11-06,22,0.006715694347157736,0.005914431351155902,0.006378299212962655,0.0064874873,0.005795255
2023-11-07,22,0.006639126057705215,0.005912507007170337,0.006566664211418611,0.006270145,0.006065494
2023-11-08,22,0.006607701400931931,0.005624717928740546,0.006392482725239233,0.006088699,0.0057937293
2023-11-09,22,0.00667709294062402,0.0056462038258899595,0.006396026383699311,0.006469851,0.0061263028
2023-11-10,22,0.00758422488416969,0.00552551009957379,0.006254276303918498,0.0057504787,0.0051118247
2023-11-13,22,0.008314573826989805,0.005557203659118257,0.006397641507479174,0.00613912,0.005557179
2023-11-14,22,0.008221229145146216,0.0056893568575358665,0.006608159895868851,0.0068126987,0.0063735833
2023-11-15,22,0.008377353775866325,0.005294152323794675,0.005934728443099364,0.0061907438,0.005559302
2023-11-16,22,0.008425160066826667,0.005223993975237985,0.005996703403658221,0.0062779565,0.0059579904
2023-11-17,22,0.008474084801405664,0.004944247994522844,0.005745156936878762,0.0057936185,0.005399443
2023-11-20,22,0.008446881577028472,0.0046870036651418786,0.00565561522952504,0.005740356,0.005448771
2023-11-21,22,0.008527913993607271,0.004742848729729551,0.005669162998377384,0.0065011317,0.006471841
2023-11-22,22,0.008601848292271065,0.004616524573767602,0.005428466251090437,0.0063026967,0.006391399
2023-11-24,22,0.008799972343211638,0.004522560709428932,0.005271830531643806,0.006043149,0.006216135
2023-11-27,22,0.008885143120108591,0.004613121576574574,0.005603068700005837,0.006539542,0.0064909346
2023-11-28,22,0.008379662683751213,0.005091968057646679,0.006341007617038258,0.008328562,0.008588273
2023-11-29,22,0.008399659569182663,0.005103413957732867,0.006134547474929376,0.007796892,0.0075666057
2023-11-30,22,0.008911142814249184,0.0049133677813925185,0.006098260775899719,0.0067867273,0.0066714296
2023-12-01,22,0.00882877208096014,0.004974175923567926,0.006317217536816014,0.008577105,0.008328046
2023-12-04,22,0.007252786706669869,0.006515885407751353,0.008151649938680495,0.008553184,0.006611487
2023-12-05,22,0.007394161154456434,0.006644790738462524,0.007935845676522208,0.008103333,0.0067790076
2023-12-06,22,0.007379919394275643,0.0067871465593877505,0.007908845107144296,0.0078685535,0.0066158203
2023-12-07,22,0.007427369212558554,0.006715694347157736,0.007829505658017537,0.0072533875,0.0070494493
2023-12-08,22,0.007206353316158117,0.006639126057705215,0.007871693509157927,0.0065560555,0.0061469967
2023-12-11,22,0.007556534665445739,0.006607701400931931,0.0069434853743318365,0.0061488585,0.006060435
2023-12-12,22,0.007468293524786842,0.00667709294062402,0.006973271271077813,0.0057011866,0.0057019806
2023-12-13,22,0.006465802794914937,0.00758422488416969,0.008139418178428432,0.006819085,0.0059864474
2023-12-14,22,0.00572642838703168,0.008314573826989805,0.008937187662574552,0.0073545054,0.0072263153
2023-12-15,22,0.005639030849653328,0.008221229145146216,0.00877085517707309,0.007082262,0.0064449036
2023-12-18,22,0.005573480476200787,0.008377353775866325,0.00873523831420932,0.0069516296,0.007885057
2023-12-19,22,0.005623854813730127,0.008425160066826667,0.008710354371852465,0.006942908,0.0076713464
2023-12-20,22,0.005812811749576058,0.008474084801405664,0.008183049018070815,0.0071461247,0.0077045816
2023-12-21,22,0.005806379782555753,0.008446881577028472,0.007565966771295564,0.0067916126,0.0068623866
2023-12-22,22,0.00545692190946524,0.008527913993607271,0.007822411214362453,0.0070572146,0.006326064
2023-12-26,22,0.005582428651341616,0.008601848292271065,0.00761762754425411,0.0071967454,0.0063869786
2023-12-27,22,0.005755044379142051,0.008799972343211638,0.007843555560673735,0.0077163945,0.0067630247
2023-12-28,22,0.005804558196008625,0.008885143120108591,0.00807547772368184,0.0070291376,0.006036214
2023-12-29,22,0.006231993811381375,0.008379662683751213,0.007720305470449373,0.0068172547,0.005976454
2024-01-02,22,0.00632798460050165,0.008399659569182663,0.007620235800963395,0.006500357,0.0057207695
2024-01-03,22,0.006020497312798019,0.008911142814249184,0.008488903841669119,0.0063039376,0.005378606
2024-01-04,22,0.005948418767132966,0.00882877208096014,0.00821921163810461,0.0061784866,0.0055167577
2024-01-05,22,0.0059633463304805045,0.007252786706669869,0.007290820012135739,0.0058496716,0.0053010266
2024-01-08,22,0.005684168509193422,0.007394161154456434,0.007874624078302328,0.005831176,0.005366422
2024-01-09,22,0.005616624989568244,0.007379919394275643,0.007687965169117656,0.0057730493,0.005257644
2024-01-10,22,0.005615850748659625,0.007427369212558554,0.007374160851230276,0.0054313396,0.0052081323
2024-01-11,22,0.005847256550509209,0.007206353316158117,0.007032461776926777,0.005536332,0.0052423286
2024-01-12,22,0.005463490066903054,0.007556534665445739,0.00777729325791156,0.006371672,0.005925247
2024-01-16,22,0.005428017398090902,0.007468293524786842,0.007368933329750778,0.0060474505,0.006039681
2024-01-17,22,0.00569350109954707,0.006465802794914937,0.006361447990928394,0.0056866826,0.005517439
2024-01-18,22,0.005562244039075984,0.00572642838703168,0.006400674798866656,0.0058715977,0.0054373615
2024-01-19,22,0.005273729724308047,0.005639030849653328,0.006534061566091614,0.005724532,0.0055849743
2024-01-22,22,0.005407353854135277,0.005573480476200787,0.006057805768255166,0.005584878,0.0051230425
2024-01-23,22,0.005559652369666602,0.005623854813730127,0.006173934771654308,0.0056099435,0.0052608065
2024-01-24,22,0.005419877640719119,0.005812811749576058,0.006561307138484786,0.005141362,0.004849257
2024-01-25,22,0.005410675041031172,0.005806379782555753,0.006418875203457683,0.0055240644,0.004860667
2024-01-26,22,0.005509180494716855,0.00545692190946524,0.006042482261922266,0.0048782653,0.0047737914
2024-01-30,22,0.005206007416579857,0.005755044379142051,0.00659536389596421,0.0049961773,0.005259994
2024-01-31,22,0.005160361071206848,0.005804558196008625,0.006634917902459369,0.005528423,0.0055458727
2024-02-01,22,0.004807447071602051,0.006231993811381375,0.007232890599550969,0.006163248,0.0063698734
2024-02-02,22,0.004623685204267922,0.00632798460050165,0.00739106244027197,0.005942439,0.0056871222
2024-02-05,22,0.004413546394539097,0.006020497312798019,0.0072386191236147625,0.00564959,0.0053575803
2024-02-06,22,0.004775547398535635,0.005948418767132966,0.006894726180927789,0.0056028455,0.0054000434
2024-02-07,22,0.004764342241653971,0.0059633463304805045,0.006770539309186154,0.0053662146,0.005259618
2024-02-08,22,0.004505656962040894,0.005684168509193422,0.006560012975564072,0.005204401,0.004894368
2024-02-09,22,0.004408413469618961,0.005616624989568244,0.006270395477689219,0.0049270373,0.004747035
2024-02-12,22,0.004447205930455025,0.005615850748659625,0.006150071265775215,0.005073205,0.0046631997
2024-02-13,22,0.004177267113393362,0.005847256550509209,0.00645970287951552,0.0049366415,0.0048065134
2024-02-14,22,0.004254669097488041,0.005463490066903054,0.0062120684376483935,0.004779522,0.004423755
2024-02-15,22,0.0041480534636631605,0.005428017398090902,0.0061385444016675665,0.00491027,0.0048666904
2024-02-16,22,0.004492680706800356,0.00569350109954707,0.0064125717163687245,0.0050284765,0.005196042
2024-02-20,22,0.005406214514925838,0.005562244039075984,0.006197434790425699,0.0051435097,0.004815251
2024-02-21,22,0.005508674901298542,0.005273729724308047,0.005555362308446291,0.004926892,0.004899255
2024-02-22,22,0.005499957884111789,0.005407353854135277,0.006000831906383458,0.00470202,0.0045400886
2024-02-23,22,0.005273907040731188,0.005559652369666602,0.006309522957640144,0.0052288505,0.0054590954
2024-02-26,22,0.005420363227235907,0.005419877640719119,0.006070614683938244,0.0049796565,0.004575418
2024-02-27,22,0.00586463141227641,0.005410675041031172,0.006083594989652964,0.004732855,0.00433227
2024-02-28,22,0.006344447691849026,0.005509180494716855,0.006325633790688743,0.005003303,0.0046649748
2024-02-29,22,0.00673183974016008,0.005438332286304103,0.006218172363748142,0.005070627,0.004916458
2024-03-01,22,0.007141628269155326,0.005206007416579857,0.005909770513228348,0.0066910675,0.006144169
2024-03-04,22,0.007160390568578519,0.005160361071206848,0.006053022788628036,0.006916008,0.006611223
2024-03-05,22,0.007698935488722704,0.004807447071602051,0.0058384345434897835,0.007554132,0.0068671983
2024-03-06,22,0.007834876532045214,0.004623685204267922,0.005686138835376701,0.0077690315,0.0073434142
2024-03-07,22,0.008110363930240966,0.004413546394539097,0.005597695916892074,0.008180113,0.007406958
2024-03-08,22,0.00799626157477978,0.004775547398535635,0.006128375868399976,0.008227882,0.007537879
2024-03-11,22,0.008537244872278874,0.004764342241653971,0.005835096291013202,0.007628791,0.0070455913
2024-03-12,22,0.009868523507083374,0.004505656962040894,0.005473355270097279,0.006468163,0.0059661153
2024-03-13,22,0.010666582649023969,0.004408413469618961,0.00531409599294951,0.0068945135,0.0062692305
2024-03-14,22,0.010865187972005351,0.004447205930455025,0.0055628570331271495,0.0066900086,0.0060209786
2024-03-15,22,0.011121473658071708,0.004177267113393362,0.004707110887417806,0.0060537946,0.0056302347
2024-03-18,22,0.011014512091461717,0.004254669097488041,0.005096728621111407,0.006466113,0.006009285
2024-03-19,22,0.011087872291380998,0.0041480534636631605,0.005017093867012696,0.0065084114,0.005672267
2024-03-20,22,0.010920191013226692,0.004492680706800356,0.005892115217106469,0.0064299977,0.005609133
2024-03-21,22,0.010537441346417228,0.005406214514925838,0.00697484703438037,0.0063124564,0.005321655
2024-03-22,22,0.010649555463145593,0.005508674901298542,0.006805644469487269,0.0057940413,0.0053733503
2024-03-25,22,0.010775005651922827,0.005499957884111789,0.006887082496249823,0.005988412,0.005519599
2024-03-26,22,0.010977836612142,0.005273907040731188,0.006741333834667678,0.00621353,0.0064156493
2024-03-27,22,0.010867839640677723,0.005420363227235907,0.006772572464024208,0.0068487325,0.0067003844
2024-03-28,22,0.01070404144680575,0.00586463141227641,0.006836296811126409,0.0076291184,0.0068805455
2024-04-01,22,0.010684227881483627,0.006344447691849026,0.007461096415623803,0.0072629983,0.0066918815
2024-04-02,22,0.01065805449489025,0.00673183974016008,0.007813494293657198,0.007730987,0.006892084
2024-04-03,22,0.010505224788343398,0.007141628269155326,0.008233747931916283,0.008229847,0.007592019
2024-04-04,22,0.010682161187456447,0.007160390568578519,0.00815138587352569,0.00853798,0.007643126
2024-04-05,22,0.009998331897865495,0.007698935488722704,0.008615720262214598,0.008343134,0.00844148
2024-04-08,22,0.010153135427177901,0.007834876532045214,0.008373254470465781,0.008284537,0.0075676837
2024-04-09,22,0.009958247497530803,0.008110363930240966,0.00853160205441187,0.00840291,0.0079422975
2024-04-10,22,0.010044481457523556,0.00799626157477978,0.008324988972266622,0.007928044,0.0070693493
2024-04-11,22,0.009513395169279154,0.008537244872278874,0.008851162069572604,0.007988026,0.007966576
2024-04-12,22,0.008214421720524273,0.009868523507083374,0.009915934568397728,0.009044669,0.008259183
2024-04-15,22,0.0076227292336080036,0.010666582649023969,0.0104241077385173,0.009220852,0.008883951
2024-04-16,22,0.00723929390621447,0.010865187972005351,0.01039129006664721,0.00900206,0.010118692
2024-04-17,22,0.007161379001517848,0.011121473658071708,0.01037545413636055,0.008321873,0.00892275
2024-04-18,22,0.007312319022068896,0.011014512091461717,0.009947227064161145,0.008234229,0.008830032
2024-04-19,22,0.007228591768829978,0.011087872291380998,0.009329992852493835,0.008331648,0.009039163
2024-04-22,22,0.007246253112385555,0.010920191013226692,0.00910171905958326,0.007755407,0.00808645
2024-04-23,22,0.00689012500452839,0.010537441346417228,0.00919493294154075,0.008279865,0.008343154
2024-04-24,22,0.006843882159630668,0.010649555463145593,0.009020758379580666,0.008109673,0.008081532
2024-04-25,22,0.006681680191807751,0.010775005651922827,0.009324740375213263,0.007969832,0.0078204395
2024-04-26,22,0.006607654276861058,0.010977836612142,0.00954823342001841,0.0076118475,0.008054006
2024-04-29,22,0.006837574770489066,0.010867839640677723,0.009252799026362985,0.007244155,0.007787733
2024-04-30,22,0.006775150372977066,0.01070404144680575,0.009137448533024556,0.007073818,0.007557338
2024-05-01,22,0.006445087825928841,0.010684227881483627,0.009527186456925664,0.0070557613,0.0074716397
2024-05-02,22,0.006268748232447246,0.01065805449489025,0.009595778378629058,0.0073692803,0.007762815
2024-05-03,22,0.005841689832621849,0.010505224788343398,0.009536138158433698,0.007208532,0.0075854226
2024-05-06,22,0.005503920707482505,0.010682161187456447,0.009797874085870748,0.0075670634,0.00828428
2024-05-07,22,0.006547041984157755,0.009998331897865495,0.008904177858332848,0.0067090257,0.0076077976
2024-05-09,22,0.006508109756782495,0.009958247497530803,0.008747901786482739,0.00706996,0.007534745
2024-05-13,22,0.0069507491914409065,0.009513395169279154,0.007750540116040149,0.0068576965,0.0068509597
2024-05-14,22,0.006928073075687143,0.008214421720524273,0.00751605017696978,0.00697068,0.0071449666
2024-05-15,22,0.0068645307693639655,0.0076227292336080036,0.007418148237634617,0.0075997342,0.0077060843
2024-05-16,22,0.00676135512512793,0.00723929390621447,0.006897331244933321,0.0069382316,0.006370423
2024-05-17,22,0.006635227375728308,0.007161379001517848,0.006962986938631117,0.007225829,0.006923713
2024-05-20,22,0.006817305188989614,0.007312319022068896,0.007150430744195706,0.007334081,0.007615863
2024-05-21,22,0.006901819673734453,0.007228591768829978,0.00688141705400816,0.006725345,0.0068723974
2024-05-22,22,0.0066911055893300484,0.007246253112385555,0.007241765053246921,0.0065738233,0.0058688065
2024-05-23,22,0.006612440778584632,0.00689012500452839,0.0072317712173103794,0.006390442,0.006104616
2024-05-24,22,0.006708912488513521,0.006843882159630668,0.007111811896287428,0.0060930066,0.0056889043
2024-05-28,22,0.00676927243262037,0.006681680191807751,0.0070093326017634525,0.0065767365,0.0059368564
2024-05-30,22,0.006316111312529302,0.006837574770489066,0.007287427497585395,0.0065736105,0.0061917827
2024-05-31,22,0.006134815109656658,0.006775150372977066,0.007292834624880522,0.0063749324,0.005752761
2024-06-03,22,0.005843457851321111,0.006445087825928841,0.0072829971064930265,0.0069219274,0.0066305976
2024-06-04,22,0.00570891305326397,0.006268748232447246,0.007314981061341186,0.007019083,0.0061574373
2024-06-05,22,0.005796510718542998,0.005841689832621849,0.006676796972238477,0.0072241756,0.0065784175
2024-06-06,22,0.005775621458405119,0.005503920707482505,0.006498553132332876,0.0072830995,0.006591596
2024-06-07,22,0.005018157004949466,0.006547041984157755,0.007601932968089638,0.0072187623,0.0060829506
2024-06-10,22,0.005098159598481725,0.006560022744585253,0.0074123806454607115,0.007156171,0.0058656875
2024-06-11,22,0.0051979493438042415,0.006508109756782495,0.007268810521321578,0.007092661,0.0055530868
2024-06-12,22,0.004980538565432551,0.006514323247305934,0.007434087239662332,0.0072341235,0.0060592326
2024-06-13,22,0.004587409073576803,0.0069507491914409065,0.00795622202101873,0.0072015002,0.0054507125
2024-06-14,22,0.00462148593232729,0.006928073075687143,0.007333547815823241,0.0071041966,0.00580473
2024-06-17,22,0.004996492334793814,0.0068645307693639655,0.0073034482445542975,0.0065735914,0.0053705717
2024-06-18,22,0.005109764020371653,0.00676135512512793,0.006703215012369408,0.0065582343,0.0056964043
2024-06-20,22,0.005231593720288481,0.006635227375728308,0.0067260538479819035,0.006641971,0.005758363
2024-06-21,22,0.005111042996613945,0.006817305188989614,0.006858533762726266,0.006252399,0.0052840044
2024-06-24,22,0.0058456059462676955,0.006901819673734453,0.0067855412751412604,0.006199795,0.0053701666
2024-06-25,22,0.005976995409317548,0.0066911055893300484,0.006748253226735288,0.0062368475,0.0050567216
2024-06-26,22,0.005980163529481775,0.006612440778584632,0.006950899680201903,0.005793409,0.0049278648
2024-06-27,22,0.006062870347271598,0.006708912488513521,0.007150428921971786,0.00602973,0.0053352024
2024-06-28,22,0.00638626359608693,0.00676927243262037,0.007045438661374702,0.0059862738,0.0053402674
2024-07-01,22,0.006755182463326177,0.006585170439291457,0.006815134365530626,0.005913192,0.005006255
2024-07-02,22,0.007482507276370307,0.006316111312529302,0.00660769109645906,0.005576993,0.0048843357
2024-07-03,22,0.008382886374865653,0.006134815109656658,0.006511429470658375,0.0063104643,0.0057073887
2024-07-05,22,0.00881462706524121,0.005843457851321111,0.006093533730933703,0.0071275886,0.0060847173
2024-07-08,22,0.008790817615638135,0.00570891305326397,0.0061186794155883755,0.006476917,0.005424121
2024-07-09,22,0.00878448175586409,0.005796510718542998,0.006140169271000023,0.006322349,0.0053870887
2024-07-10,22,0.008731927409021883,0.005775621458405119,0.006191496380169304,0.006420871,0.0055624284
2024-07-11,22,0.008859852644193407,0.005018157004949466,0.005791846634432935,0.0073371907,0.0061337305
2024-07-12,22,0.00862219720257046,0.005098159598481725,0.006161828864389401,0.0072546876,0.0062998724
2024-07-15,22,0.008488154074648993,0.0051979493438042415,0.006269733542798048,0.0070754667,0.006436277
2024-07-16,22,0.008962688784960919,0.004980538565432551,0.005941602850192278,0.0076052956,0.0067111505
2024-07-17,22,0.009230187576655505,0.004587409073576803,0.005815445248600209,0.007402915,0.0058295447
2024-07-18,22,0.009398950909611478,0.00462148593232729,0.0058484448535526,0.006980406,0.0054046186
2024-07-19,22,0.009135579846533529,0.004996492334793814,0.006344505086218389,0.006576761,0.0053945077
2024-07-22,22,0.009154974677253971,0.005109764020371653,0.006080607948781899,0.006227192,0.005317373
2024-07-23,22,0.009249107678684303,0.005231593720288481,0.006299839335868606,0.00648724,0.0056222994
2024-07-24,22,0.009061746364536057,0.005111042996613945,0.006355744795544352,0.0066610547,0.0057915337
2024-07-25,22,0.008278704925306335,0.0058456059462676955,0.007298633031700331,0.0063954927,0.005661402
2024-07-26,22,0.0080946887325492,0.005976995409317548,0.007143500049703681,0.0065918597,0.0056960867
2024-07-30,22,0.0077893947152040365,0.006062870347271598,0.0074304321018188796,0.0072531006,0.0062077283
2024-07-31,22,0.007465549197507978,0.00638626359608693,0.007820100384742415,0.008444333,0.0073141083
2024-08-01,22,0.007353446441324828,0.006755182463326177,0.007749976502135237,0.008747454,0.007848535
2024-08-02,22,0.006639728984171903,0.007482507276370307,0.008484472766734986,0.010222742,0.008082622
2024-08-05,22,0.005642720986478837,0.008382886374865653,0.009204973428834048,0.013011207,0.009209427
2024-08-06,22,0.005514875051641462,0.00881462706524121,0.009354472635132451,0.008693081,0.00844276
2024-08-07,22,0.005398570344912198,0.008790817615638135,0.009068813597687592,0.008274549,0.007698614
2024-08-08,22,0.005504851593820253,0.00878448175586409,0.008848973089871188,0.0077504716,0.0076616043
2024-08-09,22,0.005760392011872903,0.008731927409021883,0.008442580559352297,0.0070640594,0.0068390826
2024-08-12,22,0.005897859753091557,0.008859852644193407,0.008088928457994917,0.008248327,0.0074252766
2024-08-13,22,0.006098608435663382,0.00862219720257046,0.007554893422475181,0.0074519455,0.0071832784
2024-08-14,22,0.0061705946735420986,0.008488154074648993,0.007520239451783122,0.006890589,0.006315371
2024-08-15,22,0.005616608222476819,0.008962688784960919,0.008235404893399948,0.006627291,0.006245763
2024-08-16,22,0.0055544046519440705,0.009230187576655505,0.008580363706381124,0.007511994,0.0075058094
2024-08-19,22,0.005224606065783959,0.009398950909611478,0.008657437868441564,0.007301835,0.0076410305
2024-08-20,22,0.004962369335327232,0.009135579846533529,0.008683991354713531,0.007816856,0.007893145
2024-08-21,22,0.005062572658224252,0.009154974677253971,0.008498535266215287,0.007712496,0.008089122
2024-08-22,22,0.005239116937158443,0.009249107678684303,0.00848913090845393,0.0074301884,0.0077803014
2024-08-23,22,0.005311934718619906,0.009061746364536057,0.008036354928723571,0.007417353,0.0075647472
2024-08-26,22,0.005214695467667012,0.008278704925306335,0.0075374456047507645,0.007463628,0.0071663638
2024-08-27,22,0.005195583113376464,0.0080946887325492,0.007333568082031757,0.007326133,0.0071545234
2024-08-29,22,0.005658459230982092,0.0077893947152040365,0.006772658155031911,0.007016908,0.006960629
2024-08-30,22,0.005751497948894239,0.007465549197507978,0.00701596513990224,0.0065001734,0.006752369
2024-09-03,22,0.0054866547588839675,0.007353446441324828,0.00727208229025309,0.007290323,0.0073936544
2024-09-04,22,0.0056753224789182,0.006639728984171903,0.006767109865818592,0.0074383807,0.007075936
2024-09-05,22,0.00580037603583528,0.005642720986478837,0.006155566644973404,0.0073608905,0.0072587505
2024-09-06,22,0.0056410330980273555,0.005514875051641462,0.0064814900181873235,0.0076081106,0.00650605
2024-09-09,22,0.0057505661649569035,0.005398570344912198,0.006171059353147108,0.0068924357,0.006322811
2024-09-11,22,0.005679154758923801,0.005760392011872903,0.006561578981755805,0.0064949905,0.0058574644
2024-09-12,22,0.005248015829729593,0.005897859753091557,0.006938783604976567,0.0069956537,0.0069956873
2024-09-13,22,0.005124704892990519,0.006098608435663382,0.006984385675601026,0.007537081,0.007662094
2024-09-17,22,0.005153362880196539,0.005616608222476819,0.006462390217067736,0.006946627,0.006538351
2024-09-18,22,0.005148920955011134,0.0055544046519440705,0.006681056879153531,0.007076472,0.0070371297
2024-09-19,22,0.005402246862324727,0.005224606065783959,0.006003689562832,0.0067468425,0.006604842
2024-09-20,22,0.005473644327617332,0.004962369335327232,0.0056951176148230314,0.0071226307,0.0069804857
2024-09-24,22,0.005033646777428635,0.005239116937158443,0.006373380305836453,0.007590195,0.007945544
2024-09-25,22,0.005010215045518734,0.005311934718619906,0.006132356699565085,0.0073891087,0.0075807474
2024-09-26,22,0.005112638564898753,0.005214695467667012,0.005982386208211969,0.0074915932,0.0074393987
2024-09-27,22,0.0051540844324974395,0.005195583113376464,0.006122868950426597,0.007270802,0.0075093363
2024-09-30,22,0.004721343141097194,0.0054830696022556925,0.00656924631670208,0.006853512,0.0069888085
2024-10-01,22,0.004779010515235893,0.005658459230982092,0.006402520785437464,0.0076114954,0.007083502
2024-10-02,22,0.0046955903958254734,0.005751497948894239,0.006623312206138712,0.00707115,0.006718187
2024-10-03,22,0.004576514372072498,0.0054866547588839675,0.006411747967080307,0.0073872022,0.0068215244
2024-10-04,22,0.004342528619774114,0.0056753224789182,0.006695172807970429,0.006962949,0.006552586
2024-10-07,22,0.004580149084347932,0.00580037603583528,0.006539924230802993,0.0069576586,0.0065559708
2024-10-08,22,0.0044354742617110894,0.0056410330980273555,0.006486448374672542,0.00650094,0.0057320334
2024-10-09,22,0.004439506605958623,0.0057505661649569035,0.006421899841730447,0.0065572276,0.0057358365
2024-10-10,22,0.0044579953309800335,0.005740295458333459,0.00652348819442553,0.0063353744,0.0057804976
2024-10-11,22,0.004322487417288294,0.005679154758923801,0.006509501710243483,0.006733945,0.006288833
2024-10-14,22,0.004506180293762372,0.005248015829729593,0.005939915212887611,0.006432414,0.0057946886
2024-10-17,22,0.005276284363823602,0.005153362880196539,0.005629696154342075,0.006482658,0.006014204
2024-10-18,22,0.005077567805396503,0.005148920955011134,0.005934247240319784,0.0062647993,0.0065708873
2024-10-21,22,0.00496190870861298,0.005402246862324727,0.006391279712446481,0.0065162615,0.006380668
2024-10-22,22,0.004993350108743753,0.005473644327617332,0.006330925925997208,0.0066560986,0.006732468
2024-10-23,22,0.005261027794493425,0.005253536681792133,0.005899504864256802,0.006671312,0.0062404196
2024-10-24,22,0.005367229979896103,0.005033646777428635,0.0060881307306852785,0.0067240656,0.0065282695
2024-10-25,22,0.005339927582066321,0.005010215045518734,0.005863520286302968,0.0070924102,0.0068080057
2024-10-28,22,0.005645600853433651,0.005112638564898753,0.00579920456501015,0.0067188316,0.0067487443
2024-10-30,22,0.006143973190849461,0.004721343141097194,0.005576808314268329,0.0069119497,0.006885206
2024-10-31,22,0.006116484475419436,0.004779010515235893,0.00572344311344804,0.0071317563,0.007302698
2024-11-01,22,0.006046665243509314,0.0046955903958254734,0.005789548820290582,0.0067733913,0.006728999
2024-11-04,22,0.006187696283130112,0.004576514372072498,0.005370514539249061,0.0067784484,0.0067519927
2024-11-05,22,0.006320447239902281,0.004342528619774114,0.005300912312196958,0.0065559647,0.00687071
2024-11-06,22,0.006319572120109778,0.004580149084347932,0.005840615008627026,0.006788517,0.0056608347
2024-11-07,22,0.006346816288068502,0.0044354742617110894,0.005510276881690064,0.006720312,0.0067136846
2024-11-08,22,0.0064575314856234346,0.004439506605958623,0.005519703235124837,0.006708837,0.0059902943
2024-11-11,22,0.006593654806470581,0.0044579953309800335,0.00573456085354187,0.0063703167,0.0060137142
2024-11-12,22,0.006730882137256302,0.004322487417288294,0.00567265054276641,0.006536836,0.005764302
2024-11-13,22,0.006658238367273809,0.004506180293762372,0.005626258017375219,0.006368024,0.005846275
2024-11-14,22,0.006395937213584865,0.004845816554000563,0.006204904958416729,0.006322913,0.0060165017
2024-11-18,22,0.007531953847477636,0.005276284363823602,0.006652401493735655,0.0063880505,0.0058147637
2024-11-19,22,0.007597995849822849,0.005077567805396503,0.00645330018828982,0.006814765,0.0060811993
2024-11-20,22,0.007649322707231265,0.00496190870861298,0.006366162580510945,0.0068895607,0.006374467
2024-11-21,22,0.007524437152430035,0.004993350108743753,0.006195628598013601,0.006633285,0.00620846
2024-11-22,22,0.0073861066462983325,0.005261027794493425,0.006383708053145997,0.006574206,0.006275778
2024-11-25,22,0.007406291899993568,0.005367229979896103,0.006372188185481172,0.007293094,0.005822919
2024-11-26,22,0.007582560325170433,0.005339927582066321,0.006218694836134364,0.0075960937,0.0066066873
2024-11-27,22,0.0072946509654872125,0.005645600853433651,0.006694141090134035,0.007654078,0.006818233
2024-11-29,22,0.00701529513680099,0.005882528863435531,0.00699063981829772,0.0077939183,0.007166197
2024-12-02,22,0.00678135478339935,0.006143973190849461,0.007136013208819709,0.007398635,0.006317738
2024-12-03,22,0.0069647062300884814,0.006116484475419436,0.007009791747445197,0.006791483,0.005883629
2024-12-04,22,0.007012629048611499,0.006046665243509314,0.00699097334494651,0.006621965,0.005835101
2024-12-05,22,0.007130422496869739,0.006187696283130112,0.0068609415048716095,0.0060523255,0.0051992736
2024-12-06,22,0.007397984998855442,0.006320447239902281,0.006796227717689952,0.0060961973,0.005375219
2024-12-09,22,0.007021536364278775,0.006319572120109778,0.006922157252828123,0.006166731,0.0056055738
2024-12-10,22,0.007099426180953305,0.006346816288068502,0.006727703264353539,0.006282428,0.005994566
2024-12-11,22,0.0070006891202175105,0.0064575314856234346,0.006968802132287109,0.006690898,0.006507487
2024-12-12,22,0.006948670058650464,0.006593654806470581,0.007228524163199821,0.006266266,0.005971067
2024-12-13,22,0.006963036485434664,0.006730882137256302,0.007325780266182715,0.0063431393,0.0058892258
2024-12-16,22,0.007243415122666293,0.006658238367273809,0.006974980581870137,0.0062573506,0.0054570474
2024-12-17,22,0.0070726058676621175,0.006395937213584865,0.00700849043130263,0.0064835288,0.0056566903
2024-12-18,22,0.006495386060992919,0.0069801225709416135,0.007820263911725115,0.007679904,0.0070037404
2024-12-19,22,0.005828424297486175,0.007531953847477636,0.00845698252678333,0.0068928567,0.0061805323
2024-12-20,22,0.005828118471456839,0.007597995849822849,0.008271687424037276,0.006431372,0.005759612
2024-12-23,22,0.005588276670723246,0.007649322707231265,0.008329039096126844,0.0063898843,0.0058996906
2024-12-24,22,0.005743174296460886,0.007524437152430035,0.00806758669120092,0.0062263096,0.0062777293
2024-12-26,22,0.005967254615552234,0.0073861066462983325,0.007667483771786249,0.0063510477,0.006113259
2024-12-27,22,0.005953495637753402,0.007406291899993568,0.007298487484821448,0.0062417677,0.0058607636
2024-12-30,22,0.006447439294661412,0.007582560325170433,0.007409768049265095,0.006452659,0.005755159
2024-12-31,22,0.006638143593557358,0.0072946509654872125,0.007112563726843073,0.0062738927,0.0057727653
2025-01-02,22,0.006726479675922635,0.00701529513680099,0.0070968037373392205,0.006471437,0.0061933245
2025-01-03,22,0.007039744043410073,0.00678135478339935,0.006902415284288322,0.005861527,0.0058074403
2025-01-06,22,0.007028912904076869,0.0069647062300884814,0.007197283748054899,0.0061475774,0.00601868
2025-01-07,22,0.006938704371435204,0.007012629048611499,0.007097112642374049,0.006274725,0.005893979
2025-01-08,22,0.007283976554430616,0.007130422496869739,0.007271684346955541,0.006243337,0.005954846
2025-01-10,22,0.007384001751826109,0.007397984998855442,0.007710641047497275,0.0064811553,0.0066093723
2025-01-13,22,0.007621316579145594,0.007021536364278775,0.007176953127817522,0.0059951264,0.005917784
2025-01-14,22,0.007930166778301266,0.007099426180953305,0.0072538308735433455,0.0061496324,0.005848335
2025-01-15,22,0.008097980450967048,0.0070006891202175105,0.00717841239926298,0.007227369,0.006656539
2025-01-16,22,0.008013922053935413,0.006948670058650464,0.007254237143226731,0.0075701163,0.007255435
2025-01-17,22,0.008260716868520226,0.006963036485434664,0.007116590522668536,0.0071708006,0.006789935
2025-01-21,22,0.008161063211381901,0.007243415122666293,0.007568073216873406,0.007603627,0.0076427837
2025-01-22,22,0.008328810439231851,0.0070726058676621175,0.007186077051252192,0.0073247147,0.007206601
2025-01-23,22,0.008524610434073519,0.006495386060992919,0.007106929171000666,0.0071769613,0.00680539
2025-01-24,22,0.008297319525601109,0.005828424297486175,0.006790049926178503,0.0068732924,0.0068804803
2025-01-27,22,0.008467128347565765,0.005828118471456839,0.006718473007860887,0.007160929,0.006667267
2025-01-28,22,0.008665036226768404,0.005588276670723246,0.005884709132115043,0.0069478196,0.0065261126
2025-01-30,22,0.008969820826620841,0.005967254615552234,0.0066943910145092185,0.008033237,0.007937527
2025-01-31,22,0.009005320515686052,0.005953495637753402,0.006674657434506406,0.0074718534,0.0068088016
2025-02-03,22,0.00840216608254667,0.006447439294661412,0.0074730539804434256,0.0079793995,0.008195577
2025-02-04,22,0.008508218024117652,0.006638143593557358,0.007683031729312586,0.008681933,0.008343031
2025-02-05,22,0.008561704514491123,0.006726479675922635,0.007614473652573001,0.0086118365,0.008237118
2025-02-06,22,0.00840645349258907,0.007039744043410073,0.007863306634687412,0.008004479,0.00755509
2025-02-07,22,0.008110236164050157,0.007028912904076869,0.007887126257654736,0.007571358,0.007379376
2025-02-10,22,0.008195046242774492,0.006938704371435204,0.0073621535778115605,0.008113688,0.007812049
2025-02-11,22,0.007830210944455738,0.007283976554430616,0.007879758045433508,0.007954866,0.007858531
2025-02-12,22,0.0073294880047026865,0.007384001751826109,0.008108102539150657,0.007870967,0.0073284702
2025-02-13,22,0.007280053941660152,0.007621316579145594,0.008035016217280777,0.007844331,0.00777762
2025-02-14,22,0.006998859583991162,0.007930166778301266,0.008336488489639894,0.008000499,0.007802255
2025-02-18,22,0.006826015420560382,0.008097980450967048,0.008485032728012055,0.0085241655,0.00879913
2025-02-19,22,0.006950228002055451,0.008013922053935413,0.008194990717582448,0.007653713,0.008287152
2025-02-20,22,0.006569668066039623,0.008260716868520226,0.008409501053184656,0.0075935284,0.007949337
2025-02-21,22,0.006450704098163219,0.008161063211381901,0.008302703173877327,0.008318251,0.0084603755
2025-02-24,22,0.00635523823665244,0.008328810439231851,0.00817546559763708,0.0084490385,0.008950718
2025-02-25,22,0.006086952625942942,0.008524610434073519,0.008428586448673704,0.008036118,0.007803754
2025-02-26,22,0.006223847111912352,0.008297319525601109,0.008061379728899814,0.00802752,0.007872337
2025-02-27,22,0.006142146705434437,0.008467128347565765,0.008211980827437546,0.007844027,0.0078329565
2025-02-28,22,0.006412762601803931,0.008665036226768404,0.008083148684599542,0.0072145504,0.007102144
2025-03-03,22,0.006333135853324547,0.008901046170665979,0.008635432895717995,0.008065647,0.007020724
2025-03-04,22,0.007003022230245967,0.008969820826620841,0.008576387164842951,0.008546453,0.0072538713
2025-03-05,22,0.007315915010425792,0.009005320515686052,0.008731234661328966,0.0082536945,0.007254501
2025-03-06,22,0.008016666243357026,0.00840216608254667,0.008200463267843038,0.008498703,0.007274426
2025-03-07,22,0.008365390464806891,0.008508218024117652,0.008534971582331432,0.007599995,0.0074573704
2025-03-10,22,0.008993414768471162,0.008561704514491123,0.008333893858431933,0.008148704,0.0072578057
2025-03-11,22,0.009296892239165706,0.00840645349258907,0.008113387641410633,0.0071662236,0.007249777
2025-03-12,22,0.009710099547380863,0.008110236164050157,0.0076605052223410125,0.0067619774,0.0067959893
2025-03-13,22,0.009791838755168963,0.008195046242774492,0.007856761730917977,0.0072809877,0.0072048693
2025-03-14,22,0.009701904191667854,0.007830210944455738,0.007524191489970056,0.0067210137,0.006937755
2025-03-17,22,0.010071519219064344,0.0073294880047026865,0.006967287791958024,0.0068158507,0.007321018
2025-03-18,22,0.010377236493082339,0.007280053941660152,0.007003228417870096,0.007178269,0.0073923473
2025-03-19,22,0.012064033132592404,0.006998859583991162,0.006998317301795865,0.006991902,0.0068664458
2025-03-20,22,0.013357457183762609,0.006826015420560382,0.006858540233955228,0.007004422,0.006754205
2025-03-21,22,0.013568602627779149,0.006950228002055451,0.007118967822697756,0.0066227955,0.0063561555
2025-03-24,22,0.013989931432932543,0.006569668066039623,0.0069200897981994665,0.006114795,0.005818555
2025-03-25,22,0.013812030198974413,0.006450704098163219,0.006849320239814299,0.006152888,0.005842289
2025-03-26,22,0.014046086655312656,0.00635523823665244,0.006700328804586723,0.0059873904,0.005574712
2025-03-27,22,0.014428199288500844,0.006086952625942942,0.006608650712847601,0.0068780202,0.0068848454
2025-03-28,22,0.014774685575733202,0.006223847111912352,0.006611920743036639,0.0076268674,0.0076686656
2025-03-31,22,0.014945963513610971,0.006142146705434437,0.006743332344357254,0.007956194,0.0074981363
2025-04-01,22,0.014832926691495078,0.006412762601803931,0.007111693553216031,0.008285102,0.007794055
2025-04-02,22,0.015208723505014494,0.006333135853324547,0.007339970536035986,0.008059676,0.007989291
2025-04-03,22,0.014517550630335116,0.007003022230245967,0.008245569951031553,0.01011288,0.008335638
2025-04-04,22,0.014221569593482196,0.007315915010425792,0.008520230476672544,0.012071438,0.0103649935
2025-04-07,22,0.013365757689393092,0.008016666243357026,0.009137236140217195,0.010465912,0.0100223925
2025-04-08,22,0.013277530718912217,0.008365390464806891,0.00941877936620211,0.012454093,0.010548711
2025-04-09,22,0.012623167197615177,0.008993414768471162,0.009916556504360997,0.012002638,0.008807447
2025-04-10,22,0.012411912002469274,0.009296892239165706,0.009792018106212276,0.011867198,0.009305476
2025-04-11,22,0.01278538728097352,0.009710099547380863,0.009915532375976208,0.012482178,0.009429423
2025-04-14,22,0.012763847184769892,0.009791838755168963,0.00964573497765106,0.010827302,0.009952069
2025-04-15,22,0.013352903697067427,0.009701904191667854,0.009176515519588905,0.010240785,0.0096249115
2025-04-16,22,0.013484419234946803,0.010071519219064344,0.009229901724967536,0.012476561,0.010739505
2025-04-17,22,0.013233007708557603,0.010377236493082339,0.009355480685559327,0.011365932,0.009277233
2025-04-22,22,0.01168997256354542,0.012064033132592404,0.011079291449262582,0.013809543,0.010588665
2025-04-23,22,0.010707290431653489,0.013357457183762609,0.012068609257596017,0.011910277,0.009504135
2025-04-24,22,0.010619910115193941,0.013568602627779149,0.012114944060591408,0.012410136,0.011684261
2025-04-25,22,0.010479990307763143,0.013989931432932543,0.012343214222200301,0.011952234,0.010756177
2025-04-28,22,0.011334509798977502,0.013812030198974413,0.011433230247755935,0.011835151,0.011158587
2025-04-29,22,0.01135527073413293,0.014046086655312656,0.011397837357547149,0.011721276,0.010010009
2025-04-30,22,0.01115912995417101,0.014428199288500844,0.011065122796435893,0.012190581,0.011822285
2025-05-01,22,0.011037899669925159,0.014774685575733202,0.011215587774121275,0.0113772275,0.009422393
2025-05-02,22,0.010801568873559498,0.014945963513610971,0.011179199705323916,0.010413165,0.009618502
2025-05-05,22,0.010994558355726533,0.014832926691495078,0.011286363585200921,0.0110819135,0.010383886
2025-05-06,22,0.01051117675401055,0.015208723505014494,0.011953663458679143,0.012549862,0.011761732
2025-05-07,22,0.010569845435836852,0.014517550630335116,0.011423742161263555,0.011721851,0.011882753
2025-05-08,22,0.01076996637097819,0.014221569593482196,0.011176520004491408,0.011807242,0.010540807
2025-05-09,22,0.011181664887396475,0.013365757689393092,0.010112052373266478,0.0113389315,0.011268426
2025-05-12,22,0.01114335483659134,0.013277530718912217,0.010856755821303242,0.010629276,0.009278073
2025-05-13,22,0.011290597584895297,0.012623167197615177,0.010028223990296865,0.010278464,0.010262744
2025-05-14,22,0.011290961583380927,0.012411912002469274,0.009933986147480818,0.010094389,0.009518127
2025-05-15,22,0.01055791511948015,0.01278538728097352,0.010609450610060349,0.010483023,0.009642251
2025-05-16,22,0.010543300091586947,0.012763847184769892,0.010573647578350368,0.010223308,0.009638552
2025-05-19,22,0.010376537308975121,0.013352903697067427,0.010991908124913491,0.010316947,0.0101186
2025-05-20,22,0.010105053050928937,0.013484419234946803,0.011169330505332796,0.010382173,0.010503528
2025-05-21,22,0.010325158029265357,0.013233007708557603,0.010879006039046842,0.010528836,0.011053114
2025-05-22,22,0.010145179119987455,0.01168997256354542,0.010024981157572247,0.009892746,0.009783066
2025-05-23,22,0.00967273974085116,0.010707290431653489,0.009796941983863109,0.010210885,0.01006783
2025-05-27,22,0.009698476855900902,0.010619910115193941,0.009616662533981404,0.009982172,0.009102025
2025-05-29,22,0.009212931910608275,0.011334509798977502,0.010301856066194772,0.010019985,0.009860501
2025-05-30,22,0.009048851743905576,0.01135527073413293,0.010194469118841176,0.010031654,0.0094524855
2025-06-02,22,0.008961053470829672,0.01115912995417101,0.010038357745086414,0.010151603,0.009769114
2025-06-03,22,0.008866160199252373,0.011037899669925159,0.010024723615931538,0.009904542,0.008914436
2025-06-04,22,0.008983569734312087,0.010801568873559498,0.009700835825437194,0.009619914,0.008924631
2025-06-05,22,0.008778873376902046,0.010994558355726533,0.009694394831421533,0.009094845,0.008396669
2025-06-06,22,0.008552975590146577,0.01051117675401055,0.009501920811649227,0.008795,0.008321032
2025-06-09,22,0.008447253001652413,0.010569845435836852,0.009565975425848893,0.008536299,0.00837272
2025-06-10,22,0.008104538495795021,0.01076996637097819,0.009742954451359184,0.008241944,0.008467118
2025-06-11,22,0.007812034954704121,0.011181664887396475,0.009934946345292012,0.008322441,0.008685098
2025-06-12,22,0.007408248973858274,0.01114335483659134,0.010078268791517358,0.008992458,0.009939373
2025-06-13,22,0.00748388949183946,0.011290597584895297,0.01006191969881811,0.010046724,0.011010437
2025-06-16,22,0.007147075979594221,0.011290961583380927,0.009959059168296975,0.008742546,0.010103635
2025-06-17,22,0.007271016998582623,0.01055791511948015,0.009323627363657126,0.0093307765,0.009832081
2025-06-18,22,0.007344488865328941,0.010543300091586947,0.009298387509921454,0.00886073,0.00835266
2025-06-20,22,0.00704071920492328,0.010376537308975121,0.009284458517520284,0.009056939,0.007902228
2025-06-23,22,0.007055779843959161,0.010105053050928937,0.009007384028823012,0.008310413,0.008039088
2025-06-24,22,0.006959883243636295,0.010325158029265357,0.009251604209234347,0.007870771,0.007630716
2025-06-25,22,0.006852629214146576,0.010145179119987455,0.0090383493131731,0.007433385,0.0075726076
2025-06-26,22,0.007103151902028134,0.00967273974085116,0.00850988396030739,0.007219623,0.007523468
2025-06-27,22,0.007217465061153417,0.009698476855900902,0.00879449919556392,0.0072311307,0.0069495193
2025-06-30,22,0.007347652589083868,0.009623390542524783,0.00871389061541503,0.0074854586,0.007602221
2025-07-01,22,0.007419731097026134,0.009212931910608275,0.008519013996652232,0.0073548416,0.0076558627
2025-07-02,22,0.007645564845358167,0.009048851743905576,0.00838816085515236,0.0072964295,0.007922624
2025-07-03,22,0.0077313267947022235,0.008961053470829672,0.00856627256791837,0.0071083,0.007214781
2025-07-07,22,0.007568644572212766,0.008866160199252373,0.008480137682518185,0.0072786487,0.0068811104
2025-07-08,22,0.007540826846007899,0.008983569734312087,0.008574375592369442,0.006490647,0.0068876655
2025-07-09,22,0.008095837320567031,0.008778873376902046,0.008378061230472415,0.006518291,0.006566786
2025-07-10,22,0.00863370751136685,0.008552975590146577,0.00822091422508386,0.006327763,0.0063045505
2025-07-11,22,0.008569670005046723,0.008447253001652413,0.00826585077752479,0.006626514,0.006657406
2025-07-14,22,0.008459923956769531,0.008104538495795021,0.007941675442183558,0.006623936,0.0067186905
2025-07-15,22,0.008610933202409627,0.007812034954704121,0.0075134472108004235,0.006215035,0.0064484174
2025-07-16,22,0.008490246633489594,0.007408248973858274,0.0073672474498417215,0.006803586,0.0064178007
2025-07-17,22,0.008153121311637477,0.00748388949183946,0.00772197097232121,0.0065784454,0.0062001348
2025-07-18,22,0.00841271984560707,0.007147075979594221,0.006902755653608392,0.006546574,0.0065122517
2025-07-21,22,0.00814203756940361,0.007271016998582623,0.007353967236921822,0.0071781524,0.0073393257
2025-07-22,22,0.007981521859598157,0.007344488865328941,0.007589412588513031,0.008024271,0.0082946
2025-07-23,22,0.007901582789205847,0.00704071920492328,0.007417668347846345,0.007467134,0.007814076
2025-07-24,22,0.007675168703529571,0.007055779843959161,0.007333184465601451,0.007285677,0.0069369017
2025-07-25,22,0.0075004547127726084,0.006959883243636295,0.007558120772021327,0.0069878725,0.007157215
2025-07-28,22,0.007675402585624282,0.006852629214146576,0.007176739649169254,0.006836562,0.0067084148
2025-07-30,22,0.007188227238053895,0.007217465061153417,0.00783610646333412,0.0068104477,0.0070386506
2025-07-31,22,0.007076946151543442,0.007347652589083868,0.007953762019210043,0.0071880347,0.00823665
2025-08-01,22,0.00670919399308681,0.007419731097026134,0.008065296609441216,0.007917658,0.008296642
2025-08-04,22,0.006824469569888103,0.007645564845358167,0.008392257557793615,0.00797352,0.007938572
2025-08-05,22,0.006444700044640347,0.0077313267947022235,0.008358138119676879,0.007430079,0.007571012
2025-08-06,22,0.006517881606825383,0.007568644572212766,0.008010636361873354,0.007117997,0.0075744563
2025-08-07,22,0.006517536414300265,0.007540826846007899,0.008005253426657826,0.007239034,0.007194148
2025-08-08,22,0.00600445977098875,0.008095837320567031,0.008595930631537789,0.006822347,0.007283394
2025-08-11,22,0.0054972703002949186,0.00863370751136685,0.008984012716541747,0.0071647377,0.0069373148
2025-08-12,22,0.005453163968341523,0.008569670005046723,0.00875738683825495,0.0068818773,0.007006509
2025-08-13,22,0.005586774494414692,0.008459923956769531,0.008536117646015315,0.0068582194,0.0069788382
2025-08-14,22,0.005459339701162721,0.008610933202409627,0.00865285991790101,0.006876219,0.0070192404
2025-08-15,22,0.005603868941732798,0.008490246633489594,0.00807227173868669,0.0063783927,0.0069405944
2025-08-18,22,0.005817430470406632,0.008153121311637477,0.007510116551254436,0.006115227,0.0063273134
2025-08-19,22,0.0058554664393638935,0.00841271984560707,0.007626374491666169,0.0060291607,0.0059189806
2025-08-20,22,0.006116324524681927,0.00814203756940361,0.007253249193454936,0.0062108254,0.006349561
2025-08-21,22,0.006170204594113358,0.007981521859598157,0.007269375544782878,0.006197607,0.0061964844
2025-08-22,22,0.006137222461429632,0.007901582789205847,0.007289820135707274,0.006498253,0.006113646
2025-08-25,22,0.006283526455820705,0.007675168703529571,0.007078075305635597,0.006535433,0.0061720912
2025-08-26,22,0.006338324110802287,0.0075004547127726084,0.007015133954866748,0.0071525923,0.0062178783
2025-08-27,22,0.006433019624031364,0.007675402585624282,0.007322564709154171,0.0073282435,0.00654219
2025-08-28,22,0.006796365415914286,0.0075851724178661985,0.007307917622800783,0.007466804,0.007302232
2025-08-29,22,0.006987058399105735,0.007188227238053895,0.007156322001050389,0.00809354,0.0076058498
2025-09-02,22,0.007173080242727833,0.007076946151543442,0.00735028835303522,0.008814971,0.009182127
2025-09-03,22,0.007298845003180911,0.00670919399308681,0.006962377127337423,0.008566555,0.008419864
2025-09-04,22,0.007357959858294048,0.006824469569888103,0.0074330297156474535,0.008946084,0.008454898
2025-09-05,22,0.007699714964737059,0.006444700044640347,0.006682576855272302,0.00886342,0.008335904
2025-09-08,22,0.007609322064107207,0.006517881606825383,0.007100429106416761,0.009597427,0.00894919
2025-09-09,22,0.008031932261996562,0.006517536414300265,0.007134852105617914,0.008842648,0.008119063
2025-09-10,22,0.008255976445148193,0.00600445977098875,0.006991555806531989,0.008477845,0.0077976207
2025-09-11,22,0.008508574130705727,0.0054972703002949186,0.0064552119563148205,0.008015522,0.0076415157
2025-09-12,22,0.008926884943096841,0.005453163968341523,0.006590742077022159,0.007557907,0.007364917
2025-09-15,22,0.009171466114393175,0.005586774494414692,0.006642767824633536,0.008291014,0.008160828
2025-09-16,22,0.009672043598525191,0.005459339701162721,0.006346478659336789,0.008345223,0.007929942
2025-09-17,22,0.01030927794057405,0.005603868941732798,0.006463847689466947,0.008093742,0.00732519
2025-09-18,22,0.01091555018928761,0.005817430470406632,0.006747455997531391,0.0071475594,0.0066603967
2025-09-19,22,0.010629651496306574,0.0058554664393638935,0.00676555521175908,0.007145812,0.006884261
2025-09-22,22,0.011357634003977721,0.006116324524681927,0.0069470351046776145,0.007927201,0.007916344
2025-09-23,22,0.01161659165791772,0.006170204594113358,0.007030551514403991,0.008669888,0.008188495
2025-09-24,22,0.011936529540480112,0.006137222461429632,0.006880380858573519,0.00800459,0.007764465
2025-09-25,22,0.012649577272921673,0.006283526455820705,0.006928507812897996,0.007954198,0.007988098
2025-09-29,22,0.013159370145578402,0.006433019624031364,0.0070280054243439735,0.008975823,0.008603722
2025-09-30,22,0.013482795435163236,0.006796365415914286,0.007555805671532217,0.009342139,0.009287564
2025-10-01,22,0.013478037923291298,0.006987058399105735,0.007787789733409269,0.009116224,0.0093374755
2025-10-02,22,0.013373996461898538,0.007173080242727833,0.008088024227399817,0.008787827,0.008716683
2025-10-03,22,0.013565389634433975,0.007298845003180911,0.007921811689876615,0.008537202,0.008106603
2025-10-06,22,0.013167523979649416,0.007357959858294048,0.008222852914295975,0.009275305,0.009684445
2025-10-07,22,0.013105026087223482,0.007699714964737059,0.008178843889059047,0.009839627,0.009575221
2025-10-08,22,0.012856784243520622,0.007609322064107207,0.00798017117231151,0.009984053,0.009618056
2025-10-09,22,0.012735385715957325,0.008031932261996562,0.008498514985893355,0.010196537,0.009044259
2025-10-10,22,0.012470231746601767,0.008255976445148193,0.008714074530491098,0.012072959,0.010679639
2025-10-13,22,0.01238720851002168,0.008508574130705727,0.00873766378886823,0.011571385,0.009686612
2025-10-14,22,0.012216448045397949,0.008926884943096841,0.009141611390029222,0.012800053,0.012388155
2025-10-15,22,0.01259616280830287,0.009171466114393175,0.009341806431955361,0.013075031,0.012090132
2025-10-16,22,0.012643066655360717,0.009672043598525191,0.00953547663301287,0.014641615,0.013704246
2025-10-17,22,0.01207019748932188,0.01030927794057405,0.010053536323227821,0.0137610715,0.012606228
2025-10-20,22,0.011583918359110353,0.01091555018928761,0.010570058980105677,0.013548812,0.0122089
2025-10-21,22,0.01215028824250422,0.010629651496306574,0.0095819612202444,0.01312616,0.011547976
2025-10-22,22,0.011456449062189126,0.011357634003977721,0.010725957944119038,0.013362789,0.011834158
2025-10-23,22,0.011094324874771789,0.01161659165791772,0.010659511028813155,0.012940454,0.012212888
2025-10-24,22,0.01111377867501295,0.011936529540480112,0.010577878935025436,0.012265156,0.012293894
2025-10-27,22,0.010281964987307013,0.012649577272921673,0.010991769940528737,0.011794576,0.011278127
2025-10-28,22,0.009907765681937594,0.012922831529475712,0.011460910742531527,0.011814463,0.011049115
2025-10-30,22,0.009260526870585355,0.013482795435163236,0.011777399291958132,0.012039156,0.011772449
2025-10-31,22,0.009258958206127274,0.013478037923291298,0.011582821763808118,0.011530901,0.010823636
2025-11-03,22,0.009214259791017865,0.013373996461898538,0.011256618214547183,0.010891049,0.010589417
2025-11-04,22,0.009311997161006844,0.013565389634433975,0.011047099921187124,0.011357308,0.009187804
2025-11-05,22,0.009345862941556125,0.013167523979649416,0.010607209989911461,0.010231945,0.009219604
2025-11-06,22,0.009353863129034688,0.013105026087223482,0.010173619560426056,0.010319756,0.008552633
2025-11-07,22,0.00975101517961564,0.012856784243520622,0.009143467831925291,0.009676058,0.009109428
2025-11-10,22,0.009477314315703454,0.012735385715957325,0.010035994907842107,0.0101175,0.008984991
2025-11-11,22,0.009935429319546036,0.012470231746601767,0.009685827845556504,0.010024066,0.008945858
2025-11-12,22,0.010003878857371164,0.01238720851002168,0.009836590734992988,0.010352833,0.009903395
2025-11-13,22,0.010000365659761376,0.012216448045397949,0.00997260367103521,0.010761809,0.01012863
2025-11-14,22,0.009229524345011019,0.01259616280830287,0.010796889267644653,0.010918135,0.009796413
2025-11-17,22,0.008748141810929047,0.012643066655360717,0.010765117270044932,0.011181873,0.010387843
2025-11-18,22,0.008482536810752865,0.01207019748932188,0.010444665421269908,0.010942068,0.011456617
2025-11-19,22,0.008113831847344837,0.011583918359110353,0.010387739870190342,0.010473775,0.010699634
2025-11-20,22,0.008272258081525003,0.01215028824250422,0.010678732838107162,0.010519442,0.011642584
2025-11-21,22,0.008184917294520765,0.011456449062189126,0.010029620277546154,0.009281745,0.010376565
2025-11-24,22,0.008518225558757028,0.011094324874771789,0.009445200399756215,0.009040189,0.010055753
2025-11-26,22,0.010069888286598373,0.010281964987307013,0.008901100098314199,0.008607342,0.009222645
2025-11-28,22,0.010263271242933683,0.009907765681937594,0.008813213347793175,0.00844965,0.008951572
2025-12-01,22,0.010172884962642965,0.009805081867296344,0.008699034171260273,0.00835248,0.008842255
2025-12-02,22,0.01056634637011743,0.009260526870585355,0.008684729367016414,0.008613422,0.008946536
2025-12-03,22,0.010279815829813896,0.009258958206127274,0.00873587373475647,0.008513283,0.008935017
2025-12-04,22,0.010193210887172477,0.009214259791017865,0.008837289645735278,0.008403511,0.009039059
2025-12-05,22,0.010054422331849604,0.009311997161006844,0.008935517631365303,0.0079230135,0.008613725
2025-12-08,22,0.010005146780766597,0.009345862941556125,0.008810045178437014,0.007812489,0.008589994
2025-12-09,22,0.010631889082131892,0.009353863129034688,0.008759930621577854,0.0077457614,0.008133998
2025-12-10,22,0.010654325082865953,0.00975101517961564,0.008948659083382063,0.00794421,0.008342648
2025-12-11,22,0.010492598101296413,0.009477314315703454,0.00884932158595345,0.008134525,0.008256395
2025-12-12,22,0.009875376535927937,0.009935429319546036,0.009284708704094438,0.008562965,0.008549763
2025-12-15,22,0.009484999802855571,0.010003878857371164,0.009349246931548608,0.008290967,0.009232528
2025-12-16,22,0.009747520951847846,0.010000365659761376,0.009464761603151621,0.008111583,0.009596609
2025-12-17,22,0.010826349658499273,0.009229524345011019,0.00878034864602671,0.008233906,0.009635859
2025-12-18,22,0.01098082736919242,0.008748141810929047,0.008519296162775815,0.008394868,0.00963994
2025-12-19,22,0.011303139511366645,0.008482536810752865,0.00785907586712308,0.007940045,0.008564366
2025-12-22,22,0.012112040007521656,0.008113831847344837,0.0075222430792450945,0.008609312,0.009417524
2025-12-23,22,0.011923362988381161,0.008272258081525003,0.007998020643577151,0.0085190255,0.009067209
2025-12-24,22,0.012209031652134576,0.008184917294520765,0.007932933403845002,0.008680961,0.0095266085
2025-12-26,22,0.015030786456021227,0.008518225558757028,0.008366707201275952,0.008462526,0.009571601
2025-12-29,22,0.015597535426981151,0.009754466601160213,0.009951225476390727,0.010127056,0.01102672
2025-12-30,22,0.018632444639001548,0.010069888286598373,0.010043414887122014,0.009500301,0.009252766
2025-12-31,22,0.019623672535515897,0.010263271242933683,0.010171031130096864,0.010295264,0.012851467
2026-01-02,22,0.020969056544372186,0.010172884962642965,0.009941279094348825,0.009550064,0.010182976
2026-01-05,22,0.02172202404775414,0.01056634637011743,0.010439587530727771,0.009498142,0.010024396
2026-01-06,22,0.023740874896883268,0.010279815829813896,0.009314251834202345,0.009329349,0.009747956
2026-01-07,22,0.0242665885609677,0.010193210887172477,0.009300433264720992,0.009668454,0.011190142
2026-01-08,22,0.02425669364465234,0.010054422331849604,0.009070575370472974,0.010179505,0.010979919
2026-01-09,22,0.0246821344134358,0.010005146780766597,0.008950482410718262,0.009538604,0.009347427
2026-01-12,22,0.02457314904554083,0.010631889082131892,0.009536401237736875,0.009980015,0.010357454
2026-01-13,22,0.024701593067704992,0.010654325082865953,0.00958115605763372,0.010304955,0.0106780445
2026-01-14,22,0.02520863192956605,0.010492598101296413,0.009393485649734405,0.010316377,0.010779137
2026-01-15,22,0.025288928267316716,0.009875376535927937,0.008857057385421434,0.009609956,0.009738654
2026-01-16,22,0.02548091948976007,0.009484999802855571,0.008514034632844112,0.009386411,0.010179538
2026-01-20,22,0.025318093530207433,0.009747520951847846,0.008849563872861463,0.010416622,0.009816074
2026-01-21,22,0.024621529577787158,0.010826349658499273,0.00993982437858499,0.011516241,0.010589044
2026-01-22,22,0.02482709380583824,0.01098082736919242,0.009860671205628425,0.011229007,0.011189625
2026-01-23,22,0.024449386264521887,0.011303139511366645,0.010183701365967995,0.012221219,0.01138973
2026-01-26,22,0.023832466459494175,0.012112040007521656,0.011117002755971115,0.012281009,0.012336633
2026-01-29,22,0.021890382523700094,0.015030786456021227,0.01386487078137811,0.014886498,0.013097807
2026-01-30,22,0.020278136620008266,0.015597535426981151,0.01468946269515725,0.015269293,0.015347846
2026-02-02,22,0.01752033948605464,0.018632444639001548,0.016841925204950207,0.014690996,0.011382758
2026-02-03,22,0.01662228399286368,0.019623672535515897,0.016744597253538062,0.014653616,0.013439694
2026-02-04,22,0.015485297132223899,0.020969056544372186,0.017029828714916272,0.015324781,0.014918254
2026-02-05,22,0.01443306751540248,0.02172202404775414,0.01693857085509503,0.015598908,0.015030027
2026-02-06,22,0.012798597832336776,0.023740874896883268,0.01770543945807871,0.015996268,0.015886882
2026-02-09,22,0.012259379732177705,0.0242665885609677,0.016861787974092792,0.016349463,0.015402809
2026-02-10,22,0.01256521828695454,0.02425669364465234,0.016196502702419954,0.015473228,0.014021991
2026-02-11,22,0.012414505364960604,0.0246821344134358,0.01611199461553065,0.015732087,0.012948899
2026-02-12,22,0.01183018476323625,0.02457314904554083,0.01585511183063975,0.016114688,0.014198613
2026-02-13,22,0.012291675443854417,0.024701593067704992,0.014920766350157367,0.016042039,0.013267981
2026-02-17,22,0.012816082106737384,0.02520863192956605,0.015088473396684942,0.015816677,0.012063625
2026-02-18,22,0.01345500311587682,0.025288928267316716,0.014640313257966572,0.015050222,0.011154927
2026-02-19,22,0.017036620742282224,0.02548091948976007,0.014462769728113622,0.014564754,0.012738374
2026-02-20,22,0.01718523743070417,0.025318093530207433,0.014455016877463912,0.014352123,0.011810565
2026-02-23,22,0.018120835918221247,0.024621529577787158,0.0143123199748663,0.015267022,0.0124075385
2026-02-24,22,0.018657293991211833,0.02482709380583824,0.014213555397078262,0.014322438,0.011404423
2026-02-25,22,0.01945162046742915,0.024449386264521887,0.01354310470528883,0.013022602,0.010203579
2026-02-26,22,0.020207035362256494,0.023832466459494175,0.013935418248652492,0.013767451,0.010585096
2026-02-27,22,0.02039715364402546,0.023356999780646093,0.013918714884097119,0.012940515,0.011064394
2026-03-02,22,0.019409461777018168,0.02357056872472738,0.014710037264478039,0.013618506,0.012093425
2026-03-03,22,0.019479025396364584,0.021890382523700094,0.01474746596613176,0.014906309,0.012748649
2026-03-04,22,0.019557012171255838,0.020278136620008266,0.014207336041734473,0.012638912,0.012621229
2026-03-05,22,0.019541969760382093,0.01752033948605464,0.01332360335475659,0.0137042,0.0142212715
2026-03-06,22,0.02022304670849571,0.01662228399286368,0.01309907310353193,0.013939911,0.01359653
2026-03-09,22,0.020317417575054706,0.015485297132223899,0.012089705509183006,0.012092778,0.01204935
2026-03-10,22,0.02046556693127959,0.01443306751540248,0.01119957693350927,0.0115199,0.011264063
2026-03-11,22,0.020691169259516036,0.012798597832336776,0.010433417019355563,0.011271256,0.011809321
2026-03-12,22,0.020851125197646835,0.012259379732177705,0.010001179715379364,0.0108722765,0.010710421
2026-03-13,22,0.0203350345102506,0.01256521828695454,0.010282004322244869,0.0114050815,0.010777215
2026-03-16,22,0.019947058563355987,0.012414505364960604,0.010242777976867538,0.009744228,0.011383311
2026-03-17,22,0.02022985132119324,0.01183018476323625,0.009773507540887643,0.009442233,0.010216954
2026-03-18,22,0.019892011911443623,0.012291675443854417,0.010632681315592465,0.009794067,0.010048962
2026-03-19,22,0.019695745221527627,0.012816082106737384,0.011397456256841456,0.010028488,0.011089086
2026-03-20,22,0.019374012866561385,0.01345500311587682,0.011646549462220351,0.010828093,0.011259997
2026-03-23,22,0.015674102744737677,0.017036620742282224,0.014661489667210637,0.011948451,0.011544739
2026-03-24,22,0.015393479763800354,0.01718523743070417,0.014437817263369738,0.012233388,0.011904401
2026-03-25,22,0.013984566734040397,0.018120835918221247,0.015135989855797735,0.011390113,0.012978749
2026-03-26,22,0.012887912443105515,0.018657293991211833,0.015212450650404706,0.012904217,0.013745464
2026-03-30,22,0.012096693257136816,0.020207035362256494,0.015007776026124544,0.012639683,0.012950664
2026-03-31,22,0.011837816876030145,0.02039715364402546,0.01500306947827238,0.011820797,0.012605585
2026-04-01,22,0.012032514122119538,0.019409461777018168,0.013804481183971363,0.011484239,0.012367951
2026-04-02,22,0.01098180752968117,0.019479025396364584,0.01440834805633101,0.012577438,0.0107665565
2026-04-06,22,0.011508413414069774,0.019557012171255838,0.014051665234314255,0.012417843,0.011776673
2026-04-07,22,0.011381112905931886,0.019541969760382093,0.013691488854469986,0.012356927,0.011897659
2026-04-08,22,0.01018341825573382,0.02022304670849571,0.014440850701023987,0.010211245,0.012220513
2026-04-09,22,0.009832841107592744,0.020317417575054706,0.014229026446961323,0.010118909,0.011676219
2026-04-10,22,0.00971638421527489,0.02046556693127959,0.013871820584028763,0.009655318,0.0107597215
2026-04-13,22,0.00967406393673868,0.020691169259516036,0.013913841684484916,0.0096543385,0.009913302
2026-04-14,22,0.009585886004863953,0.020851125197646835,0.013830859989116602,0.009617497,0.010906557
2026-04-15,22,0.01020380581268138,0.0203350345102506,0.0126665899368619,0.009585928,0.010620263
2026-04-16,22,0.010327713222924573,0.019947058563355987,0.012106368832160477,0.009193268,0.010069058
2026-04-17,22,0.009883283267208573,0.02022985132119324,0.012497618460624665,0.008958634,0.010638058
2026-04-20,22,0.0097213643539924,0.019892011911443623,0.01257042052621063,0.009740605,0.010596144
2026-04-21,22,0.008929546885867454,0.019695745221527627,0.013165158322652136,0.010060511,0.01055332
2026-04-22,22,0.008620279912821579,0.019374012866561385,0.013143625479568953,0.009231802,0.011232439
2026-04-23,22,0.008831898337009038,0.015674102744737677,0.011906774759473363,0.009442615,0.011345361
2026-04-24,22,0.008960806520433717,0.015393479763800354,0.011893779862633357,0.009044604,0.011117957
2026-04-27,22,0.009956600789423052,0.013984566734040397,0.01088625581414197,0.008989637,0.0104653975
2026-04-28,22,0.010496581454334365,0.012887912443105515,0.009534682854133777,0.008792948,0.009829535
2026-04-29,22,0.010652213992362807,0.012818133594528202,0.009891801908326215,0.008751776,0.009578856
2026-04-30,22,0.010675576458204763,0.012096693257136816,0.009709841089083938,0.008215235,0.009553357
2026-05-01,22,0.010403885625568857,0.011837816876030145,0.009708157242595479,0.0085834665,0.009395218
2026-05-04,22,0.01035718154336343,0.012032514122119538,0.010039832902671353,0.009081177,0.009753629
2026-05-05,22,0.010505721139395328,0.01098180752968117,0.009791810758925639,0.008336206,0.010921608
2026-05-06,22,0.009881991592252858,0.011508413414069774,0.010538661443087323,0.008186676,0.011357313
2026-05-07,22,0.010052308430263847,0.011381112905931886,0.010266200978563962,0.00882303,0.011714867
2026-05-08,22,0.010665596082003107,0.01018341825573382,0.009390698543020545,0.008640893,0.011904282
2026-05-11,22,0.012317655152334463,0.009832841107592744,0.008897465075537696,0.008408954,0.010948582
2026-05-12,22,0.013237824389038437,0.00971638421527489,0.009141470937351584,0.00854151,0.010535476
2026-05-13,22,0.0135705365779024,0.00967406393673868,0.00872179379484402,0.008296052,0.010160005
2026-05-14,22,0.013551744293116421,0.009585886004863953,0.008564907859587871,0.008705164,0.009417776
2026-05-15,22,0.013354252084221052,0.01020380581268138,0.009443519982476679,0.009039055,0.009506669
2026-05-18,22,0.014213034863371362,0.010327713222924573,0.009362666838285988,0.00876374,0.009212066
2026-05-19,22,0.015238946298148207,0.009883283267208573,0.008746995939659557,0.008718836,0.009220711
2026-05-20,22,0.015346952445828944,0.0097213643539924,0.008995853027976683,0.008180628,0.008645501
2026-05-21,22,0.01583797249041815,0.008929546885867454,0.008505399573012195,0.008518871,0.00860563
2026-05-22,22,0.015711045833957802,0.008620279912821579,0.007898606458059275,0.00793296,0.007817474
2026-05-26,22,0.015916692886567874,0.008831898337009038,0.00835260560954669,0.0081842365,0.008370238
2026-05-27,22,0.015807854597777025,0.008960806520433717,0.008810793164416299,0.008720811,0.008802468
2026-05-28,22,0.015337012043423219,0.009956600789423052,0.009742998170896518,0.008555582,0.009206394
2026-05-29,22,0.015781906077300355,0.010496581454334365,0.010022580279861169,0.008865894,0.009282954
2026-06-01,22,0.015630094672282453,0.010652213992362807,0.010312560212519294,0.008884909,0.009492935
2026-06-02,22,0.01603105711814322,0.010675576458204763,0.010224896948596829,0.00875909,0.0097390255
2026-06-03,22,0.01630622083885767,0.010403885625568857,0.009867165164466594,0.008905688,0.010241801
2026-06-04,22,0.016344361201645348,0.01035718154336343,0.009591376652516094,0.008728569,0.009625025
2026-06-05,22,0.015920353751165274,0.010505721139395328,0.009652528579149203,0.009918479,0.010857035
2026-06-08,22,0.01567011908153663,0.009881991592252858,0.009269700815966283,0.009214636,0.009619638
2026-06-09,22,0.015548982718707586,0.010052308430263847,0.009426805077118166,0.009529052,0.010025127
2026-06-10,22,0.015443988773421076,0.010665596082003107,0.010015989860703274,0.010595179,0.010687912
2026-06-11,22,0.014065598590789378,0.012317655152334463,0.011464717111719888,0.010178863,0.010649869
2026-06-12,22,0.012999381229053353,0.013237824389038437,0.01211951203464174,0.010087325,0.010263326
2026-06-15,22,0.012458456988168389,0.0135705365779024,0.01227397004749461,0.00967921,0.011646169
2026-06-16,22,0.01230958222614184,0.013551744293116421,0.011959681421154531,0.009382616,0.011396356
2026-06-17,22,0.0118461811493679,0.013354252084221052,0.01197228044181423,0.010161778,0.011389947
2026-06-18,22,0.011061085578500354,0.014213034863371362,0.012192487092563327,0.010651012,0.011615025
2026-06-22,22,0.010137191055262661,0.015238946298148207,0.012474699062505567,0.010361549,0.011326725
2026-06-23,22,0.009740817547008935,0.015346952445828944,0.01227535318757119,0.011280156,0.012081574
2026-06-24,22,0.009338932491429487,0.01583797249041815,0.012712997677645967,0.012459944,0.011864438
2026-06-25,22,0.009807457654931797,0.015711045833957802,0.011974383879685059,0.011114565,0.010284529
2026-06-29,22,0.009765961275391033,0.015807854597777025,0.011690221328554004,0.011318285,0.010528425
2026-06-30,22,0.009560852038355905,0.015337012043423219,0.011691996850818337,0.01073996,0.01011873
