Date,Horizon,Actual_Volatility,Persistence,HAR,XGBoost_Default,XGBoost_Tuned
2023-03-14,5,0.011121658675154841,0.00836501993514197,0.0069318037042012115,0.0045263297,0.0068092365
2023-03-15,5,0.012726454062714682,0.009416669161678099,0.007257879992569615,0.005742919,0.0077355183
2023-03-16,5,0.014715097547908557,0.011324890284038635,0.00798057125209368,0.006533853,0.007360287
2023-03-17,5,0.011713571860693441,0.012324479278110615,0.008643402756786642,0.013575734,0.010421774
2023-03-20,5,0.011172945045480392,0.01136683147325472,0.008655267528746033,0.009551262,0.008637466
2023-03-21,5,0.013283167683963596,0.011121658675154841,0.007939838457429023,0.010046321,0.007881722
2023-03-22,5,0.012845606804250865,0.012726454062714682,0.008785406132947964,0.0067777405,0.008423277
2023-03-23,5,0.008633857695590781,0.014715097547908557,0.009826108275449075,0.010652946,0.010796745
2023-03-24,5,0.009191449974409944,0.011713571860693441,0.008736508999776545,0.009207925,0.009471928
2023-03-27,5,0.009764253280820447,0.011172945045480392,0.009314955718041171,0.009925259,0.008778842
2023-03-30,5,0.00865034421967176,0.008633857695590781,0.00900446452037532,0.008308531,0.008206997
2023-03-31,5,0.00942066476328937,0.009191449974409944,0.008949398878864786,0.006957361,0.007904708
2023-04-03,5,0.00710492977364161,0.009764253280820447,0.009658739976035462,0.005922411,0.008399637
2023-04-04,5,0.006712053915079191,0.009973950259587697,0.009692489109444155,0.009227554,0.009799365
2023-04-05,5,0.006863191634745838,0.009420789124078085,0.009513382107779945,0.009076121,0.009371045
2023-04-06,5,0.008223575345556502,0.00865034421967176,0.009318272877414805,0.010116106,0.009068494
2023-04-10,5,0.008063093664109152,0.00942066476328937,0.009848916186834434,0.007941968,0.00836324
2023-04-11,5,0.007777351959119643,0.00710492977364161,0.008896113316612662,0.007463155,0.007795921
2023-04-12,5,0.009109514427640842,0.006712053915079191,0.009058793392369275,0.0046874597,0.00766095
2023-04-13,5,0.007797229542671135,0.006863191634745838,0.008781194167033478,0.0047041303,0.007630668
2023-04-14,5,0.006876290193882404,0.008223575345556502,0.009480964059673807,0.006116128,0.006975518
2023-04-17,5,0.005943588786359617,0.008063093664109152,0.009347319071827433,0.0063592847,0.0068948655
2023-04-18,5,0.007155784971159256,0.007777351959119643,0.008413646727381353,0.005707701,0.0066014538
2023-04-19,5,0.004633437408300974,0.009109514427640842,0.009425330860657801,0.006966303,0.0070804795
2023-04-20,5,0.00602189657774308,0.007797229542671135,0.00801647066416116,0.0054991315,0.006569649
2023-04-21,5,0.0055551209161521006,0.006876290193882404,0.008471660338282205,0.006295629,0.0065424484
2023-04-24,5,0.007385115961201151,0.005943588786359617,0.007736908186173073,0.005642367,0.006406551
2023-04-25,5,0.007366371765681147,0.007155784971159256,0.007850644793915087,0.0045197066,0.0067954776
2023-04-26,5,0.008038717772774904,0.004633437408300974,0.00689881457118483,0.0063760453,0.006254456
2023-04-27,5,0.00938460686379907,0.00602189657774308,0.007476193013029409,0.005127363,0.0063701887
2023-04-28,5,0.01059861152476955,0.0055551209161521006,0.007198162662785655,0.0041921576,0.0062780646
2023-05-01,5,0.008526409045946455,0.007385115961201151,0.008006110799240134,0.0059123267,0.0064017694
2023-05-02,5,0.0074921371960453105,0.007366371765681147,0.007777548905256801,0.004641975,0.008206339
2023-05-03,5,0.007612376722397752,0.008038717772774904,0.007877048045614975,0.005249891,0.0072126174
2023-05-04,5,0.005704081661401512,0.00938460686379907,0.008429722112786402,0.007025673,0.008088479
2023-05-05,5,0.004214272781064938,0.01059861152476955,0.008585314507787803,0.0067247134,0.0075645265
2023-05-08,5,0.003669950954305486,0.008526409045946455,0.007641864779483664,0.0062828595,0.0071597206
2023-05-09,5,0.004176951918208418,0.0074921371960453105,0.007313343849787547,0.005287132,0.00711762
2023-05-10,5,0.0027657119492475856,0.007612376722397752,0.007589615508786851,0.0046058483,0.007130879
2023-05-11,5,0.005019515924886929,0.005704081661401512,0.007176682305254025,0.0050960393,0.007038999
2023-05-15,5,0.0043519101965192415,0.003669950954305486,0.00573081319353531,0.004809783,0.0062383786
2023-05-17,5,0.004127632674898636,0.0027657119492475856,0.005553874153782066,0.0060888855,0.0056814896
2023-05-18,5,0.001405481339934003,0.005019515924886929,0.006961250689104775,0.0056911693,0.006112571
2023-05-19,5,0.0016977605498880726,0.004211464587189111,0.005912312586051775,0.0041221464,0.005511701
2023-05-22,5,0.004863771089102507,0.0043519101965192415,0.005790069189857962,0.0044288356,0.005866996
2023-05-24,5,0.007268179777608502,0.004127632674898636,0.005733075208506223,0.0054947757,0.005845653
2023-05-26,5,0.00878484151942064,0.0016977605498880726,0.004857624826478896,0.0066072736,0.006151451
2023-05-30,5,0.007173557414240679,0.004863771089102507,0.006388626640841479,0.0061803935,0.0066351457
2023-05-31,5,0.007592879510687771,0.005408832056703623,0.006478327458798853,0.0051786606,0.0061377296
2023-06-01,5,0.007015172328972709,0.007268179777608502,0.006804018112946566,0.005299548,0.0061214613
2023-06-02,5,0.005916166410063242,0.007611752831616151,0.006926549459582968,0.0046515246,0.005751631
2023-06-05,5,0.005063631620689566,0.00878484151942064,0.007203817922964249,0.0062250923,0.005833571
2023-06-06,5,0.006284565835529427,0.007173557414240679,0.006166544613742959,0.0045036343,0.005576137
2023-06-07,5,0.005608261715171973,0.007592879510687771,0.006471750265440429,0.00505882,0.005606437
2023-06-08,5,0.007123224821897431,0.007015172328972709,0.006397246644376986,0.007484331,0.005610866
2023-06-09,5,0.007205794461840521,0.005916166410063242,0.006098315042745522,0.005623039,0.0058707963
2023-06-12,5,0.007456987023002798,0.005063631620689566,0.005877312572335877,0.004913983,0.0054987487
2023-06-13,5,0.007275648654567711,0.006284565835529427,0.006400214793670519,0.005469513,0.0056324773
2023-06-14,5,0.007554949171071574,0.005608261715171973,0.006172263154788035,0.00513458,0.005611832
2023-06-15,5,0.006371258978506062,0.007123224821897431,0.007130261585533208,0.004877942,0.005792293
2023-06-16,5,0.006262499799534767,0.007205794461840521,0.0067500301638358465,0.0047957604,0.005646574
2023-06-20,5,0.005876604156261105,0.007456987023002798,0.006978895427206522,0.0041680434,0.005641326
2023-06-21,5,0.00545853277927244,0.007275648654567711,0.006882954000124045,0.0050103622,0.0056628734
2023-06-22,5,0.005933261498313412,0.007554949171071574,0.007084427472706214,0.004637588,0.005659518
2023-06-23,5,0.005682057589215793,0.006371258978506062,0.007060527783052689,0.0048028203,0.0057826727
2023-06-26,5,0.00614600507633707,0.006262499799534767,0.006732863905130237,0.004676083,0.00570599
2023-06-27,5,0.007061100428989277,0.005876604156261105,0.006717781752028989,0.004544936,0.0057523246
2023-06-29,5,0.006495241728527167,0.005933261498313412,0.00713878928280132,0.004886241,0.005349881
2023-06-30,5,0.00644060973918482,0.005682057589215793,0.0069020432198606246,0.0041769748,0.0053194016
2023-07-03,5,0.0062883924588333865,0.00614600507633707,0.006897570035115717,0.0050675767,0.005370646
2023-07-05,5,0.005560400159149804,0.007061100428989277,0.007134836925567512,0.0046436796,0.0053476724
2023-07-06,5,0.005199012387287046,0.006890655787877175,0.006981811350765848,0.004294327,0.005148042
2023-07-07,5,0.004461116564937736,0.006495241728527167,0.006892976619974892,0.00360871,0.005012368
2023-07-10,5,0.0041450677743639424,0.00644060973918482,0.006969044496883314,0.0042631356,0.0054341946
2023-07-11,5,0.005174104139094985,0.0062883924588333865,0.006714137969909521,0.0048075407,0.0054498394
2023-07-12,5,0.0048814230682878434,0.005560400159149804,0.006433643657240364,0.0038332033,0.005547965
2023-07-13,5,0.0046124271510535565,0.005199012387287046,0.006418024309479923,0.0038944923,0.0056071407
2023-07-14,5,0.004596393934331762,0.004461116564937736,0.00613976258016921,0.005403807,0.0049890117
2023-07-17,5,0.00376842966322727,0.0041450677743639424,0.006041316675967089,0.0051481994,0.005117634
2023-07-18,5,0.002620677157165784,0.005174104139094985,0.006585426968219101,0.003952128,0.00550604
2023-07-19,5,0.002790302810632537,0.0048814230682878434,0.00585708710660046,0.004321611,0.0053778156
2023-07-20,5,0.0027236388188047835,0.0046124271510535565,0.005845097470427011,0.0040873755,0.0056889993
2023-07-21,5,0.002811615041293192,0.004596393934331762,0.005799368841564726,0.0054738936,0.005549336
2023-07-24,5,0.004451942831613244,0.00376842966322727,0.00509552125049653,0.0043392014,0.0051796185
2023-07-25,5,0.004327674515269633,0.002620677157165784,0.004959812858416925,0.0057758717,0.0052613514
2023-07-26,5,0.005429911456892759,0.002790302810632537,0.004855558587892276,0.0053012087,0.0050230743
2023-07-28,5,0.006260987575921154,0.002811615041293192,0.004941059266625405,0.0052926866,0.0051948503
2023-07-31,5,0.005484647634352752,0.004451942831613244,0.0056320938487966574,0.0048650918,0.0051262975
2023-08-01,5,0.0053451630837854655,0.004327674515269633,0.005280380317073407,0.004041785,0.004700596
2023-08-02,5,0.004716160910813145,0.005429911456892759,0.005715138122477872,0.0051173707,0.005310154
2023-08-03,5,0.0053004225725449385,0.005041114761625423,0.005422211701834509,0.0054570553,0.00529613
2023-08-04,5,0.0037742400299727256,0.006260987575921154,0.005967576993959114,0.0046690023,0.005309835
2023-08-07,5,0.003927272543677486,0.005484647634352752,0.005501639494362744,0.0041398415,0.0049930406
2023-08-08,5,0.004509392351849286,0.0053451630837854655,0.005291332772673603,0.003718231,0.004767108
2023-08-09,5,0.004637333456598219,0.004716160910813145,0.005185184649290982,0.005427296,0.0049370276
2023-08-10,5,0.004715045101918913,0.0053004225725449385,0.005451906746470269,0.005234059,0.0049454393
2023-08-11,5,0.005105120943591049,0.0037742400299727256,0.00484268022359416,0.0040206998,0.004349421
2023-08-14,5,0.005064478426060468,0.003927272543677486,0.004999951266083652,0.00502559,0.004791612
2023-08-15,5,0.004266629625355846,0.004509392351849286,0.005263686040906457,0.0055806004,0.0047487402
2023-08-16,5,0.0046734757856416636,0.004637333456598219,0.005268970184700174,0.006363222,0.0050964914
2023-08-17,5,0.003531125553375708,0.004715045101918913,0.005265985958240435,0.005202319,0.0051740273
2023-08-18,5,0.00288218080562871,0.005105120943591049,0.005308569828952893,0.0055295224,0.0054846397
2023-08-21,5,0.0027564026198859284,0.005064478426060468,0.005322213505379581,0.003905265,0.005438049
2023-08-22,5,0.0028994693719926147,0.004266629625355846,0.00491861638913928,0.0064031524,0.00530024
2023-08-23,5,0.0021275943910864805,0.0046734757856416636,0.0054825345271071095,0.0053896355,0.0051498194
2023-08-24,5,0.0019210694226164265,0.003531125553375708,0.0047588606158747975,0.0056344597,0.0049705226
2023-08-25,5,0.0031432050435451493,0.00288218080562871,0.0044679964195096025,0.004598552,0.004700576
2023-08-28,5,0.0031590088032942844,0.0027564026198859284,0.004636076005155532,0.006037389,0.0047079967
2023-08-29,5,0.0032401649661288495,0.0028994693719926147,0.004584126423274206,0.005868272,0.005169931
2023-08-30,5,0.0030395749847134477,0.0021275943910864805,0.004249944322967223,0.007150263,0.0051915618
2023-08-31,5,0.003740477482070904,0.0019210694226164265,0.003500493965068008,0.005129434,0.00455057
2023-09-01,5,0.00308284457831201,0.0031432050435451493,0.004635246996906118,0.0068081724,0.00461622
2023-09-05,5,0.0026592431097691386,0.0031590088032942844,0.004516236693457688,0.00610629,0.004540249
2023-09-06,5,0.00263966808596604,0.0032401649661288495,0.004302449713265182,0.004762875,0.004467841
2023-09-07,5,0.002864914523959116,0.0030395749847134477,0.00416756412144096,0.004532777,0.0042004157
2023-09-08,5,0.003613821359077546,0.003740477482070904,0.004461255405885376,0.0054357,0.0044654403
2023-09-11,5,0.0034457054221360044,0.00308284457831201,0.004277558121013393,0.0052948496,0.0044741575
2023-09-12,5,0.0034442652592697564,0.0026592431097691386,0.003854442376108939,0.003549064,0.0043247337
2023-09-13,5,0.005120752713943135,0.00263966808596604,0.003964455143212068,0.004326561,0.0043160524
2023-09-14,5,0.006713497170271782,0.002864914523959116,0.004033165445163003,0.005139967,0.0044958945
2023-09-15,5,0.006566755169210244,0.003613821359077546,0.0044137419663462865,0.004352871,0.0048463205
2023-09-18,5,0.007817089416989954,0.0034457054221360044,0.004155236395022666,0.004518545,0.0045398334
2023-09-19,5,0.009413067672548129,0.0034442652592697564,0.0038708992275970386,0.0050191763,0.0044478043
2023-09-20,5,0.008622738335713814,0.005120752713943135,0.004785857476421524,0.0039489935,0.0049182987
2023-09-21,5,0.006126505750067575,0.006713497170271782,0.005311828295546339,0.004178222,0.0048311963
2023-09-26,5,0.00656804175904681,0.009413067672548129,0.005713999638660124,0.0062182634,0.006080381
2023-09-29,5,0.005902129210773988,0.006899128230970249,0.0058866571617579985,0.0048283017,0.0056815576
2023-10-02,5,0.00691136172017763,0.006549261682913202,0.005817161201566246,0.004673843,0.0057960837
2023-10-03,5,0.006717071642186604,0.00656804175904681,0.006055995480168831,0.006048038,0.0062786937
2023-10-04,5,0.006704096423002171,0.0062432531887321166,0.005878054542095201,0.0044367304,0.005709455
2023-10-05,5,0.006834978504379095,0.005937480684156059,0.0058456692650281136,0.004717693,0.0057304343
2023-10-06,5,0.006702471615197377,0.005902129210773988,0.006151755940857295,0.0037182756,0.0055339565
2023-10-09,5,0.006368493839504764,0.00691136172017763,0.00669404647903806,0.0055099116,0.006097253
2023-10-10,5,0.0062742926562945394,0.006717071642186604,0.00653239975641824,0.005210027,0.005803291
2023-10-11,5,0.006799097498037847,0.006704096423002171,0.00655355144101243,0.006195102,0.0058909277
2023-10-12,5,0.007735021279345556,0.006834978504379095,0.0067251597258959515,0.0055499915,0.005743754
2023-10-13,5,0.007674736132596025,0.006702471615197377,0.00694591902982199,0.007894625,0.00753547
2023-10-16,5,0.006669055598068334,0.006368493839504764,0.007087201856980474,0.0071214633,0.0061135534
2023-10-17,5,0.006334355897492853,0.0062742926562945394,0.00682387391333625,0.006428731,0.00625752
2023-10-18,5,0.00540006282428933,0.006799097498037847,0.007199661086611221,0.0060631055,0.0065632495
2023-10-19,5,0.004246973686385629,0.007735021279345556,0.0077357102812042715,0.007078322,0.0078729335
2023-10-20,5,0.00348280319642977,0.007674736132596025,0.00752272029773617,0.0067974217,0.0070518227
2023-10-23,5,0.004628233954613993,0.006669055598068334,0.006925880921882614,0.00608553,0.0066773556
2023-10-24,5,0.0050600415356477964,0.006334355897492853,0.006694851366557782,0.007274936,0.0065293433
2023-10-25,5,0.005156156640065196,0.00540006282428933,0.006372275507789882,0.008536779,0.0063377586
2023-10-26,5,0.005747729442608366,0.004246973686385629,0.006114852219947384,0.0059935683,0.0063075973
2023-10-30,5,0.004337786991265372,0.004628233954613993,0.00644533859701899,0.004576797,0.006659498
2023-10-31,5,0.005029663013026238,0.0050600415356477964,0.00632721451233692,0.006214404,0.006573626
2023-11-01,5,0.0052868653863892305,0.005156156640065196,0.006198298521557789,0.00686531,0.006738146
2023-11-02,5,0.005098606844497411,0.005747729442608366,0.0065198331286359205,0.006675229,0.006872918
2023-11-03,5,0.00522536241644193,0.004940358893924495,0.005929127117753044,0.0049126945,0.0063354224
2023-11-06,5,0.0053346221978209755,0.004337786991265372,0.006051116992096199,0.005969174,0.0058627874
2023-11-07,5,0.005765240986732612,0.005029663013026238,0.006332138859635881,0.004806495,0.0062004896
2023-11-08,5,0.004980118298732108,0.0052868653863892305,0.0060881414736529355,0.006591505,0.005975556
2023-11-09,5,0.0045010112835562315,0.005098606844497411,0.006107403967152145,0.005103225,0.005999805
2023-11-10,5,0.004357796656823859,0.00522536241644193,0.005870562223656042,0.0053833914,0.0053412835
2023-11-13,5,0.004080181304644785,0.0053346221978209755,0.006124155084148481,0.0037325528,0.0055079595
2023-11-14,5,0.0036994019958094867,0.005765240986732612,0.006432191897881395,0.0067189946,0.005887092
2023-11-15,5,0.003823019047954626,0.004980118298732108,0.005390657697771291,0.004011481,0.005230813
2023-11-16,5,0.0033883361810948605,0.0045010112835562315,0.005595328382432846,0.0039304085,0.005204138
2023-11-17,5,0.004009331868906597,0.004357796656823859,0.005259785714564646,0.0041508237,0.005153745
2023-11-20,5,0.005947824134905769,0.004080181304644785,0.005243408675537042,0.0048617036,0.0051919552
2023-11-21,5,0.005321299306304317,0.0036994019958094867,0.005294665337597315,0.004906226,0.005896234
2023-11-22,5,0.00593200219199434,0.003823019047954626,0.004880752389784789,0.0047766236,0.005468702
2023-11-24,5,0.00693965231261558,0.0033883361810948605,0.004691201917013279,0.0042182268,0.005075777
2023-11-27,5,0.013419710484544923,0.004009331868906597,0.005187278840954146,0.0040029837,0.0051238113
2023-11-28,5,0.012448996961205765,0.005947824134905769,0.006172734024024494,0.006870854,0.0072648963
2023-11-29,5,0.012348782341205988,0.005321299306304317,0.00582407203903901,0.0070818295,0.006039652
2023-11-30,5,0.012268023880632334,0.00593200219199434,0.005783392611296963,0.00628757,0.006185559
2023-12-01,5,0.012355443603230305,0.00693965231261558,0.006091332824219374,0.007049489,0.0073494883
2023-12-04,5,0.005690855756383756,0.013419710484544923,0.008605208824952273,0.009007783,0.0066724196
2023-12-05,5,0.0052407365340079795,0.012448996961205765,0.008134934818133285,0.005391591,0.006383678
2023-12-06,5,0.00873250704548246,0.012348782341205988,0.008011908032701074,0.006580598,0.0064654686
2023-12-07,5,0.012369691909082076,0.012268023880632334,0.007887411554385538,0.00544296,0.006668138
2023-12-08,5,0.012726494571473016,0.012355443603230305,0.008008689796158989,0.0053913933,0.0060387105
2023-12-11,5,0.012766588748443435,0.005690855756383756,0.0066939545842189,0.006122299,0.0058787414
2023-12-12,5,0.012192506638847835,0.0052407365340079795,0.006779233191564143,0.005018612,0.0059125265
2023-12-13,5,0.008273180292662151,0.00873250704548246,0.008396381780572167,0.0064422586,0.0061554997
2023-12-14,5,0.0046623354048149065,0.012369691909082076,0.009458038793976886,0.008422145,0.006791855
2023-12-15,5,0.00504881532903813,0.012726494571473016,0.009115923297903459,0.0057230857,0.0061873025
2023-12-18,5,0.004810794920135507,0.012766588748443435,0.008964814179148652,0.006709586,0.0063655404
2023-12-19,5,0.005037510197188773,0.012192506638847835,0.008931738688104929,0.008181193,0.006560803
2023-12-20,5,0.005817988471199488,0.008273180292662151,0.00814244766398529,0.0057834643,0.005917324
2023-12-21,5,0.0056520610044858465,0.0046623354048149065,0.007345374235643394,0.0058296253,0.005923326
2023-12-22,5,0.0047569798388360455,0.00504881532903813,0.007774526450195314,0.0066005443,0.0062779393
2023-12-26,5,0.007292898088698064,0.004810794920135507,0.007368760045406735,0.006600182,0.0061403057
2023-12-27,5,0.007066371158708998,0.005037510197188773,0.007716029235688933,0.005718991,0.0062980247
2023-12-28,5,0.006237342265414546,0.005817988471199488,0.008044030390773598,0.0059697893,0.006447547
2023-12-29,5,0.008112790232308743,0.0056520610044858465,0.007537284367293327,0.0067072567,0.0065567587
2024-01-02,5,0.007861925571615094,0.0047569798388360455,0.007457324962647891,0.005897707,0.0060518296
2024-01-03,5,0.005739420033193556,0.007292898088698064,0.008706976157891684,0.0053838817,0.0061733094
2024-01-04,5,0.005216801038101387,0.007066371158708998,0.008203597221124485,0.0069390223,0.005978959
2024-01-05,5,0.007027346774997546,0.006237342265414546,0.007051192089054905,0.005853971,0.0058093537
2024-01-08,5,0.005566918963461762,0.008112790232308743,0.007985932806486086,0.005403366,0.0059168786
2024-01-09,5,0.004710394008295374,0.007861925571615094,0.007630223858789106,0.0064773276,0.0058807204
2024-01-10,5,0.0048855522767638285,0.005739420033193556,0.007205863211712527,0.005135264,0.0059034666
2024-01-11,5,0.005830275718851946,0.005216801038101387,0.006681518687172461,0.0047461367,0.0057257367
2024-01-12,5,0.004041150315765664,0.007027346774997546,0.007823782187718651,0.005718064,0.0061893295
2024-01-16,5,0.004076976310198303,0.005566918963461762,0.007200529091214087,0.0046310974,0.006046652
2024-01-17,5,0.005400019693171065,0.004710394008295374,0.005746687386025572,0.005074156,0.005736542
2024-01-18,5,0.005014121545120847,0.0048855522767638285,0.006106071763886802,0.0051720194,0.0058658016
2024-01-19,5,0.004247535992210539,0.005830275718851946,0.006300847416486984,0.006022541,0.0057859966
2024-01-22,5,0.004667101450608517,0.004041150315765664,0.0056189200705903455,0.0037964822,0.0051600453
2024-01-23,5,0.005579669261466027,0.004076976310198303,0.005816143467651403,0.004251463,0.005179989
2024-01-24,5,0.005775951495376325,0.005400019693171065,0.006322145971245335,0.00408048,0.005469969
2024-01-25,5,0.007847954961302844,0.005014121545120847,0.0060899953745342395,0.004929608,0.00548271
2024-01-26,5,0.00915507344911993,0.004247535992210539,0.00561196468253276,0.0034008992,0.0050080386
2024-01-30,5,0.00787854358827085,0.005579669261466027,0.006396258695045469,0.0056586196,0.0062689083
2024-01-31,5,0.0069042524301964545,0.005775951495376325,0.0064298467892468115,0.006396774,0.0059046466
2024-02-01,5,0.005811923963119336,0.007847954961302844,0.007229600062780973,0.0042298445,0.005901339
2024-02-02,5,0.004874215205694783,0.00915507344911993,0.007395752773949599,0.004061303,0.005784228
2024-02-05,5,0.004039904463812302,0.009132786466814966,0.0072376365146996306,0.0048416527,0.0057894182
2024-02-06,5,0.004791919728281607,0.00787854358827085,0.006677379319737499,0.003124958,0.005344162
2024-02-07,5,0.004927950467972248,0.0069042524301964545,0.006510171564688435,0.0042807255,0.0052949074
2024-02-08,5,0.004491084296831194,0.005811923963119336,0.006333134677509909,0.004459495,0.005136662
2024-02-09,5,0.005033273670206435,0.004874215205694783,0.005901974689641263,0.0045647575,0.004924588
2024-02-12,5,0.004660404096512538,0.004039904463812302,0.005778605739833769,0.0039518825,0.0046961736
2024-02-13,5,0.003421463048807067,0.004791919728281607,0.0061798962998533425,0.0039347624,0.0048677507
2024-02-14,5,0.0038053782221409973,0.004927950467972248,0.005851179463486618,0.004022503,0.0048128227
2024-02-15,5,0.004629843190816244,0.004491084296831194,0.005778453839504523,0.005085427,0.004949259
2024-02-16,5,0.004250801166093669,0.005033273670206435,0.006126249879311735,0.0046872497,0.0051564174
2024-02-20,5,0.004377531753332647,0.004660404096512538,0.005811011000044056,0.0039212843,0.004754132
2024-02-21,5,0.005236429227927528,0.003421463048807067,0.004891764329494502,0.0041589867,0.0044274568
2024-02-22,5,0.004951457032856702,0.0038053782221409973,0.005615442143958641,0.00435788,0.0044835634
2024-02-23,5,0.004019628089524454,0.004629843190816244,0.0060352871291232775,0.0037546877,0.004753362
2024-02-26,5,0.0045628638185908985,0.004250801166093669,0.005682042546636743,0.0037983148,0.0044827852
2024-02-27,5,0.004706295911760365,0.004377531753332647,0.00569448365829084,0.004106399,0.0044378517
2024-02-28,5,0.004529715580264009,0.005236429227927528,0.006015993475422033,0.0034409703,0.0045873825
2024-02-29,5,0.004623728543048943,0.004951457032856702,0.005871770348288891,0.0036324153,0.0045981547
2024-03-01,5,0.005984519508876269,0.004019628089524454,0.005499118075167231,0.0047884593,0.0054670176
2024-03-04,5,0.005161769580163783,0.0045628638185908985,0.005726334862736971,0.007399347,0.0057536364
2024-03-05,5,0.004484047481050247,0.004706295911760365,0.0054606076300173275,0.008024006,0.006024502
2024-03-06,5,0.003927019573239343,0.004529715580264009,0.005277162256619774,0.006228086,0.00612274
2024-03-07,5,0.004188006421842384,0.004623728543048943,0.005200397059096264,0.0074904035,0.006056607
2024-03-08,5,0.0021594864736556117,0.005984519508876269,0.005908394396393304,0.0073937294,0.0067070653
2024-03-11,5,0.0026853886336421482,0.005161769580163783,0.005424608068959286,0.0097763,0.0063052396
2024-03-12,5,0.00291762890396917,0.004484047481050247,0.004936451666372871,0.0065645077,0.005663324
2024-03-13,5,0.005404049513804579,0.003927019573239343,0.004750506956407024,0.006972924,0.0060679065
2024-03-14,5,0.008880041868184124,0.004188006421842384,0.005168270148917963,0.0055447677,0.005800358
2024-03-15,5,0.009279657315589863,0.0021594864736556117,0.004017547293028968,0.006151577,0.0059195906
2024-03-18,5,0.009284648883285493,0.0026853886336421482,0.004596134671099899,0.0061579635,0.0058848215
2024-03-19,5,0.009583598929915562,0.00291762890396917,0.004460100384454622,0.0064844973,0.005586633
2024-03-20,5,0.008332604256010094,0.005404049513804579,0.005648474963457053,0.0058826953,0.0063782646
2024-03-21,5,0.006394566101675167,0.008880041868184124,0.007037247408966742,0.006356023,0.0070025013
2024-03-22,5,0.008913829506349651,0.009279657315589863,0.006606892538887713,0.0060994136,0.0064516864
2024-03-25,5,0.01037173719946919,0.009284648883285493,0.006775371844938649,0.0065375655,0.006303763
2024-03-26,5,0.012237601494590668,0.009583598929915562,0.006578413966470193,0.006777333,0.0073874774
2024-03-27,5,0.012218984120498414,0.008332604256010094,0.00665733778562325,0.0063208444,0.006764125
2024-03-28,5,0.012777233848124035,0.006394566101675167,0.006740332588098221,0.0069758007,0.007815108
2024-04-01,5,0.01108760247712724,0.008913829506349651,0.00755305334479699,0.0071037966,0.007515938
2024-04-02,5,0.010689234979404836,0.01037173719946919,0.007979346537362748,0.0068324073,0.0076378174
2024-04-03,5,0.009744906053623853,0.012237601494590668,0.00852770359784362,0.007275359,0.008037888
2024-04-04,5,0.011219928516445335,0.012218984120498414,0.00834446935608372,0.0074131805,0.0076795965
2024-04-05,5,0.014030234761837203,0.012777233848124035,0.009031160992391473,0.0068347496,0.0075528855
2024-04-08,5,0.016386526487945863,0.01108760247712724,0.008572157713195243,0.0071950126,0.007999374
2024-04-09,5,0.016309232205605668,0.010689234979404836,0.00881257494426538,0.008033329,0.008137762
2024-04-10,5,0.015910419640140106,0.009744906053623853,0.008506729674742322,0.0076172794,0.008028285
2024-04-11,5,0.013585364398046673,0.011219928516445335,0.009257552688018676,0.008195171,0.008682422
2024-04-12,5,0.008282763554878714,0.014030234761837203,0.010761446894345739,0.012508233,0.010810855
2024-04-15,5,0.006519926316296537,0.016386526487945863,0.011364993676116217,0.014371133,0.011689055
2024-04-16,5,0.007437956715596392,0.016309232205605668,0.011208338376648603,0.01085294,0.010461326
2024-04-17,5,0.00720321725791496,0.015910419640140106,0.011090395323657992,0.010136816,0.01010139
2024-04-18,5,0.008230820549314377,0.013585364398046673,0.01037084654846667,0.0064327857,0.00956628
2024-04-19,5,0.009099441941263955,0.008282763554878714,0.009521188270969677,0.0064382073,0.00918761
2024-04-22,5,0.008102258216794651,0.006519926316296537,0.009326374905402592,0.007555933,0.007759668
2024-04-23,5,0.007127606543384629,0.007437956715596392,0.009543357209527854,0.008186852,0.0077700983
2024-04-24,5,0.009066388147036971,0.00720321725791496,0.009162081663081868,0.007323423,0.0074826134
2024-04-25,5,0.009857152108525823,0.008230820549314377,0.009632632499658556,0.0068091396,0.0072935983
2024-04-26,5,0.01015810946987686,0.009099441941263955,0.009935095439158343,0.005958814,0.0073439777
2024-04-29,5,0.011401998926324807,0.008102258216794651,0.009460221398752603,0.006130283,0.0070413426
2024-04-30,5,0.009672111832786958,0.007127606543384629,0.009398033873433584,0.00695224,0.0068405955
2024-05-01,5,0.008400210740933096,0.009066388147036971,0.01000822773579473,0.006170708,0.0070354156
2024-05-02,5,0.007023043364396403,0.009857152108525823,0.010083274885520906,0.006130277,0.0070103733
2024-05-03,5,0.006166404691678535,0.01015810946987686,0.009985455224373172,0.0050153295,0.0067020324
2024-05-06,5,0.00378666661458929,0.011401998926324807,0.01036416963727219,0.005700146,0.0070035905
2024-05-07,5,0.004825435488876834,0.009672111832786958,0.008895008361240261,0.0058052945,0.0066454266
2024-05-09,5,0.004302210426042728,0.007023043364396403,0.008870471796181804,0.005371542,0.0066791647
2024-05-13,5,0.004781059809205643,0.00378666661458929,0.007494319670348281,0.0061223167,0.006324698
2024-05-14,5,0.00433944374810153,0.004825435488876834,0.007306902049674348,0.007831814,0.0062314575
2024-05-15,5,0.005014021831406745,0.0052928432852883765,0.007273657569053303,0.006272774,0.006183421
2024-05-16,5,0.006041281108852072,0.004302210426042728,0.006531728178686782,0.0055990503,0.0059845643
2024-05-17,5,0.005933229890366247,0.004378009816117273,0.006679765825000839,0.0068837064,0.0062262807
2024-05-20,5,0.005708265228269776,0.004781059809205643,0.006932598761718927,0.008658852,0.0066405195
2024-05-21,5,0.006617701397520089,0.00433944374810153,0.006499120419747748,0.0056442074,0.006130753
2024-05-22,5,0.006375037368888599,0.005014021831406745,0.007110200044380522,0.004623212,0.006284804
2024-05-23,5,0.006640847428229895,0.006041281108852072,0.007109389950541256,0.008427222,0.0066400548
2024-05-24,5,0.007727741558804851,0.005933229890366247,0.006900203633727693,0.0074359374,0.0063551925
2024-05-28,5,0.008689593280742954,0.005708265228269776,0.006791379997695838,0.006767561,0.0062669655
2024-05-30,5,0.006334113486899859,0.006375037368888599,0.0072074105498057435,0.008486574,0.006888526
2024-05-31,5,0.008805299955273592,0.006640847428229895,0.007217037398387572,0.0067919362,0.0062452415
2024-06-03,5,0.008468925832557886,0.007727741558804851,0.0072405136122183494,0.005977782,0.0061249854
2024-06-04,5,0.007829630435347564,0.008689593280742954,0.007306555023325474,0.0058365976,0.006176799
2024-06-05,5,0.008861579089729005,0.007247444581767867,0.0063501356351905605,0.0043716165,0.0059661153
2024-06-06,5,0.010550247884371857,0.006334113486899859,0.006242821219474611,0.005250126,0.0061885146
2024-06-07,5,0.0071144086714126226,0.008805299955273592,0.007755706587751337,0.0066776266,0.0064875437
2024-06-10,5,0.006825212881218345,0.008468925832557886,0.007384282896547081,0.00806103,0.0064068357
2024-06-11,5,0.005807020839241527,0.007829630435347564,0.007172223819410924,0.005881514,0.0062269242
2024-06-12,5,0.004885807155491245,0.008861579089729005,0.0074173319484171696,0.0059052934,0.006413508
2024-06-13,5,0.004220594998910234,0.010550247884371857,0.008157336130186871,0.006207619,0.006507586
2024-06-14,5,0.0042291794599002295,0.0071144086714126226,0.007181752998342457,0.0060301246,0.006230388
2024-06-17,5,0.004285636075264292,0.006825212881218345,0.00717878114987202,0.007467002,0.0064103347
2024-06-18,5,0.005415840853370226,0.005807020839241527,0.0061514621624863585,0.007414191,0.0060600047
2024-06-20,5,0.006242707364064138,0.004885807155491245,0.006353706631884629,0.0061421967,0.005879464
2024-06-21,5,0.005506527651518945,0.004220594998910234,0.006635796022568174,0.004924501,0.0059783487
2024-06-24,5,0.005281268421213806,0.0042291794599002295,0.006455574306828303,0.0060225613,0.005763557
2024-06-25,5,0.004788276195053616,0.004285636075264292,0.006458638164669381,0.006280181,0.005503298
2024-06-26,5,0.004533613155017747,0.005415840853370226,0.006740069219095337,0.0062079476,0.0057310793
2024-06-27,5,0.0037159753410999897,0.006242707364064138,0.007001346694865163,0.0054451926,0.005817318
2024-06-28,5,0.0036399478419502896,0.005506527651518945,0.0068505820734476655,0.006218465,0.006024161
2024-07-01,5,0.0037773418104746236,0.005281268421213806,0.006498821974319373,0.006007812,0.005552946
2024-07-02,5,0.0039559581287534635,0.004788276195053616,0.006267364030628141,0.0055306065,0.0058610323
2024-07-03,5,0.0038920042945619518,0.004533613155017747,0.006189880380873297,0.006041614,0.005572655
2024-07-05,5,0.0051896135200645895,0.0037159753410999897,0.005621408965997693,0.004945541,0.0054213027
2024-07-08,5,0.005581390113724738,0.0036399478419502896,0.005737718390134127,0.0056105824,0.0053556343
2024-07-09,5,0.005271301616043056,0.0037773418104746236,0.0057208188308790035,0.0049162703,0.005510516
2024-07-10,5,0.005322113391127272,0.0039559581287534635,0.005802000373463764,0.004765833,0.005581811
2024-07-11,5,0.0053690559518750425,0.0038920042945619518,0.005375379337830478,0.005649286,0.0059667556
2024-07-12,5,0.006377876920991529,0.0051896135200645895,0.005895046515429865,0.005545188,0.0057863384
2024-07-15,5,0.005419005416138143,0.005581390113724738,0.006015981031221005,0.0052490076,0.006606111
2024-07-16,5,0.005990449836857317,0.005271301616043056,0.005514172640737716,0.004732011,0.006355556
2024-07-17,5,0.006524584260273658,0.005322113391127272,0.0054575617176323135,0.00500493,0.006604316
2024-07-18,5,0.009615307521238008,0.0053690559518750425,0.005499508779672313,0.0048843864,0.0063817725
2024-07-19,5,0.00859984960316874,0.006377876920991529,0.006186243096081358,0.0059467475,0.006274453
2024-07-22,5,0.010061957484448006,0.005419005416138143,0.005705387693441856,0.0058193402,0.0059652277
2024-07-23,5,0.01085968806666942,0.005990449836857317,0.006016319351072958,0.006240696,0.0061469735
2024-07-24,5,0.012300306962478368,0.006524584260273658,0.006135339709489785,0.006941395,0.0067286678
2024-07-25,5,0.00991546075450739,0.009615307521238008,0.007416549099099042,0.0052902997,0.0063839452
2024-07-26,5,0.012395033693514593,0.00859984960316874,0.007107097932562927,0.0051412517,0.0060007093
2024-07-30,5,0.015273353556572352,0.01085968806666942,0.007485367156294878,0.0060704015,0.0072566457
2024-07-31,5,0.013739074724065343,0.012300306962478368,0.008035800117964557,0.005933463,0.007606673
2024-08-01,5,0.012300398839133826,0.00991546075450739,0.007869872700886418,0.0066582276,0.0071470523
2024-08-02,5,0.009203522685890083,0.012395033693514593,0.008883114768594852,0.0063939593,0.007572484
2024-08-05,5,0.005895262625738516,0.014625049105630035,0.009850795505634873,0.011157262,0.010219302
2024-08-06,5,0.004381408096847462,0.015273353556572352,0.009925605159417055,0.0085096955,0.007924514
2024-08-07,5,0.00431020324157034,0.013739074724065343,0.009420105454166819,0.0060274047,0.007813033
2024-08-08,5,0.006019771138249754,0.012300398839133826,0.009057318132202162,0.0056773755,0.0075205057
2024-08-09,5,0.0074148060951884824,0.009203522685890083,0.008483580238681555,0.006680155,0.0072738323
2024-08-12,5,0.007633268666630936,0.005895262625738516,0.008070823018992942,0.008722625,0.008629512
2024-08-13,5,0.008534084025636421,0.004381408096847462,0.007304891871505747,0.0073391544,0.007284017
2024-08-14,5,0.008219651947079059,0.00431020324157034,0.007296213358281319,0.008080657,0.0071024215
2024-08-15,5,0.007193409190495515,0.006019771138249754,0.008317064222548496,0.0086961,0.0073333993
2024-08-16,5,0.005817131169371974,0.0074148060951884824,0.00875508318229018,0.0079992395,0.008205705
2024-08-19,5,0.004910274387156404,0.007633268666630936,0.008824081352195713,0.007695531,0.0077984273
2024-08-20,5,0.00422810692443452,0.008534084025636421,0.008888034878440771,0.0074944086,0.007854477
2024-08-21,5,0.0044954562747479224,0.008219651947079059,0.008524926076669229,0.00778163,0.007857211
2024-08-22,5,0.003196195008398045,0.007193409190495515,0.008582550849817626,0.0071496833,0.0077852565
2024-08-23,5,0.003920271835580947,0.005817131169371974,0.007897529531059676,0.0076329024,0.007297192
2024-08-26,5,0.005057853713604484,0.004910274387156404,0.0073128066875101545,0.007994745,0.0072123217
2024-08-27,5,0.004756495014533814,0.00422810692443452,0.007082038432633141,0.007215936,0.0068358965
2024-08-29,5,0.005720370969609535,0.003196195008398045,0.006281862617264434,0.006272721,0.006449832
2024-08-30,5,0.005057763543163077,0.003920271835580947,0.006740419354740021,0.0053125275,0.006193439
2024-09-03,5,0.004294162701063219,0.005057853713604484,0.007120947235183952,0.0054873917,0.0063991724
2024-09-04,5,0.005447786249824629,0.004756495014533814,0.006449515200550443,0.006258568,0.006271022
2024-09-05,5,0.007234091868617045,0.004326784572134534,0.005737929774181745,0.005201096,0.005943136
2024-09-06,5,0.007016708278258558,0.005720370969609535,0.006267497784445518,0.0070736585,0.0064129
2024-09-09,5,0.008474112587331823,0.005057763543163077,0.005786004993800392,0.0070970724,0.005900785
2024-09-11,5,0.006849969656355462,0.005447786249824629,0.006341482385668829,0.0060443054,0.0059309145
2024-09-12,5,0.004869165880304688,0.007234091868617045,0.006848732405862697,0.005585142,0.0066562
2024-09-13,5,0.003745817196532973,0.007016708278258558,0.006864879141435147,0.007279513,0.0068154214
2024-09-17,5,0.005888898648567499,0.006679345010475803,0.006085884516998196,0.004865131,0.006432427
2024-09-18,5,0.004791698098770167,0.006849969656355462,0.006533144673364427,0.0065389243,0.0063524167
2024-09-19,5,0.004787093775973254,0.004869165880304688,0.005564477896959366,0.005515934,0.0057055214
2024-09-20,5,0.005094003322932892,0.003745817196532973,0.005236457723130269,0.0061074723,0.006148606
2024-09-24,5,0.005198280110679992,0.005888898648567499,0.0061690388790162625,0.0060805557,0.0076407357
2024-09-25,5,0.005868944687231201,0.004791698098770167,0.0057819905334420005,0.006230682,0.007315193
2024-09-26,5,0.006122667371041418,0.004787093775973254,0.005537676956095643,0.009177517,0.008130333
2024-09-27,5,0.006667322223360945,0.005094003322932892,0.00578247850926881,0.007323014,0.008045258
2024-09-30,5,0.005532549019736952,0.0062067679387626746,0.00640720216509364,0.0062456653,0.007972774
2024-10-01,5,0.005654151664381529,0.005198280110679992,0.006102718083230303,0.006163798,0.007893774
2024-10-02,5,0.0050542227642012185,0.005868944687231201,0.006421415126892047,0.0071321274,0.0077425116
2024-10-03,5,0.005547223910425333,0.006122667371041418,0.006100711564146461,0.006770262,0.007660622
2024-10-04,5,0.005508622615665745,0.006667322223360945,0.00651951668481542,0.006185355,0.007086934
2024-10-07,5,0.004737907877637959,0.005532549019736952,0.006270135697991683,0.0063902987,0.007098991
2024-10-08,5,0.004564149304333614,0.005654151664381529,0.006224590250653211,0.0055705216,0.00672187
2024-10-09,5,0.004510324531544737,0.0050542227642012185,0.0061161193503016745,0.006080086,0.006690091
2024-10-10,5,0.00327512186632274,0.005547223910425333,0.006263650999412769,0.0066315713,0.0063806223
2024-10-11,5,0.003882093864052454,0.005508622615665745,0.0062687955365185065,0.0066348645,0.0065335385
2024-10-14,5,0.005719679103598902,0.004737907877637959,0.0054476897014907304,0.0060349884,0.0060087806
2024-10-17,5,0.0052629270838216976,0.00327512186632274,0.005099779081755372,0.0061550005,0.0059866793
2024-10-18,5,0.00430831903204876,0.003882093864052454,0.005591795942434307,0.0060619526,0.0061493656
2024-10-21,5,0.00375169120353964,0.005719679103598902,0.006142436702824832,0.0060001737,0.007048464
2024-10-22,5,0.003576093821113413,0.005403279511010313,0.006024017627972057,0.0077300435,0.006951053
2024-10-23,5,0.003917156434704344,0.004536921891030925,0.005392427155375658,0.008398459,0.006949228
2024-10-24,5,0.004029916198577306,0.0052629270838216976,0.005773480182847652,0.008248045,0.007138438
2024-10-25,5,0.0045891600116163365,0.00430831903204876,0.005461415620558207,0.0077269254,0.0070720534
2024-10-28,5,0.0038285846566523812,0.00375169120353964,0.005366640063445878,0.0056215352,0.0069402237
2024-10-30,5,0.004996011604089751,0.003917156434704344,0.005098685318226611,0.0081382,0.00737044
2024-10-31,5,0.004348713900987289,0.004029916198577306,0.005336478243732693,0.009074313,0.0078074913
2024-11-01,5,0.004081104362707191,0.0045891600116163365,0.005434320599298313,0.008036555,0.0072405916
2024-11-04,5,0.005096851554273967,0.0038285846566523812,0.00479077743914414,0.008282673,0.0073307217
2024-11-05,5,0.005432466046219633,0.0035834101350122986,0.004800429770457547,0.008047956,0.0070297685
2024-11-06,5,0.00445682647341284,0.004996011604089751,0.005545201451864932,0.0093356585,0.0067421985
2024-11-07,5,0.006179783464966996,0.004348713900987289,0.005054484760822336,0.005285899,0.0067446493
2024-11-08,5,0.006524169790357899,0.004081104362707191,0.005102788411517997,0.0055559976,0.0064141843
2024-11-11,5,0.007662285396704908,0.005096851554273967,0.0053902100533945434,0.004731731,0.006165314
2024-11-12,5,0.007767594192902437,0.005432466046219633,0.005306331452045883,0.0048761833,0.006207527
2024-11-13,5,0.007694946475392819,0.00445682647341284,0.005228368845970269,0.0057291063,0.005797477
2024-11-14,5,0.006140947284726263,0.006179783464966996,0.006004863183645163,0.0062558055,0.0066666664
2024-11-18,5,0.005626709548111705,0.007662285396704908,0.006544440587965312,0.0047655804,0.006148421
2024-11-19,5,0.0053577581387280505,0.007767594192902437,0.006239040641158367,0.005422549,0.0066169086
2024-11-20,5,0.006486459782822317,0.007694946475392819,0.006131834865458887,0.005729366,0.006679741
2024-11-21,5,0.007594095848344948,0.006140947284726263,0.005914233406758778,0.006773957,0.0064132544
2024-11-22,5,0.00789430137135752,0.006197766853002368,0.0061471356096840036,0.0067777205,0.0063619446
2024-11-25,5,0.007444247836039071,0.005626709548111705,0.006131579294119863,0.006941504,0.0065758205
2024-11-26,5,0.007707611703766927,0.0053577581387280505,0.005871942097558343,0.0078840945,0.0067567946
2024-11-27,5,0.006468788700733762,0.006486459782822317,0.00655004488096053,0.0069205207,0.0070396
2024-11-29,5,0.005422667316172658,0.007594095848344948,0.006928714375047734,0.006087762,0.0065155663
2024-12-02,5,0.005733527106983075,0.00789430137135752,0.00706955706360511,0.0064421417,0.006490517
2024-12-03,5,0.0053161075141133565,0.007444247836039071,0.006867091861217585,0.0054945475,0.006300983
2024-12-04,5,0.005806742579586472,0.007707611703766927,0.006838613326207298,0.0056540314,0.0063749417
2024-12-05,5,0.006801877352303943,0.006468788700733762,0.006629866511095186,0.005165259,0.00632461
2024-12-06,5,0.0071562926151065255,0.005422667316172658,0.006557958314136013,0.005181899,0.0057439846
2024-12-09,5,0.005879224711501774,0.005733527106983075,0.0067737743545639465,0.006055042,0.006226028
2024-12-10,5,0.00638609135213572,0.0053161075141133565,0.006423573803491547,0.00646393,0.006269628
2024-12-11,5,0.008810242904810993,0.005806742579586472,0.0067969360708777906,0.007360269,0.006737218
2024-12-12,5,0.011577075059089064,0.006801877352303943,0.007151324338483799,0.005286933,0.0065848506
2024-12-13,5,0.011375552117066012,0.0071562926151065255,0.007250301629632986,0.0068758093,0.0064690956
2024-12-16,5,0.01184837594958182,0.005879224711501774,0.0067129944533696395,0.007144391,0.0063581504
2024-12-17,5,0.011157345001416717,0.00638609135213572,0.006839651969060847,0.006632331,0.0062582484
2024-12-18,5,0.007984096784571923,0.008810242904810993,0.008001328076064282,0.007702081,0.0066441684
2024-12-19,5,0.005073796979181834,0.011577075059089064,0.008859552434670966,0.005419,0.0067912336
2024-12-20,5,0.005289841830257418,0.011375552117066012,0.008446918488750585,0.006486807,0.006449463
2024-12-23,5,0.004925904119148494,0.01184837594958182,0.008508987685798736,0.005604494,0.006505451
2024-12-24,5,0.005353870979577164,0.011157345001416717,0.008071118734837143,0.0053708684,0.0059668752
2024-12-26,5,0.00523339317460201,0.007984096784571923,0.007573888083453969,0.005264225,0.0061337706
2024-12-27,5,0.005501270888456687,0.005073796979181834,0.007150373928984313,0.0048338785,0.0058037224
2024-12-30,5,0.005199914086907624,0.005289841830257418,0.007273433860213215,0.0049366415,0.005911763
2024-12-31,5,0.005746183438816916,0.004925904119148494,0.006843551372173316,0.0053611533,0.005729721
2025-01-02,5,0.007106502709212229,0.005353870979577164,0.006868695993355891,0.005041888,0.005840173
2025-01-03,5,0.006790326062852535,0.00523339317460201,0.006595114802103315,0.006084474,0.005576509
2025-01-06,5,0.005908875297918576,0.005501270888456687,0.0070735158696572115,0.0053380216,0.0059112133
2025-01-07,5,0.005754206894652913,0.005199914086907624,0.006890553150519409,0.005244646,0.0057281554
2025-01-08,5,0.006002166624139081,0.005746183438816916,0.007122280993739047,0.004840972,0.005973334
2025-01-10,5,0.005242519156055117,0.007106502709212229,0.0077468651460202735,0.0056152046,0.006403271
2025-01-13,5,0.006855491248406854,0.006790326062852535,0.006861686441680463,0.0057449844,0.0058852257
2025-01-14,5,0.006268081973654499,0.005908875297918576,0.007079511835010091,0.005186712,0.0058688903
2025-01-15,5,0.0065869094442227855,0.005754206894652913,0.006988307810725958,0.005794232,0.0059104045
2025-01-16,5,0.006647993709966198,0.006002166624139081,0.007134021429706053,0.00709422,0.006431378
2025-01-17,5,0.006381912855563583,0.005242519156055117,0.006944913534054963,0.00659011,0.0059909425
2025-01-21,5,0.00456576676103243,0.006855491248406854,0.00754839937277217,0.0063367332,0.0065718237
2025-01-22,5,0.005199014036048889,0.006268081973654499,0.006913803255333562,0.00764981,0.0067600296
2025-01-23,5,0.005583584376903075,0.0065869094442227855,0.006971794234294961,0.006068144,0.0064739124
2025-01-24,5,0.005541764686008719,0.006647993709966198,0.00663812360921676,0.005301878,0.0065777684
2025-01-27,5,0.008406706991781558,0.006381912855563583,0.006521247234565096,0.0049865614,0.0064367005
2025-01-28,5,0.010272112326133896,0.00456576676103243,0.005222175559527054,0.005166614,0.0056202165
2025-01-30,5,0.009737848771604937,0.005583584376903075,0.006494920156124093,0.007205371,0.0075126598
2025-01-31,5,0.01001802340701527,0.005541764686008719,0.006466661446780538,0.0067272084,0.0068447916
2025-02-03,5,0.007263227409357558,0.008406706991781558,0.007570699424474908,0.007438015,0.007259602
2025-02-04,5,0.00845868187448459,0.010272112326133896,0.007760258941216433,0.00668533,0.007150935
2025-02-05,5,0.009868095428006797,0.009483753573316522,0.007636156817020307,0.0071911644,0.007822867
2025-02-06,5,0.009232930712941748,0.009737848771604937,0.00798278786562098,0.0074267667,0.0073674223
2025-02-07,5,0.009694141569661023,0.01001802340701527,0.008015229868050292,0.007839782,0.0073801363
2025-02-10,5,0.010623166428686659,0.007263227409357558,0.007219995548478053,0.0072954493,0.007203275
2025-02-11,5,0.00906793772205924,0.00845868187448459,0.008014272380454206,0.007581662,0.008220674
2025-02-12,5,0.008924722646170403,0.009868095428006797,0.008322458798657974,0.0068847137,0.0077485684
2025-02-13,5,0.009122427103799341,0.009232930712941748,0.008113125643780451,0.0077086794,0.007472064
2025-02-14,5,0.007942385349562939,0.009694141569661023,0.008565651810814633,0.007251696,0.007399238
2025-02-18,5,0.008378755373269953,0.010623166428686659,0.008724624283781492,0.006764938,0.007887298
2025-02-19,5,0.00783826309096212,0.00906793772205924,0.008286614992461168,0.007989661,0.007425959
2025-02-20,5,0.007248841067554872,0.008924722646170403,0.008642532041021339,0.00660418,0.007629253
2025-02-21,5,0.006682453425655709,0.009122427103799341,0.008442413155221769,0.007239487,0.007512997
2025-02-24,5,0.008342810534995642,0.007942385349562939,0.008220405667208436,0.0071886987,0.0072882306
2025-02-25,5,0.00813071531554537,0.008378755373269953,0.008622170207903897,0.0072542387,0.0072916793
2025-02-26,5,0.009208080010300936,0.00783826309096212,0.008008764364869699,0.006716749,0.0070232283
2025-02-27,5,0.008132957296854372,0.007248841067554872,0.008314331140998537,0.0056942506,0.006872728
2025-02-28,5,0.009260697014597509,0.006682453425655709,0.008033859108029532,0.0055724923,0.0065693455
2025-03-03,5,0.007990650286147169,0.008342810534995642,0.008903617946462161,0.0066428324,0.006907729
2025-03-04,5,0.0072590325018651505,0.00813071531554537,0.008772313246121061,0.0065487814,0.006845578
2025-03-05,5,0.00607965225981733,0.009208080010300936,0.008974547535803111,0.0059552514,0.0067900876
2025-03-06,5,0.006351900114359963,0.008132957296854372,0.008222036078453796,0.006419248,0.0066612065
2025-03-07,5,0.005475450723972155,0.009260697014597509,0.00876721471398367,0.0060540754,0.006779968
2025-03-10,5,0.00444634278493766,0.007990650286147169,0.008447896069338068,0.00644487,0.006998873
2025-03-11,5,0.0042767726888545115,0.0072590325018651505,0.008133221415624576,0.005394829,0.006503398
2025-03-12,5,0.0048040846174014695,0.00607965225981733,0.007466211415544708,0.005828199,0.0062822
2025-03-13,5,0.0045994308109445995,0.006351900114359963,0.007797517218375004,0.005923363,0.0069083646
2025-03-14,5,0.005196012775497966,0.005475450723972155,0.007379816505912694,0.0062572164,0.0065538487
2025-03-17,5,0.0055815149160529124,0.00444634278493766,0.006612357735417025,0.0069134827,0.00660321
2025-03-18,5,0.005473287792412823,0.0042767726888545115,0.006728418503367415,0.0059962296,0.006477148
2025-03-19,5,0.005110451421272564,0.0048040846174014695,0.006752957620880567,0.006386631,0.0062183235
2025-03-20,5,0.005126879076953231,0.0045994308109445995,0.006575292095018249,0.0067378376,0.006108043
2025-03-21,5,0.0046421871743324945,0.005196012775497966,0.006961363709895507,0.0054345857,0.0062179877
2025-03-24,5,0.005367747080892066,0.0055815149160529124,0.006676776033986877,0.0075106216,0.0062339953
2025-03-25,5,0.00651551084167485,0.005473287792412823,0.006600482541706464,0.007160181,0.0063700005
2025-03-26,5,0.008245560048352902,0.005110451421272564,0.006391366568742006,0.0062063313,0.0059272563
2025-03-27,5,0.012161421574478672,0.005126879076953231,0.006325040599152563,0.006597718,0.0071884766
2025-03-28,5,0.014013178763760075,0.0046421871743324945,0.006334685623141844,0.0068669864,0.0074067786
2025-03-31,5,0.016380843263713755,0.005367747080892066,0.006538661041075503,0.0075081578,0.007563593
2025-04-01,5,0.017852259611810518,0.00651551084167485,0.007027224752001749,0.008323642,0.0076790983
2025-04-02,5,0.019695877512792285,0.008245560048352902,0.007364921811234127,0.006383821,0.007787959
2025-04-03,5,0.01735206054111199,0.012161421574478672,0.00862997163010831,0.008866926,0.00850754
2025-04-04,5,0.016614064222419653,0.014013178763760075,0.00893615531033669,0.011653731,0.010235581
2025-04-07,5,0.014162659166332496,0.016380843263713755,0.009775942361606253,0.008952221,0.008662238
2025-04-08,5,0.01135611112216041,0.017852259611810518,0.010133623196087889,0.012517069,0.010556525
2025-04-09,5,0.009190002367547658,0.019695877512792285,0.0108218474794477,0.010513329,0.009377298
2025-04-10,5,0.009030287406087701,0.01735206054111199,0.010528288651986573,0.015175729,0.011963342
2025-04-11,5,0.015161392392332199,0.016614064222419653,0.01065274718743959,0.013017604,0.011722046
2025-04-14,5,0.020288151896756697,0.014162659166332496,0.010188906950307013,0.01264389,0.0100239655
2025-04-15,5,0.02220948589438763,0.01135611112216041,0.009434735466748109,0.006833769,0.009369923
2025-04-16,5,0.022822528657073005,0.009190002367547658,0.009599400925473563,0.014197929,0.014456097
2025-04-17,5,0.020586380098337975,0.009030287406087701,0.009763483492870291,0.010885806,0.0106709795
2025-04-22,5,0.013831486921241773,0.015161392392332199,0.01232774848442138,0.013165972,0.014970581
2025-04-23,5,0.009838144337801377,0.020288151896756697,0.013680211826574591,0.011053061,0.013039044
2025-04-24,5,0.009948952145330356,0.02220948589438763,0.013573538988167004,0.012114357,0.012732282
2025-04-25,5,0.009574288235877127,0.022822528657073005,0.013886743877341744,0.0089968415,0.010697814
2025-04-28,5,0.011007455408765734,0.020586380098337975,0.012044240317781509,0.009467922,0.011461185
2025-04-29,5,0.013361162187040917,0.013831486921241773,0.01236556621970884,0.008585153,0.009775073
2025-04-30,5,0.012554567478549515,0.009838144337801377,0.011899455501602629,0.008673237,0.01024736
2025-05-01,5,0.011579468441855622,0.009948952145330356,0.012099559747129122,0.00822583,0.009874951
2025-05-02,5,0.009427937637155097,0.009574288235877127,0.012006014477370094,0.0077949283,0.009481042
2025-05-05,5,0.01100851733244599,0.011007455408765734,0.012113830318418643,0.010718657,0.010378692
2025-05-06,5,0.00831942976023527,0.013361162187040917,0.013235322253034152,0.010429653,0.012206403
2025-05-07,5,0.008087250578502243,0.012554567478549515,0.012370066923823959,0.011832572,0.011523894
2025-05-08,5,0.01029486204738155,0.011579468441855622,0.012024765319958709,0.011740664,0.011205921
2025-05-09,5,0.011514252945990393,0.009427937637155097,0.010250266083412172,0.00932817,0.010562386
2025-05-12,5,0.011687752226043333,0.01100851733244599,0.011720078206309666,0.010216788,0.009245476
2025-05-13,5,0.012979511331806807,0.00831942976023527,0.010453735376019435,0.0075510344,0.008642673
2025-05-14,5,0.012643108512876342,0.008087250578502243,0.010355081188669905,0.006865804,0.009187268
2025-05-15,5,0.010341567635648516,0.01029486204738155,0.011432995306907199,0.0064580888,0.009336802
2025-05-16,5,0.011239302183044544,0.011514252945990393,0.011234803753511729,0.007989645,0.009223398
2025-05-19,5,0.01018431413414424,0.011687752226043333,0.011922640032124955,0.007005648,0.0089871045
2025-05-20,5,0.00938380414489036,0.012979511331806807,0.012143857675988958,0.007408127,0.009133712
2025-05-21,5,0.012457609170487573,0.012643108512876342,0.011624063285421024,0.00786721,0.009230249
2025-05-22,5,0.012609680906250262,0.010341567635648516,0.010560573361219136,0.007899779,0.008781196
2025-05-23,5,0.011993015307555305,0.011239302183044544,0.01036671591526426,0.0068265353,0.009149853
2025-05-27,5,0.011975657815203407,0.01018431413414424,0.01011093435759075,0.0072703473,0.008809067
2025-05-29,5,0.009579659347111677,0.012457609170487573,0.011109978429866335,0.0073679807,0.0090512745
2025-05-30,5,0.00981596747052694,0.012609680906250262,0.010850513084661199,0.0067813806,0.008398219
2025-06-02,5,0.010079572501546058,0.011993015307555305,0.010641737698797662,0.006888585,0.008906874
2025-06-03,5,0.010454148586278349,0.011975657815203407,0.010662859499891564,0.008022786,0.0084237475
2025-06-04,5,0.011024340895270403,0.010924918212221819,0.010148870517552151,0.007016647,0.008539886
2025-06-05,5,0.011633462552078155,0.009579659347111677,0.01019235346249431,0.006628258,0.008333512
2025-06-06,5,0.011592997249951198,0.00981596747052694,0.009943329202468772,0.0077970927,0.008218279
2025-06-09,5,0.01111593839818739,0.010079572501546058,0.010031709734298835,0.007462945,0.008191964
2025-06-10,5,0.009404246791089811,0.010454148586278349,0.01029821103054621,0.0071613695,0.008547002
2025-06-11,5,0.008833120803590394,0.011024340895270403,0.010495948354776373,0.008001967,0.008407215
2025-06-12,5,0.008467118610055217,0.011633462552078155,0.010768556048293545,0.0079900725,0.008746731
2025-06-13,5,0.008000224289148124,0.011592997249951198,0.010676516576268618,0.0068922094,0.009276162
2025-06-16,5,0.008586733585590938,0.01111593839818739,0.010496370939351856,0.007885737,0.008621282
2025-06-17,5,0.008608076437779172,0.009404246791089811,0.009585004610121184,0.008403648,0.008789247
2025-06-18,5,0.007582948709954211,0.008833120803590394,0.00959722212765118,0.00730961,0.008061782
2025-06-20,5,0.00733646023123252,0.008467118610055217,0.009673592184008595,0.008223289,0.008037141
2025-06-23,5,0.007408738889119789,0.008000224289148124,0.009242387004484794,0.006213604,0.007904436
2025-06-24,5,0.0071373240201519726,0.008586733585590938,0.009609804479531874,0.0066815983,0.0076384046
2025-06-25,5,0.007292940094237429,0.008608076437779172,0.009224460500704933,0.0067781894,0.007270289
2025-06-26,5,0.008397540606119937,0.007582948709954211,0.008418612000584386,0.0064452603,0.0069779893
2025-06-27,5,0.007858028334089398,0.00733646023123252,0.009030044639859968,0.007723319,0.0070139244
2025-06-30,5,0.00810970665608594,0.007408738889119789,0.008880569262296927,0.0060898787,0.0068171965
2025-07-01,5,0.007669801798804265,0.0071373240201519726,0.008666264521383625,0.0066783973,0.0067666126
2025-07-02,5,0.007634112393987336,0.007292940094237429,0.008439754330938987,0.0065197735,0.006755441
2025-07-03,5,0.00781885043716612,0.008397540606119937,0.008726305066894528,0.005745658,0.0067554154
2025-07-07,5,0.0071030130910659925,0.007858028334089398,0.008642217616893922,0.0059518735,0.006609564
2025-07-08,5,0.005869587864995361,0.00810970665608594,0.008764631162379834,0.0061595486,0.006541017
2025-07-09,5,0.005602715178685545,0.007669801798804265,0.008484926598902745,0.0065044677,0.0066706217
2025-07-10,5,0.006889018417399901,0.007634112393987336,0.008254383881782462,0.004864461,0.006540518
2025-07-11,5,0.00539515950113133,0.00781885043716612,0.008371982302218403,0.005560627,0.006580118
2025-07-14,5,0.005736752203355253,0.0071030130910659925,0.007920993306868945,0.00638236,0.00657658
2025-07-15,5,0.006775918010339608,0.005869587864995361,0.00731419187075443,0.006115542,0.0065807896
2025-07-16,5,0.006849987626741253,0.005602715178685545,0.007217230855326221,0.0067825024,0.0067621707
2025-07-17,5,0.006116541838474805,0.006889018417399901,0.0077564772161108865,0.006821661,0.0067463764
2025-07-18,5,0.0077630855473760675,0.00539515950113133,0.006430467221918737,0.0066182623,0.0062630605
2025-07-21,5,0.006767170186260558,0.005736752203355253,0.007230619770460137,0.0056488467,0.006969979
2025-07-22,5,0.00637554461378129,0.006775918010339608,0.007556655055440274,0.006226928,0.0073001226
2025-07-23,5,0.008338311233018066,0.006849987626741253,0.0073304299226243895,0.007354663,0.0069544385
2025-07-24,5,0.009029310562314645,0.006116541838474805,0.007234265602658549,0.0065765916,0.0068277004
2025-07-25,5,0.009595885444577564,0.0077630855473760675,0.00756194280464561,0.006286434,0.0066074026
2025-07-28,5,0.011565929878121002,0.006767170186260558,0.00693503777259294,0.0069017136,0.006330584
2025-07-30,5,0.009332982280538643,0.008338311233018066,0.007965269301563752,0.0067887735,0.006919746
2025-07-31,5,0.008921038535166863,0.009029310562314645,0.008087173656051643,0.0059554963,0.006966427
2025-08-01,5,0.010509447937676039,0.009595885444577564,0.008238187923999708,0.0059579615,0.0068758093
2025-08-04,5,0.011784311591223805,0.011565929878121002,0.008665625688959677,0.0054128584,0.0066930177
2025-08-05,5,0.011339891920613,0.01103587515535113,0.008592706451339159,0.0056148297,0.006665833
2025-08-06,5,0.010846386506204418,0.009332982280538643,0.008077450960104303,0.0065437253,0.006674974
2025-08-07,5,0.010364034561882627,0.008921038535166863,0.008115535475979081,0.0059028026,0.006772949
2025-08-08,5,0.007259234292960319,0.010509447937676039,0.008972398580515595,0.006749729,0.006898578
2025-08-11,5,0.004870556378536529,0.011784311591223805,0.00945461864235779,0.006733402,0.0070957225
2025-08-12,5,0.004735968831484787,0.011339891920613,0.009031955287757043,0.0065234615,0.0068241465
2025-08-13,5,0.004401629376418368,0.010846386506204418,0.008652677079318416,0.005729516,0.0068048257
2025-08-14,5,0.004132390370531436,0.010364034561882627,0.008872492486233279,0.005614929,0.006652094
2025-08-15,5,0.00437759948074951,0.007259234292960319,0.008014457853491391,0.0058332174,0.006477055
2025-08-18,5,0.004109140884421603,0.004870556378536529,0.007311438200460619,0.005307023,0.0060368045
2025-08-19,5,0.003931571989471345,0.004735968831484787,0.00746811626020721,0.006145757,0.005882291
2025-08-20,5,0.004807303254387384,0.004401629376418368,0.006877878511427333,0.0051518856,0.00566354
2025-08-21,5,0.00495280251932405,0.004132390370531436,0.007012469963072506,0.005595831,0.006003643
2025-08-22,5,0.005112201119187037,0.00437759948074951,0.007042678586220933,0.0044751843,0.005656857
2025-08-25,5,0.0061263029618186604,0.004109140884421603,0.006751941661772873,0.0048059407,0.005705881
2025-08-26,5,0.005695252131599058,0.003931571989471345,0.006723479087407458,0.005523554,0.0060668853
2025-08-27,5,0.007043719150382462,0.004807303254387384,0.007129214909187674,0.0069121215,0.0063394806
2025-08-28,5,0.0060177967131573844,0.00495280251932405,0.007114283898033395,0.0061480287,0.006699167
2025-08-29,5,0.006383461503133183,0.005112201119187037,0.006948301449689141,0.0053527416,0.006875469
2025-09-02,5,0.006459635691296885,0.0061263029618186604,0.007258737080292604,0.00707629,0.008598948
2025-09-03,5,0.007408617360444549,0.005695252131599058,0.006687614249103931,0.006299491,0.0074497075
2025-09-04,5,0.005944634805013806,0.007043719150382462,0.007439265377109682,0.0076640416,0.007886631
2025-09-05,5,0.006977133184898156,0.0060177967131573844,0.006216083549691147,0.0098087005,0.0077752057
2025-09-08,5,0.006749515211597389,0.006383461503133183,0.00697030638372133,0.007891431,0.00801261
2025-09-09,5,0.0057079690240774235,0.006459635691296885,0.0070320505702703,0.008013656,0.008057844
2025-09-10,5,0.005496634644234128,0.007408617360444549,0.006887457441841509,0.007628031,0.007831896
2025-09-11,5,0.006279261127028055,0.005944634805013806,0.0061996460703584435,0.005698616,0.0068146284
2025-09-12,5,0.006506099703983228,0.006977133184898156,0.0063901777396686696,0.004965835,0.0073907007
2025-09-15,5,0.006731649509594199,0.006749515211597389,0.006449688118034867,0.0058640316,0.008269717
2025-09-16,5,0.007260195899514261,0.0057079690240774235,0.0060281052950013955,0.006765209,0.008033984
2025-09-17,5,0.006724354967415581,0.005496634644234128,0.006214863919919883,0.0072342753,0.0074137077
2025-09-18,5,0.006159963220243549,0.006279261127028055,0.006595319619709877,0.0061752647,0.0073137907
2025-09-19,5,0.00598560115204975,0.006506099703983228,0.006590060041028127,0.005748333,0.007446586
2025-09-22,5,0.006142697208398285,0.006731649509594199,0.006809182267866825,0.0070519703,0.008318243
2025-09-23,5,0.007935796315081584,0.007260195899514261,0.006900812936950353,0.007900605,0.008334772
2025-09-24,5,0.009317584456425939,0.006724354967415581,0.006666025405977494,0.007961427,0.00791219
2025-09-25,5,0.010757154469580556,0.006159963220243549,0.00675437556078129,0.008307149,0.0092593115
2025-09-29,5,0.010928468134285739,0.006142697208398285,0.006888936957252476,0.008226995,0.009355779
2025-09-30,5,0.009811864818213015,0.007935796315081584,0.007617109901918736,0.010955066,0.008773365
2025-10-01,5,0.008996968896139372,0.009317584456425939,0.007885134466991657,0.0090678325,0.00880696
2025-10-02,5,0.01006681417222554,0.010757154469580556,0.008310415643145308,0.0080553545,0.008709944
2025-10-03,5,0.011428569416707118,0.009729439879589288,0.007982994774552242,0.008138382,0.008456616
2025-10-06,5,0.01077721474914285,0.010928468134285739,0.008493010574980708,0.0091937985,0.0091893235
2025-10-07,5,0.012131247094009255,0.009811864818213015,0.00832837045237274,0.009631458,0.009957124
2025-10-08,5,0.01331052022279846,0.008996968896139372,0.008025359005024468,0.009421328,0.010050845
2025-10-09,5,0.012596436637497635,0.01006681417222554,0.008831308422427474,0.007365349,0.009466824
2025-10-10,5,0.014120500925022728,0.011428569416707118,0.009075739004617353,0.013213065,0.011186631
2025-10-13,5,0.016388560573071934,0.01077721474914285,0.009063525001417237,0.012129161,0.010344661
2025-10-14,5,0.013657719227464117,0.012131247094009255,0.009634054558757882,0.014498214,0.013356297
2025-10-15,5,0.01591355464584927,0.01331052022279846,0.009867443050772268,0.0156037435,0.013491388
2025-10-16,5,0.015427297748962869,0.012596436637497635,0.01012032235928474,0.0164849,0.014878797
2025-10-17,5,0.01355881168702106,0.014120500925022728,0.010861308299039944,0.01624516,0.013391582
2025-10-20,5,0.013442876971506612,0.016388560573071934,0.011581695106990388,0.015887633,0.013644473
2025-10-21,5,0.01700440336684531,0.013657719227464117,0.009740952766016544,0.013037029,0.011720979
2025-10-22,5,0.015601811951801896,0.01591355464584927,0.01177204621107619,0.01214085,0.013067764
2025-10-23,5,0.01773336614562059,0.015427297748962869,0.0115469750081472,0.01492073,0.013659367
2025-10-24,5,0.017410503466184654,0.01355881168702106,0.011380985550213427,0.012258116,0.011427891
2025-10-27,5,0.014560355211709093,0.013442876971506612,0.012029830960788338,0.007949781,0.010944536
2025-10-28,5,0.01230452201814858,0.01700440336684531,0.012692835621361639,0.007791491,0.009851294
2025-10-30,5,0.00822523355686604,0.01773336614562059,0.013131851708565392,0.008657758,0.010433186
2025-10-31,5,0.006387703441102551,0.017410503466184654,0.012713123184132773,0.0090556,0.009624153
2025-11-03,5,0.007384649039272482,0.014560355211709093,0.012241956640260397,0.008202783,0.009490143
2025-11-04,5,0.006828906287811811,0.01230452201814858,0.011904451627474562,0.008371344,0.009304784
2025-11-05,5,0.00749988977670638,0.010962714237383972,0.011214910613080577,0.0067272335,0.008492949
2025-11-06,5,0.00839921931834203,0.00822523355686604,0.010611054894391403,0.0065071112,0.008562394
2025-11-07,5,0.01221591019488389,0.006387703441102551,0.008801671267609942,0.0061431527,0.0082753375
2025-11-10,5,0.012208696582991873,0.007384649039272482,0.010556555378740132,0.00793615,0.009328401
2025-11-11,5,0.012440357044447202,0.006828906287811811,0.009976241192327255,0.007223642,0.008739382
2025-11-12,5,0.013014741939244331,0.00749988977670638,0.010232211635364065,0.009997319,0.010721426
2025-11-13,5,0.013379848055310431,0.00839921931834203,0.010469245240561385,0.0075499606,0.009267223
2025-11-14,5,0.01112675691217152,0.01221591019488389,0.011726464971673053,0.0075027323,0.0097393505
2025-11-17,5,0.008922582270489381,0.012208696582991873,0.011637611502480372,0.008521,0.009941847
2025-11-18,5,0.009148871164901245,0.012440357044447202,0.011130323366206825,0.008835655,0.009629125
2025-11-19,5,0.007397849765589015,0.013014741939244331,0.011148953578283837,0.0080303075,0.009364902
2025-11-20,5,0.007005319345097468,0.013379848055310431,0.011534283042108115,0.0072122216,0.009506374
2025-11-21,5,0.006932134178614798,0.01112675691217152,0.010583793724808154,0.006896516,0.008792064
2025-11-24,5,0.00810592662364181,0.008922582270489381,0.00969055660988485,0.0083583845,0.008864169
2025-11-26,5,0.009220315342414227,0.007397849765589015,0.00902286120295218,0.008844537,0.008976072
2025-11-28,5,0.00932294296299726,0.007005319345097468,0.00902953296415654,0.0076712733,0.00892016
2025-12-01,5,0.009033994749275057,0.006932134178614798,0.008837971899358752,0.009144066,0.009045924
2025-12-02,5,0.00861724584235325,0.00810592662364181,0.008884136085825617,0.0068058576,0.008735382
2025-12-03,5,0.008454342729753712,0.008360912538630453,0.008965265852570027,0.007860634,0.00881248
2025-12-04,5,0.00848947804295198,0.009220315342414227,0.009110589133619087,0.007343785,0.00893468
2025-12-05,5,0.009447321353676421,0.00932294296299726,0.009268910302080784,0.007943452,0.008906355
2025-12-08,5,0.010263556623129543,0.009033994749275057,0.009016711123952156,0.007396152,0.008531408
2025-12-09,5,0.011114529947394107,0.00861724584235325,0.008950170203533168,0.007594767,0.008126939
2025-12-10,5,0.010025648689544446,0.008454342729753712,0.00920660202656294,0.007273535,0.008016415
2025-12-11,5,0.009146172062939353,0.00848947804295198,0.009102596866062958,0.0055321385,0.008032544
2025-12-12,5,0.006338208507515883,0.009447321353676421,0.009746811892711057,0.008674506,0.009025755
2025-12-15,5,0.005076544497133802,0.010263556623129543,0.009776828378114805,0.010790379,0.0096417
2025-12-16,5,0.006121796226717716,0.011114529947394107,0.00994960874761857,0.012830686,0.009220979
2025-12-17,5,0.00673940730011246,0.010025648689544446,0.008908360408353497,0.012373437,0.00967057
2025-12-18,5,0.007956934011366915,0.009146172062939353,0.008642123611725333,0.011692963,0.009444029
2025-12-19,5,0.014612095371863872,0.006338208507515883,0.0076903854907876745,0.009748662,0.008568721
2025-12-22,5,0.016147694514655694,0.005076544497133802,0.00732044906871635,0.009562722,0.010513225
2025-12-23,5,0.016019165002581104,0.006121796226717716,0.008087441266505846,0.011802307,0.010643229
2025-12-24,5,0.015929748541533686,0.00673940730011246,0.00791148542264422,0.013352158,0.009465891
2025-12-26,5,0.017200117980650624,0.007956934011366915,0.008538794505605372,0.014530055,0.011631673
2025-12-29,5,0.01067244914470669,0.014612095371863872,0.010850092049763047,0.013090557,0.012015092
2025-12-30,5,0.009762934784940305,0.016147694514655694,0.010801279902583377,0.010310696,0.009837075
2025-12-31,5,0.008404007754227309,0.016019165002581104,0.011006103945270823,0.008523966,0.009891351
2026-01-02,5,0.008295946749019022,0.015929748541533686,0.01054440392604958,0.009478008,0.009588974
2026-01-05,5,0.008905633775216873,0.017200117980650624,0.01139024477460752,0.009041607,0.010042111
2026-01-06,5,0.010102183443182759,0.01067244914470669,0.009552345575896322,0.008329428,0.009751344
2026-01-07,5,0.009806781785097283,0.009762934784940305,0.00964316343433697,0.0090295905,0.009656019
2026-01-08,5,0.008659519851621118,0.008404007754227309,0.00935053656222253,0.010073967,0.0093738865
2026-01-09,5,0.00797490992032104,0.008295946749019022,0.009127571316119517,0.009340196,0.009023754
2026-01-12,5,0.007223310174144281,0.008905633775216873,0.010067226497246977,0.010355159,0.010527517
2026-01-13,5,0.010782556822331065,0.010102183443182759,0.010028349569737341,0.0086160265,0.009569774
2026-01-14,5,0.011294380841681795,0.009806781785097283,0.009718670913160914,0.008139546,0.009443362
2026-01-15,5,0.012620365599446168,0.008659519851621118,0.008943110541979483,0.0081846975,0.009209646
2026-01-16,5,0.01663552139766455,0.00797490992032104,0.008454774770321716,0.0077989474,0.008920866
2026-01-20,5,0.01663853573723511,0.007223310174144281,0.009141818821070007,0.011839101,0.011226742
2026-01-21,5,0.013232659018756601,0.010782556822331065,0.010675543090686357,0.012273604,0.013066018
2026-01-22,5,0.03294073235167531,0.011294380841681795,0.010389270246904286,0.011232755,0.012723058
2026-01-23,5,0.04544737204962541,0.012620365599446168,0.01084714234540986,0.016012669,0.013365178
2026-01-26,5,0.06230749506261102,0.01663552139766455,0.012278831283052133,0.013338324,0.014229458
2026-01-29,5,0.04396506834758226,0.03294073235167531,0.01650509763183949,0.017859574,0.020328129
2026-01-30,5,0.04324580702431511,0.04544737204962541,0.01772456245340968,0.022337435,0.020221708
2026-02-02,5,0.032299510472804896,0.06230749506261102,0.021116856091265204,0.01856684,0.018239945
2026-02-03,5,0.02693609219077302,0.05554466324180479,0.020647383488944158,0.018774299,0.019442372
2026-02-04,5,0.023148258225273482,0.05096984811048412,0.020965776588521334,0.016674876,0.020166928
2026-02-05,5,0.020310133766363734,0.04396506834758226,0.020730827700551367,0.01726798,0.020571383
2026-02-06,5,0.013945056126469724,0.04324580702431511,0.021909483497256833,0.016248832,0.01789919
2026-02-09,5,0.013574955259490712,0.032299510472804896,0.020207681973248647,0.013101767,0.015675215
2026-02-10,5,0.012788458342278687,0.02693609219077302,0.01894092599656934,0.013878329,0.013699711
2026-02-11,5,0.011170050225618103,0.023148258225273482,0.01888421980213074,0.018096887,0.015221953
2026-02-12,5,0.010203088112810633,0.020310133766363734,0.018543833728884507,0.014161241,0.014271834
2026-02-13,5,0.010462302862659707,0.013945056126469724,0.01694899385118638,0.015091651,0.012971122
2026-02-17,5,0.009768228346770543,0.013574955259490712,0.0172419586804533,0.010596761,0.013120692
2026-02-18,5,0.00926219758826686,0.012788458342278687,0.016276452408498943,0.017431697,0.0137449205
2026-02-19,5,0.010041709276601002,0.011170050225618103,0.016036667403477024,0.020875027,0.014237134
2026-02-20,5,0.010137853547671908,0.010203088112810633,0.016209135397524443,0.018949809,0.014250088
2026-02-23,5,0.013163979488905846,0.010462302862659707,0.016029575280988993,0.020383166,0.014932659
2026-02-24,5,0.01677374729193267,0.009768228346770543,0.01585500864361456,0.018287575,0.014359441
2026-02-25,5,0.018694679299724064,0.00926219758826686,0.014520591836144885,0.01455995,0.013834906
2026-02-26,5,0.019144124938230304,0.010041709276601002,0.01544513144363453,0.016284721,0.013248018
2026-02-27,5,0.01947438108333043,0.010137853547671908,0.015524656925996558,0.017810035,0.013824229
2026-03-02,5,0.015394653103468749,0.013163979488905846,0.016887005650175185,0.016143275,0.017923592
2026-03-03,5,0.011152882311072719,0.01677374729193267,0.017097522385345922,0.016841415,0.018868083
2026-03-04,5,0.010335836358560524,0.018694679299724064,0.01617623718497277,0.012625231,0.015312969
2026-03-05,5,0.009151287555746415,0.019144124938230304,0.015039863136420011,0.011637616,0.015703047
2026-03-06,5,0.009085003084772818,0.01947438108333043,0.014824284970602031,0.010995159,0.016242674
2026-03-09,5,0.00963677444931501,0.015394653103468749,0.013255186855017522,0.0138013875,0.014831636
2026-03-10,5,0.008857449656832352,0.011152882311072719,0.012045741143342954,0.008602483,0.0128200585
2026-03-11,5,0.011714597617147384,0.010335836358560524,0.011035518191222846,0.009836916,0.011676436
2026-03-12,5,0.016024445707553278,0.009151287555746415,0.010425555440653001,0.014732447,0.011749395
2026-03-13,5,0.016703511589536726,0.009085003084772818,0.010931976076592033,0.010535229,0.011749451
2026-03-16,5,0.0315073578858332,0.00963677444931501,0.010837560061108987,0.01025105,0.011355977
2026-03-17,5,0.033765319849669434,0.008857449656832352,0.010126294503880482,0.011516006,0.011313543
2026-03-18,5,0.036110608949873745,0.011714597617147384,0.011528341577961426,0.014610601,0.013383946
2026-03-19,5,0.03546956063845812,0.016024445707553278,0.012667656715488378,0.010760644,0.014215067
2026-03-20,5,0.039696237302014103,0.016703511589536726,0.01292092279419019,0.01649543,0.018237144
2026-03-23,5,0.024937658165045565,0.0315073578858332,0.017641027434253487,0.02135692,0.02076439
2026-03-24,5,0.025238567696850647,0.033765319849669434,0.016909094676081544,0.01667797,0.018881826
2026-03-25,5,0.018690051140260882,0.036110608949873745,0.018103229144500074,0.01651279,0.019133281
2026-03-26,5,0.020616950494164857,0.03546956063845812,0.018099551220387998,0.028100122,0.021928186
2026-03-30,5,0.016350849410357797,0.024937658165045565,0.017624992009038377,0.022011159,0.018728975
2026-03-31,5,0.018743131954105416,0.025238567696850647,0.017522509457618404,0.01665576,0.01746714
2026-04-01,5,0.019208067455222178,0.018690051140260882,0.01553021225425555,0.015555269,0.016481875
2026-04-02,5,0.015296356757715726,0.020616950494164857,0.01677402980815524,0.016380474,0.018542375
2026-04-06,5,0.015099296129253321,0.01913732445579616,0.016020064166761185,0.017281035,0.017591199
2026-04-07,5,0.014649740392258385,0.016350849410357797,0.015430272009824381,0.018091511,0.016697157
2026-04-08,5,0.009555351852143438,0.018743131954105416,0.016745042239023823,0.013147133,0.016663432
2026-04-09,5,0.008081266600180388,0.019208067455222178,0.016169942391170443,0.010285573,0.0137973195
2026-04-10,5,0.007867444094469662,0.015296356757715726,0.015648906991232992,0.0125112925,0.013595426
2026-04-13,5,0.008358136755243283,0.015099296129253321,0.01569411229639129,0.017735677,0.013574638
2026-04-14,5,0.011171849807852595,0.014649740392258385,0.015497689002898617,0.013412896,0.013163599
2026-04-15,5,0.012667220686041978,0.009555351852143438,0.013634787327788646,0.015929043,0.012716138
2026-04-16,5,0.013560943447636321,0.008081266600180388,0.012733166728594859,0.015444486,0.01191327
2026-04-17,5,0.013452559308619298,0.007867444094469662,0.01355273434999452,0.010985507,0.011752134
2026-04-20,5,0.011299339204780158,0.008358136755243283,0.013731260039962216,0.012948744,0.012089642
2026-04-21,5,0.0068766629690852656,0.011171849807852595,0.014735322134760294,0.010268383,0.01290365
2026-04-22,5,0.006785923617977583,0.012667220686041978,0.014603684960270903,0.008898345,0.012664798
2026-04-23,5,0.007344345335540204,0.013560943447636321,0.012941919132067574,0.011349592,0.012293595
2026-04-24,5,0.007624633404051671,0.013452559308619298,0.013022805106053841,0.009676935,0.012499451
2026-04-27,5,0.009159922766564991,0.011299339204780158,0.011498709321886593,0.0094276555,0.011186285
2026-04-28,5,0.010684281264885869,0.0068766629690852656,0.009516488650845912,0.011270477,0.011147015
2026-04-29,5,0.013374555661779098,0.006785923617977583,0.01030459570611361,0.014425675,0.011952405
2026-04-30,5,0.01320229586505605,0.007344345335540204,0.010084026638541311,0.012654464,0.011001258
2026-05-01,5,0.011463778024801573,0.007624633404051671,0.010135420571868498,0.014746728,0.011155039
2026-05-04,5,0.009529506191304292,0.009159922766564991,0.01059170944873005,0.013959028,0.012215312
2026-05-05,5,0.009728494174328136,0.010684281264885869,0.010296806477408198,0.01145594,0.010934171
2026-05-06,5,0.007028158428996509,0.013374555661779098,0.011486528387933136,0.013436471,0.012104305
2026-05-07,5,0.006750742027559504,0.01320229586505605,0.010947585191643844,0.011747188,0.011580373
2026-05-08,5,0.009645057102712722,0.011463778024801573,0.00968422452840163,0.01324448,0.011322339
2026-05-11,5,0.010258703907640412,0.009529506191304292,0.008957742416324056,0.013816953,0.0111487955
2026-05-12,5,0.008601799922977842,0.009728494174328136,0.009500788684593786,0.010628835,0.01123583
2026-05-13,5,0.008566258591159651,0.007028158428996509,0.008924429871701507,0.01157335,0.010790338
2026-05-14,5,0.008283957684267991,0.006750742027559504,0.008664582819374397,0.017002236,0.010893813
2026-05-15,5,0.005699706726658824,0.009645057102712722,0.009959738088246465,0.016464412,0.0124748945
2026-05-18,5,0.006979357949608007,0.010258703907640412,0.009674368521335812,0.010188007,0.0118933255
2026-05-19,5,0.009393661622809898,0.008601799922977842,0.008718042771062846,0.016836949,0.01152977
2026-05-20,5,0.012334379520675023,0.008566258591159651,0.009306917215807842,0.015328814,0.011278821
2026-05-21,5,0.013771615070339676,0.008283957684267991,0.00862340219475313,0.008589629,0.009160899
2026-05-22,5,0.015726433567959008,0.005699706726658824,0.007800042411340599,0.008172066,0.009017943
2026-05-26,5,0.015456529068801402,0.006979357949608007,0.008490149103625258,0.007690869,0.009067742
2026-05-27,5,0.013974181466646324,0.009393661622809898,0.009145187770250399,0.008194545,0.010046494
2026-05-28,5,0.010922478083902641,0.012334379520675023,0.010472793046927225,0.009228532,0.010475004
2026-05-29,5,0.010724495879154123,0.013771615070339676,0.010736968285088704,0.009184377,0.010482588
2026-06-01,5,0.009985577101295311,0.015726433567959008,0.01116762725859181,0.014837105,0.011830062
2026-06-02,5,0.010459916542116005,0.015456529068801402,0.010981326923316966,0.008698343,0.009688002
2026-06-03,5,0.012615304033112267,0.013974181466646324,0.010420040249226858,0.008440643,0.009682197
2026-06-04,5,0.018155590070776877,0.010922478083902641,0.010092726092873509,0.008254741,0.00941259
2026-06-05,5,0.021749748472757787,0.010724495879154123,0.010182983332623723,0.012802385,0.014733895
2026-06-08,5,0.02325775636585449,0.009985577101295311,0.009682661799574785,0.0126353735,0.011281404
2026-06-09,5,0.02214825982411085,0.010459916542116005,0.009905796556821441,0.014543399,0.0127231
2026-06-10,5,0.02147514351247165,0.012615304033112267,0.01074388667173711,0.013433468,0.014755889
2026-06-11,5,0.01859837463620276,0.018155590070776877,0.012878329507744922,0.011516297,0.013424867
2026-06-12,5,0.01740673632306085,0.021749748472757787,0.013756214790975711,0.010599334,0.01270424
2026-06-15,5,0.01638248841003643,0.02325775636585449,0.013878830204955502,0.0113169905,0.011785519
2026-06-16,5,0.0183433617523956,0.02214825982411085,0.013227450846474342,0.013819154,0.012381256
2026-06-17,5,0.01606959922550053,0.02147514351247165,0.013380577666904465,0.015152301,0.013663185
2026-06-18,5,0.014115143342948838,0.01859837463620276,0.0137269519128804,0.013414616,0.012688131
2026-06-22,5,0.01091910902702672,0.01740673632306085,0.014064001740560987,0.013846568,0.013286836
2026-06-23,5,0.011529049176756498,0.01638248841003643,0.013645834290804331,0.012283153,0.014166889
2026-06-24,5,0.012960677046451636,0.0183433617523956,0.014311203548492916,0.010959242,0.015726108
2026-06-25,5,0.015305286902663744,0.01606959922550053,0.01286027221034203,0.015851166,0.013510077
2026-06-29,5,0.01606731967918494,0.01091910902702672,0.01268837021091938,0.011323527,0.0128611615
2026-06-30,5,0.015153344548435567,0.011529049176756498,0.012786690486860134,0.009886131,0.01221357
2026-07-01,5,0.011305976109386787,0.012960677046451636,0.013465319366424942,0.0124450745,0.013350859
2026-07-02,5,0.010153679620162863,0.015305286902663744,0.013514463508452982,0.012738087,0.012506338
2026-07-06,5,0.00843520406448629,0.015936858841417895,0.01405499437690005,0.011935787,0.012542612
2026-07-07,5,0.0089939293582786,0.01606731967918494,0.01397666283376056,0.014190104,0.013068635
2026-07-08,5,0.008584787105181818,0.015153344548435567,0.013804088703210817,0.014716482,0.012715355
2026-07-09,5,0.00948166387988771,0.011305976109386787,0.012227614464775816,0.014284667,0.011956995
2026-07-10,5,0.009768775573707896,0.010153679620162863,0.01213968472640953,0.0066479654,0.009571865
2026-07-13,5,0.00854277775533475,0.00843520406448629,0.011877985324081493,0.014200333,0.013655739
2026-07-14,5,0.006364351491448318,0.0089939293582786,0.012171064777892406,0.0076380805,0.011028803
2026-07-15,5,0.005979419984588833,0.008584787105181818,0.011272917993068586,0.0074079153,0.010150287
2026-07-16,5,0.005385537593139968,0.00948166387988771,0.010943947186258263,0.017516928,0.012326614
2026-07-17,5,0.0049684027571667184,0.009768775573707896,0.010741524798286488,0.01378852,0.011970286
2026-07-20,5,0.005866632866603696,0.00854277775533475,0.010131961828149133,0.01008032,0.0110893445
2026-07-21,5,0.0075069605488688905,0.006364351491448318,0.009363142666695228,0.007627391,0.008735899
2026-07-22,5,0.006935318887281459,0.005979419984588833,0.009134198673855332,0.007948529,0.009093041
2026-07-23,5,0.009129314401238712,0.005385537593139968,0.008389322119634102,0.012287465,0.010801499
2026-07-24,5,0.01037955461273363,0.0049684027571667184,0.008110396274778667,0.009469964,0.008923023
2023-02-17,22,0.007377299327423524,0.007346788940683183,0.007831683268923436,0.005894047,0.0056120167
2023-02-21,22,0.008358366962620748,0.006922160828345571,0.007256384142593019,0.004455546,0.005502964
2023-02-22,22,0.008297092270313867,0.007056769739481252,0.007443082815171105,0.004692116,0.0055565354
2023-02-23,22,0.008730664478722134,0.0069327604010520644,0.007158211604836636,0.0048526498,0.005414521
2023-02-27,22,0.009009473500188535,0.007088736737673704,0.006586635751087996,0.0043246783,0.005545508
2023-02-28,22,0.009208630442687951,0.0071969481732969435,0.007000915471943338,0.004467451,0.005557659
2023-03-01,22,0.009262393378748176,0.007057802802406338,0.0068537628401368665,0.0049007456,0.0055536926
2023-03-02,22,0.009741279308983318,0.007067958172537464,0.006954770267216697,0.0039925184,0.0055002016
2023-03-03,22,0.009935814777135435,0.0067511768562420645,0.006955531689361466,0.004333414,0.005421693
2023-03-06,22,0.010073264304417734,0.006273081032288459,0.006716890908279064,0.004608368,0.005465592
2023-03-07,22,0.010169997989173476,0.005640458606683279,0.0062869594236316315,0.0040005166,0.0054335413
2023-03-08,22,0.010564404467736717,0.005243280700782943,0.005820722470338597,0.004412909,0.0054508396
2023-03-09,22,0.010566837302970294,0.00500298225624514,0.005676349902668218,0.0043341494,0.0056812433
2023-03-10,22,0.010314417361371307,0.005484696004294068,0.006439637824775135,0.0059344736,0.006731787
2023-03-13,22,0.009705939319389761,0.006316463968544285,0.007498143384110544,0.0066110273,0.008218354
2023-03-14,22,0.010134636841777112,0.006083568137890552,0.007140460248754644,0.008918313,0.007375471
2023-03-15,22,0.01022601059334448,0.006117990606339519,0.00737066459556371,0.010262147,0.008886871
2023-03-16,22,0.009679952721740534,0.006521633931908291,0.007927519635634612,0.010129312,0.007619273
2023-03-17,22,0.009510676148753863,0.0071189411638345355,0.008452465278497355,0.015342919,0.010848242
2023-03-20,22,0.008813538836743868,0.007460449379769261,0.008500569334435638,0.009746872,0.009317029
2023-03-21,22,0.009073294721459001,0.007226419800722196,0.008068107429500596,0.009131003,0.008007475
2023-03-22,22,0.008530294274255713,0.007377299327423524,0.008602917684443536,0.008537581,0.008231516
2023-03-23,22,0.007790124577553209,0.008358366962620748,0.009431109973689216,0.011118535,0.010559059
2023-03-24,22,0.007740642535655753,0.008297092270313867,0.008747127422766591,0.008785493,0.008887197
2023-03-27,22,0.007525776719809544,0.008730664478722134,0.009110741816988609,0.008045765,0.007888178
2023-03-30,22,0.007578762604213519,0.009208630442687951,0.008917092162775917,0.008308273,0.008080472
2023-03-31,22,0.007610549529716351,0.009262393378748176,0.008932472527703447,0.0072971983,0.0077781016
2023-04-03,22,0.007642991312396581,0.009741279308983318,0.00942040483987371,0.007534446,0.008535883
2023-04-04,22,0.007691185675435597,0.009935814777135435,0.009487871476083884,0.009634066,0.009941738
2023-04-05,22,0.007478306567623149,0.010073264304417734,0.009392706400390648,0.009486075,0.009196679
2023-04-06,22,0.007315533735207513,0.010169997989173476,0.00926519961197453,0.008877947,0.008577284
2023-04-10,22,0.007199574974968253,0.010564404467736717,0.009656292663019327,0.007511008,0.008211608
2023-04-11,22,0.007324616741432919,0.010566837302970294,0.009014550408246575,0.00645485,0.007813409
2023-04-12,22,0.007262043162307001,0.010314417361371307,0.009023256619650265,0.0065803872,0.008112752
2023-04-13,22,0.006899361434819138,0.009705939319389761,0.008780346951236615,0.006461286,0.0077278945
2023-04-14,22,0.0066177360600704034,0.010134636841777112,0.009313558098994255,0.006336012,0.0074751535
2023-04-17,22,0.00631861584882493,0.01022601059334448,0.009252389500630226,0.0061762217,0.006875938
2023-04-18,22,0.006865667814529346,0.009679952721740534,0.008647936287208433,0.0062569804,0.006734131
2023-04-19,22,0.006190059630949955,0.009510676148753863,0.00921907230336674,0.007561952,0.0070369085
2023-04-20,22,0.006165404160196161,0.008813538836743868,0.008274583739115623,0.007458376,0.007111151
2023-04-21,22,0.006072679527266996,0.009073294721459001,0.00850129441504583,0.00797762,0.0060450714
2023-04-24,22,0.0059560475654892135,0.008530294274255713,0.007942806574176958,0.0075185155,0.006138807
2023-04-25,22,0.005875048636366255,0.007790124577553209,0.007939359085502544,0.0062812837,0.0071665966
2023-04-26,22,0.005873738179286585,0.007740642535655753,0.007232788937497867,0.0063941977,0.006761578
2023-04-27,22,0.005988328532361966,0.007525776719809544,0.00760991892522239,0.0057821656,0.006548463
2023-04-28,22,0.006068924148007053,0.007433753727337435,0.007409034524747334,0.0068240194,0.0063568894
2023-05-01,22,0.005850669058262405,0.0076815747671985166,0.008011268135255713,0.006688442,0.0064114933
2023-05-02,22,0.005943210043570421,0.007578762604213519,0.007869739886138259,0.0066983616,0.007982692
2023-05-03,22,0.006080994775577071,0.007610549529716351,0.0079688832878782,0.0064924206,0.007172141
2023-05-04,22,0.005374148129706857,0.007642991312396581,0.00833399585588169,0.0072936993,0.008688979
2023-05-05,22,0.0052339985885398906,0.007691185675435597,0.008483937348499539,0.0069968146,0.0071664494
2023-05-08,22,0.005430881081325255,0.007478306567623149,0.007844315616987013,0.006240997,0.0071232733
2023-05-09,22,0.005505440380797628,0.007315533735207513,0.00757663862250004,0.0067204917,0.0069138813
2023-05-10,22,0.005373010025102572,0.007199574974968253,0.007704032465100187,0.0058402005,0.0071449704
2023-05-11,22,0.0055353937336312786,0.007324616741432919,0.007386472077551356,0.006291244,0.006485378
2023-05-15,22,0.006246956829269463,0.006899361434819138,0.0063331770411730205,0.005967845,0.0066971187
2023-05-17,22,0.00628509898595587,0.00631861584882493,0.006018754671049896,0.00589419,0.005909756
2023-05-18,22,0.006047839135177039,0.006865667814529346,0.007121252848408016,0.005618681,0.0059442017
2023-05-19,22,0.006316253977595979,0.006190059630949955,0.0063433410306581355,0.005958675,0.006043789
2023-05-22,22,0.0066570416931286585,0.006165404160196161,0.0062824890611447,0.005835838,0.006386086
2023-05-24,22,0.006598784276229931,0.0059560475654892135,0.006186821129472312,0.0064518624,0.006403222
2023-05-26,22,0.006903087804548051,0.005873738179286585,0.005378005477944918,0.006611585,0.005816167
2023-05-30,22,0.00672751195010137,0.005988328532361966,0.006611376731061355,0.0057594883,0.005971013
2023-05-31,22,0.006640456842812635,0.006068924148007053,0.006719096687316508,0.0053169117,0.005751409
2023-06-01,22,0.006559340590778649,0.005850669058262405,0.006957962413756756,0.0046660714,0.0057491437
2023-06-02,22,0.006427094503911125,0.005943210043570421,0.007064045040368811,0.00414311,0.005625753
2023-06-05,22,0.006357944997192463,0.006080994775577071,0.0073033829156808104,0.00423551,0.0055003692
2023-06-06,22,0.006553000598897592,0.005374148129706857,0.006494547366171005,0.0044933893,0.0054794587
2023-06-07,22,0.00632986468760921,0.0052339985885398906,0.006643492633430985,0.0052322918,0.0054368433
2023-06-08,22,0.006212966264630339,0.005430881081325255,0.006624022989798358,0.0044842088,0.005385122
2023-06-09,22,0.006256343546107273,0.005505440380797628,0.006417007678301353,0.0046200077,0.00542129
2023-06-12,22,0.006214489031537264,0.005373010025102572,0.00620786489192899,0.004872414,0.005400136
2023-06-13,22,0.006043596298620097,0.0055353937336312786,0.006609083658397245,0.004793938,0.005421406
2023-06-14,22,0.006226493836162308,0.005547168002385171,0.006446755037702646,0.0046631643,0.0052797706
2023-06-15,22,0.005679203942342344,0.006246956829269463,0.007216386143500052,0.004415631,0.005555496
2023-06-16,22,0.005638875138777041,0.006129802170446732,0.0069932685744667124,0.004234351,0.0052085244
2023-06-20,22,0.005533395438996535,0.00628509898595587,0.007165480085334599,0.00467434,0.005244364
2023-06-21,22,0.005208544157824757,0.006047839135177039,0.007047997045816372,0.004117232,0.00523954
2023-06-22,22,0.005051667166184736,0.006316253977595979,0.007233888010332575,0.004213802,0.0053201276
2023-06-23,22,0.004826595330943883,0.0066570416931286585,0.007227857822469627,0.0046130028,0.00526305
2023-06-26,22,0.004899921709593159,0.0065000429343110245,0.007011630796012279,0.004633777,0.0054394854
2023-06-27,22,0.004903237180139731,0.006598784276229931,0.006999331387264335,0.004371535,0.0053022574
2023-06-29,22,0.004745841074176397,0.006903087804548051,0.00729328523225236,0.005155419,0.005106197
2023-06-30,22,0.004778567496215687,0.00672751195010137,0.007111756392076452,0.0048680226,0.0050090724
2023-07-03,22,0.0046961898902210504,0.006640456842812635,0.0071229190282889624,0.0044074357,0.005078748
2023-07-05,22,0.004815489512687768,0.006559340590778649,0.007288400717751179,0.0047753598,0.0051198844
2023-07-06,22,0.004682048893145759,0.006427094503911125,0.007167021094207898,0.005050324,0.005026985
2023-07-07,22,0.004472012825428372,0.006357944997192463,0.007079505657411403,0.004088169,0.0049705226
2023-07-10,22,0.004367984441841478,0.006553000598897592,0.0071607258182456515,0.0047840388,0.005396445
2023-07-11,22,0.004460958964914276,0.00632986468760921,0.006964893597690947,0.004287409,0.005191933
2023-07-12,22,0.0043902132914551365,0.006212966264630339,0.006738783255008215,0.0045460374,0.005631607
2023-07-13,22,0.00437925369228634,0.006256343546107273,0.006713585128934191,0.0044807526,0.0057002543
2023-07-14,22,0.0044835070604073105,0.006214489031537264,0.006494749573795317,0.004096699,0.0051624
2023-07-17,22,0.004485190556659162,0.006043596298620097,0.006376387504189825,0.0045513143,0.0050559384
2023-07-18,22,0.004351659194158068,0.006226493836162308,0.0067943447191389,0.0043857056,0.0054510846
2023-07-19,22,0.004443474690336851,0.005679203942342344,0.006255023033464593,0.005175974,0.0054901945
2023-07-20,22,0.0044868849482403664,0.005638875138777041,0.006218520968759504,0.004835421,0.0054028146
2023-07-21,22,0.004404991748746381,0.005533395438996535,0.006168023856047727,0.006592514,0.005435902
2023-07-24,22,0.004700677728662592,0.005208544157824757,0.005633404362330864,0.005136094,0.005314045
2023-07-25,22,0.004568432621827097,0.005051667166184736,0.005404396171910514,0.005993148,0.0053896946
2023-07-26,22,0.004465350403431176,0.004826595330943883,0.005314968577349269,0.0054887473,0.005363408
2023-07-28,22,0.004352532428112013,0.004903237180139731,0.005382793817465696,0.004790113,0.005431041
2023-07-31,22,0.004161110587767901,0.005016812739223002,0.005942646947841522,0.00725586,0.0053097163
2023-08-01,22,0.004010533368653305,0.004745841074176397,0.00567376857262457,0.0047110617,0.005167144
2023-08-02,22,0.003989488084645884,0.004778567496215687,0.005996836959578999,0.005072143,0.0053506056
2023-08-03,22,0.003986432361163751,0.0046961898902210504,0.005790613052913965,0.004513732,0.005400509
2023-08-04,22,0.003665981834977399,0.004815489512687768,0.006192782801180262,0.0048984913,0.005501849
2023-08-07,22,0.003605412258304423,0.004682048893145759,0.005859290273599414,0.004210659,0.0050686444
2023-08-08,22,0.0036458320955363556,0.004472012825428372,0.00568015608956934,0.004206362,0.0049474984
2023-08-09,22,0.0036182798272592635,0.004367984441841478,0.0055530578261655346,0.0054820487,0.005014304
2023-08-10,22,0.0033861643014419796,0.004460958964914276,0.005762283414739434,0.004578124,0.0049759867
2023-08-11,22,0.0034081245749758783,0.0043902132914551365,0.005297459636131813,0.0045449925,0.004969234
2023-08-14,22,0.0033639672538229737,0.00437925369228634,0.005394936851387383,0.0044021886,0.0049685375
2023-08-15,22,0.0034422932335427788,0.0044835070604073105,0.005611689425871502,0.0048751095,0.0049920687
2023-08-16,22,0.003347455273972392,0.004485190556659162,0.0056242366043692624,0.005744085,0.00501275
2023-08-17,22,0.0030973507008398974,0.004351659194158068,0.005592933555451426,0.0057467925,0.005199026
2023-08-18,22,0.003411677250055899,0.004443474690336851,0.005666827336863102,0.0057845316,0.0051303934
2023-08-21,22,0.0037387442411437287,0.0044868849482403664,0.00568308831083464,0.0047430126,0.0051850895
2023-08-22,22,0.0038411582708572822,0.004404991748746381,0.005382251549225481,0.004989801,0.0052193864
2023-08-23,22,0.003686395267507713,0.004700677728662592,0.005798979245430327,0.004065744,0.005281528
2023-08-24,22,0.00393626453346218,0.004568432621827097,0.0052730060643746655,0.0047108596,0.005151468
2023-08-25,22,0.004099551165500731,0.004465350403431176,0.005020655304725385,0.004483982,0.004988469
2023-08-28,22,0.004248598510835131,0.00441418371532992,0.005091286528212023,0.0046932166,0.0049715945
2023-08-29,22,0.004571808501102663,0.004352532428112013,0.005062150928804249,0.0049682627,0.0054445667
2023-08-30,22,0.004699314743493405,0.004161110587767901,0.0047371292655569615,0.0054369965,0.0052113542
2023-08-31,22,0.005020637399597299,0.004010533368653305,0.00422967020242672,0.0066508474,0.0050750105
2023-09-01,22,0.004915353308970985,0.003989488084645884,0.005023713280472293,0.0061262907,0.0050594183
2023-09-05,22,0.004979775321588229,0.003986432361163751,0.004957689695295013,0.0052248496,0.004997785
2023-09-06,22,0.005272325407588227,0.003665981834977399,0.004759488634222034,0.0057267165,0.0051061898
2023-09-07,22,0.00571820598966819,0.003605412258304423,0.004648637924249163,0.0054768957,0.005073595
2023-09-08,22,0.005803951652259318,0.0036458320955363556,0.0048843631059380015,0.005208756,0.005043326
2023-09-11,22,0.0058683143207315545,0.0036182798272592635,0.0047186682370902264,0.0046411846,0.005200206
2023-09-12,22,0.0060786530570118985,0.0033861643014419796,0.00437366934274587,0.005838647,0.005039602
2023-09-13,22,0.00634148423107016,0.0034081245749758783,0.004441397359927337,0.00527901,0.005030997
2023-09-14,22,0.006640200546390728,0.0033639672538229737,0.0044901910240694775,0.0054513696,0.005142152
2023-09-15,22,0.006504075677842744,0.0034422932335427788,0.0047903863844504825,0.005513189,0.0051493575
2023-09-18,22,0.006750785919653088,0.003347455273972392,0.004604422001755231,0.005057221,0.005295481
2023-09-19,22,0.007207799378084477,0.0030973507008398974,0.004368749281227382,0.00563968,0.0052227527
2023-09-20,22,0.0070135851307156554,0.003411677250055899,0.0050874697321798765,0.0054481607,0.0053332183
2023-09-21,22,0.006628505395810873,0.0037387442411437287,0.005557826532663463,0.005794296,0.0050613796
2023-09-26,22,0.006187802552280424,0.00393626453346218,0.0059488059053140665,0.0049581947,0.0061928807
2023-09-29,22,0.006120237054253138,0.004571808501102663,0.006118371145597198,0.00450705,0.005196148
2023-10-02,22,0.006011502770118739,0.004699314743493405,0.006097290656111206,0.0052301968,0.00570915
2023-10-03,22,0.0060315525872445324,0.005020637399597299,0.006311638846983333,0.0050635063,0.0056566554
2023-10-04,22,0.005877589624945278,0.004915353308970985,0.006170045149593244,0.0047625005,0.0056154775
2023-10-05,22,0.005914431351155902,0.004979775321588229,0.006151048523402072,0.00526234,0.0054179947
2023-10-06,22,0.005912507007170337,0.005272325407588227,0.006387406401485941,0.004267065,0.005455567
2023-10-09,22,0.005624717928740546,0.00571820598966819,0.006847040752120513,0.00489804,0.0056816796
2023-10-10,22,0.0056462038258899595,0.005803951652259318,0.006771143928223589,0.0039506145,0.0057744007
2023-10-11,22,0.00552551009957379,0.0058683143207315545,0.006797151136798876,0.004181684,0.005578288
2023-10-12,22,0.005557203659118257,0.0060786530570118985,0.006946358555710666,0.0044941884,0.0055585145
2023-10-13,22,0.0056893568575358665,0.00634148423107016,0.007116665063016869,0.0066131586,0.0071162926
2023-10-16,22,0.005294152323794675,0.006640200546390728,0.007237890193932984,0.0055790753,0.005888558
2023-10-17,22,0.005223993975237985,0.006504075677842744,0.0070618572562534294,0.0054099145,0.005972821
2023-10-18,22,0.004944247994522844,0.006750785919653088,0.007349834246707511,0.00602296,0.006419052
2023-10-19,22,0.0046870036651418786,0.007207799378084477,0.007789012936428193,0.00766167,0.007935839
2023-10-20,22,0.004742848729729551,0.0070135851307156554,0.007631225298757877,0.007978193,0.0074494123
2023-10-23,22,0.004616524573767602,0.006628505395810873,0.007169506202701001,0.0070554847,0.0067274137
2023-10-24,22,0.004522560709428932,0.006449109834481772,0.0069845420882424835,0.006774212,0.006803294
2023-10-25,22,0.004613121576574574,0.006276856111613598,0.0067083969187729945,0.007063032,0.0069836983
2023-10-26,22,0.005091968057646679,0.006187802552280424,0.006456772043336401,0.0068813134,0.007143591
2023-10-30,22,0.0049133677813925185,0.00629531080184416,0.006691144834966002,0.006288665,0.0072032167
2023-10-31,22,0.004974175923567926,0.006120237054253138,0.006623764808490949,0.0068015843,0.0071614003
2023-11-01,22,0.006515885407751353,0.006011502770118739,0.006536973783761679,0.006352105,0.0070184376
2023-11-02,22,0.006644790738462524,0.0060315525872445324,0.006756583751140767,0.005254449,0.006695836
2023-11-03,22,0.0067871465593877505,0.005877589624945278,0.006343852678352501,0.0050376365,0.006804238
2023-11-06,22,0.006715694347157736,0.005914431351155902,0.006370135933375098,0.0054648905,0.0064817704
2023-11-07,22,0.006639126057705215,0.005912507007170337,0.0065768343699509355,0.0053770957,0.006421982
2023-11-08,22,0.006607701400931931,0.005624717928740546,0.0063977344361181585,0.005734086,0.0062529384
2023-11-09,22,0.00667709294062402,0.0056462038258899595,0.00639957652941687,0.005572498,0.0065134903
2023-11-10,22,0.00758422488416969,0.00552551009957379,0.006251806293955133,0.004631338,0.005506833
2023-11-13,22,0.008314573826989805,0.005557203659118257,0.006404485839119021,0.004674915,0.005723929
2023-11-14,22,0.008221229145146216,0.0056893568575358665,0.006630207269066509,0.004720488,0.0059658107
2023-11-15,22,0.008377353775866325,0.005294152323794675,0.005914263357343966,0.0049417787,0.005430151
2023-11-16,22,0.008425160066826667,0.005223993975237985,0.00597640759661253,0.003978816,0.005831991
2023-11-17,22,0.008474084801405664,0.004944247994522844,0.005712981891137997,0.0048004226,0.0053461865
2023-11-20,22,0.008446881577028472,0.0046870036651418786,0.005619290884419657,0.0045793136,0.0053289193
2023-11-21,22,0.008527913993607271,0.004742848729729551,0.005628909955074602,0.006209709,0.0062862695
2023-11-22,22,0.008601848292271065,0.004616524573767602,0.005378567507905219,0.0052668913,0.0055944924
2023-11-24,22,0.008799972343211638,0.004522560709428932,0.005210790418564696,0.0048209256,0.005763255
2023-11-27,22,0.008885143120108591,0.004613121576574574,0.005564212122895952,0.0051474306,0.0060077296
2023-11-28,22,0.008379662683751213,0.005091968057646679,0.006355465950552167,0.006457507,0.006779204
2023-11-29,22,0.008399659569182663,0.005103413957732867,0.006131141892381874,0.005442537,0.0063561928
2023-11-30,22,0.008911142814249184,0.0049133677813925185,0.006099961790798719,0.0050643613,0.0059775882
2023-12-01,22,0.00882877208096014,0.004974175923567926,0.006338765818291133,0.0076081315,0.00768434
2023-12-04,22,0.007252786706669869,0.006515885407751353,0.00832137038917799,0.005525182,0.006323323
2023-12-05,22,0.007394161154456434,0.006644790738462524,0.008081755659460323,0.005176376,0.006269628
2023-12-06,22,0.007379919394275643,0.0067871465593877505,0.008050215429627732,0.005459223,0.006232955
2023-12-07,22,0.007427369212558554,0.006715694347157736,0.0079651337084648,0.006121955,0.006470409
2023-12-08,22,0.007206353316158117,0.006639126057705215,0.00801210666268604,0.004942653,0.005949516
2023-12-11,22,0.007556534665445739,0.006607701400931931,0.006975374541172679,0.004595183,0.0056215324
2023-12-12,22,0.007468293524786842,0.00667709294062402,0.007002208582527414,0.0046442,0.005528389
2023-12-13,22,0.006465802794914937,0.00758422488416969,0.008268765493201482,0.005844145,0.0062155183
2023-12-14,22,0.00572642838703168,0.008314573826989805,0.009144296909397455,0.0075676874,0.0063410136
2023-12-15,22,0.005639030849653328,0.008221229145146216,0.008966782695638205,0.007039033,0.0061506997
2023-12-18,22,0.005573480476200787,0.008377353775866325,0.008926477311939372,0.007537785,0.0061583095
2023-12-19,22,0.005623854813730127,0.008425160066826667,0.00889602817336908,0.0071755447,0.0062961127
2023-12-20,22,0.005812811749576058,0.008474084801405664,0.008302303378085261,0.008276667,0.006149064
2023-12-21,22,0.005806379782555753,0.008446881577028472,0.0076088623353579195,0.008526548,0.0059211436
2023-12-22,22,0.00545692190946524,0.008527913993607271,0.00788637489925489,0.00845262,0.006156847
2023-12-26,22,0.005582428651341616,0.008601848292271065,0.007664141663112434,0.008512882,0.00608751
2023-12-27,22,0.005755044379142051,0.008799972343211638,0.007906090646903563,0.007133474,0.006513848
2023-12-28,22,0.005804558196008625,0.008885143120108591,0.008161795921137006,0.008154305,0.0062388335
2023-12-29,22,0.006231993811381375,0.008379662683751213,0.007784965704545235,0.0074330056,0.006186122
2024-01-02,22,0.00632798460050165,0.008399659569182663,0.007668352667129053,0.0061790384,0.00598399
2024-01-03,22,0.006020497312798019,0.008911142814249184,0.008619323832951418,0.007289284,0.006074041
2024-01-04,22,0.005948418767132966,0.00882877208096014,0.008328081974968333,0.007379154,0.005952623
2024-01-05,22,0.0059633463304805045,0.007252786706669869,0.007343257808145856,0.005118157,0.0058232876
2024-01-08,22,0.005684168509193422,0.007394161154456434,0.00798174777236945,0.004977586,0.0057838773
2024-01-09,22,0.005616624989568244,0.007379919394275643,0.0077795973376205045,0.0048336918,0.005897699
2024-01-10,22,0.005615850748659625,0.007427369212558554,0.0074259802310288996,0.005137953,0.0059062033
2024-01-11,22,0.005847256550509209,0.007206353316158117,0.007059030254874886,0.005221605,0.0058931108
2024-01-12,22,0.005463490066903054,0.007556534665445739,0.007867179310901896,0.007159096,0.006407441
2024-01-16,22,0.005428017398090902,0.007468293524786842,0.007418331769522834,0.007872633,0.005824765
2024-01-17,22,0.00569350109954707,0.006465802794914937,0.006349668573574052,0.0048757256,0.0054782964
2024-01-18,22,0.005562244039075984,0.00572642838703168,0.006401560309762443,0.0044750473,0.005390278
2024-01-19,22,0.005273729724308047,0.005639030849653328,0.006552530493632527,0.0051664487,0.00528108
2024-01-22,22,0.005407353854135277,0.005573480476200787,0.006032044079722765,0.0035042244,0.005243904
2024-01-23,22,0.005559652369666602,0.005623854813730127,0.006154564458367168,0.0039266394,0.005253274
2024-01-24,22,0.005419877640719119,0.005812811749576058,0.006575708286657032,0.0045192195,0.0051834905
2024-01-25,22,0.005410675041031172,0.005806379782555753,0.006421063112866173,0.004152744,0.0052590915
2024-01-26,22,0.005509180494716855,0.00545692190946524,0.006019407426058671,0.004002037,0.005081042
2024-01-30,22,0.005206007416579857,0.005755044379142051,0.006614200943672348,0.004922214,0.005448587
2024-01-31,22,0.005160361071206848,0.005804558196008625,0.0066572896500998275,0.0053464817,0.0057826866
2024-02-01,22,0.004807447071602051,0.006231993811381375,0.00730563706197572,0.0060272035,0.0058884257
2024-02-02,22,0.004623685204267922,0.00632798460050165,0.007482151296810669,0.003893157,0.0055187494
2024-02-05,22,0.004413546394539097,0.006020497312798019,0.007322478188291666,0.0040853573,0.0054048607
2024-02-06,22,0.004775547398535635,0.005948418767132966,0.006947587227927608,0.0044573694,0.005293156
2024-02-07,22,0.004764342241653971,0.0059633463304805045,0.006808319366804725,0.004143505,0.005169724
2024-02-08,22,0.004505656962040894,0.005684168509193422,0.006579410838483726,0.0043997164,0.005221378
2024-02-09,22,0.004408413469618961,0.005616624989568244,0.006264660932883331,0.004811028,0.00517868
2024-02-12,22,0.004447205930455025,0.005615850748659625,0.0061290290517934005,0.0051728953,0.004993807
2024-02-13,22,0.004177267113393362,0.005847256550509209,0.006461815109801219,0.004706892,0.005058559
2024-02-14,22,0.004254669097488041,0.005463490066903054,0.006205253899366458,0.004837882,0.0052040555
2024-02-15,22,0.0041480534636631605,0.005428017398090902,0.006123771256226723,0.005065726,0.005026048
2024-02-16,22,0.004492680706800356,0.00569350109954707,0.006415955262824893,0.005420724,0.005018729
2024-02-20,22,0.005406214514925838,0.005562244039075984,0.006186054451087538,0.005215518,0.0051438487
2024-02-21,22,0.005508674901298542,0.005273729724308047,0.005499522002595785,0.00627069,0.0050258846
2024-02-22,22,0.005499957884111789,0.005407353854135277,0.0059713438532680635,0.005185493,0.0050921454
2024-02-23,22,0.005273907040731188,0.005559652369666602,0.006304558935511377,0.006293729,0.005215391
2024-02-26,22,0.005420363227235907,0.005419877640719119,0.006049638393774455,0.005297037,0.0051738797
2024-02-27,22,0.00586463141227641,0.005410675041031172,0.006064743264036622,0.004737513,0.0050815507
2024-02-28,22,0.006344447691849026,0.005509180494716855,0.006327813503973898,0.004407793,0.005077815
2024-02-29,22,0.00673183974016008,0.005438332286304103,0.0062122534033925,0.004392954,0.005040215
2024-03-01,22,0.007141628269155326,0.005206007416579857,0.005880031916173851,0.0060258415,0.0063281823
2024-03-04,22,0.007160390568578519,0.005160361071206848,0.006037386446765222,0.006947945,0.006291704
2024-03-05,22,0.007698935488722704,0.004807447071602051,0.005816438666594957,0.006394128,0.006434893
2024-03-06,22,0.007834876532045214,0.004623685204267922,0.005656527952010907,0.006820718,0.006396863
2024-03-07,22,0.008110363930240966,0.004413546394539097,0.005566934004664457,0.006647363,0.0063408962
2024-03-08,22,0.00799626157477978,0.004775547398535635,0.0061342609358770285,0.0068046725,0.0064459494
2024-03-11,22,0.008537244872278874,0.004764342241653971,0.0058173103179936575,0.0065364307,0.0064715575
2024-03-12,22,0.009868523507083374,0.004505656962040894,0.005433390817823357,0.004716146,0.0064086686
2024-03-13,22,0.010666582649023969,0.004408413469618961,0.00526213556117735,0.0070275865,0.0065044123
2024-03-14,22,0.010865187972005351,0.004447205930455025,0.005525827342568886,0.0048205536,0.0065280893
2024-03-15,22,0.011121473658071708,0.004177267113393362,0.004609928572143982,0.005541942,0.006231975
2024-03-18,22,0.011014512091461717,0.004254669097488041,0.00502249045897245,0.0055451063,0.006280915
2024-03-19,22,0.011087872291380998,0.0041480534636631605,0.004943585265402271,0.005532838,0.0062482683
2024-03-20,22,0.010920191013226692,0.004492680706800356,0.005883413462062107,0.005357067,0.006497744
2024-03-21,22,0.010537441346417228,0.005406214514925838,0.007046778375191309,0.0054584895,0.006481316
2024-03-22,22,0.010649555463145593,0.005508674901298542,0.006866251960065881,0.005441758,0.006226993
2024-03-25,22,0.010775005651922827,0.005499957884111789,0.006953604091470851,0.0056038736,0.0060782363
2024-03-26,22,0.010977836612142,0.005273907040731188,0.006802301647915025,0.0050794357,0.0062435004
2024-03-27,22,0.010867839640677723,0.005420363227235907,0.006826871467375494,0.0053623137,0.006619701
2024-03-28,22,0.01070404144680575,0.00586463141227641,0.006876033240229841,0.00532236,0.0071517294
2024-04-01,22,0.010684227881483627,0.006344447691849026,0.007555738555750821,0.007951899,0.007007773
2024-04-02,22,0.01065805449489025,0.00673183974016008,0.007938169958389042,0.008200312,0.007062921
2024-04-03,22,0.010505224788343398,0.007141628269155326,0.008396194533306865,0.0059885923,0.007789946
2024-04-04,22,0.010682161187456447,0.007160390568578519,0.0083067826067096,0.0057328176,0.0073868153
2024-04-05,22,0.009998331897865495,0.007698935488722704,0.00880531620590838,0.006428989,0.0075480826
2024-04-08,22,0.010153135427177901,0.007834876532045214,0.008532370616717517,0.007172966,0.00794238
2024-04-09,22,0.009958247497530803,0.008110363930240966,0.00869803669522575,0.0071124057,0.007852103
2024-04-10,22,0.010044481457523556,0.00799626157477978,0.008470499307763757,0.0068825665,0.0078587
2024-04-11,22,0.009513395169279154,0.008537244872278874,0.009042000931798008,0.00827696,0.007911473
2024-04-12,22,0.008214421720524273,0.009868523507083374,0.010199764433496659,0.0073122424,0.008966088
2024-04-15,22,0.0076227292336080036,0.010666582649023969,0.010757697221179459,0.01159612,0.010678467
2024-04-16,22,0.00723929390621447,0.010865187972005351,0.010719197343010993,0.008735874,0.0099379225
2024-04-17,22,0.007161379001517848,0.011121473658071708,0.01069719683946177,0.008362674,0.008912503
2024-04-18,22,0.007312319022068896,0.011014512091461717,0.010219015265294252,0.0067106606,0.009010322
2024-04-19,22,0.007228591768829978,0.011087872291380998,0.009513376082456945,0.0075748325,0.008847886
2024-04-22,22,0.007246253112385555,0.010920191013226692,0.009252458779451482,0.008073401,0.007603663
2024-04-23,22,0.00689012500452839,0.010537441346417228,0.009365511010173466,0.007542772,0.008420442
2024-04-24,22,0.006843882159630668,0.010649555463145593,0.009174227231396432,0.0073237927,0.007888645
2024-04-25,22,0.006681680191807751,0.010775005651922827,0.009510312636192852,0.0074984585,0.007585087
2024-04-26,22,0.006607654276861058,0.010977836612142,0.009757235696497038,0.007876827,0.0075415564
2024-04-29,22,0.006837574770489066,0.010867839640677723,0.00943052715413182,0.0078050457,0.007518458
2024-04-30,22,0.006775150372977066,0.01070404144680575,0.009298957381441998,0.007393792,0.006637253
2024-05-01,22,0.006445087825928841,0.010684227881483627,0.009737118404159138,0.007825526,0.006957765
2024-05-02,22,0.006268748232447246,0.01065805449489025,0.009817607271319799,0.00818682,0.007132825
2024-05-03,22,0.005841689832621849,0.010505224788343398,0.009756540222884837,0.0067584314,0.0065464242
2024-05-06,22,0.005503920707482505,0.010682161187456447,0.010047244017184008,0.009110762,0.0065199225
2024-05-07,22,0.006547041984157755,0.009998331897865495,0.009073842118137417,0.005546714,0.006283567
2024-05-09,22,0.006508109756782495,0.009958247497530803,0.00888515869085259,0.0069787647,0.006271016
2024-05-13,22,0.0069507491914409065,0.009513395169279154,0.007784062347643784,0.007078589,0.0062158206
2024-05-14,22,0.006928073075687143,0.008214421720524273,0.007559817463262207,0.007407495,0.006016797
2024-05-15,22,0.0068645307693639655,0.0076227292336080036,0.007466520138079875,0.0060229828,0.006678874
2024-05-16,22,0.00676135512512793,0.00723929390621447,0.006905396980579227,0.0071892994,0.006090944
2024-05-17,22,0.006635227375728308,0.007161379001517848,0.006976864930551206,0.006048125,0.0067199045
2024-05-20,22,0.006817305188989614,0.007312319022068896,0.007179105512423476,0.007229396,0.007390979
2024-05-21,22,0.006901819673734453,0.007228591768829978,0.006889029788116935,0.0061156615,0.006830423
2024-05-22,22,0.0066911055893300484,0.007246253112385555,0.0072796297990715495,0.0064409836,0.0063794274
2024-05-23,22,0.006612440778584632,0.00689012500452839,0.007282700475533521,0.006693895,0.005698151
2024-05-24,22,0.006708912488513521,0.006843882159630668,0.0071542208745540665,0.005694688,0.005658676
2024-05-28,22,0.00676927243262037,0.006681680191807751,0.007044851679861765,0.0061584003,0.0059018033
2024-05-30,22,0.006316111312529302,0.006837574770489066,0.007345611278034315,0.0049498347,0.005787484
2024-05-31,22,0.006134815109656658,0.006775150372977066,0.007354280641940149,0.00517828,0.005729355
2024-06-03,22,0.005843457851321111,0.006445087825928841,0.007355770853495234,0.005473426,0.006101487
2024-06-04,22,0.00570891305326397,0.006268748232447246,0.007398500516576587,0.00611047,0.0058360025
2024-06-05,22,0.005796510718542998,0.005841689832621849,0.006712209156110759,0.005998675,0.0060410467
2024-06-06,22,0.005775621458405119,0.005503920707482505,0.006520360894398403,0.006181749,0.006052568
2024-06-07,22,0.005018157004949466,0.006547041984157755,0.007703761887629843,0.005167809,0.00593367
2024-06-10,22,0.005098159598481725,0.006560022744585253,0.0074978793448199944,0.0052895574,0.0057212957
2024-06-11,22,0.0051979493438042415,0.006508109756782495,0.007340454191383521,0.005957842,0.0057445155
2024-06-12,22,0.004980538565432551,0.006514323247305934,0.007524185435323318,0.0053091566,0.005868396
2024-06-13,22,0.004587409073576803,0.0069507491914409065,0.008090182929562224,0.0049804663,0.0057489877
2024-06-14,22,0.00462148593232729,0.006928073075687143,0.007399618650544938,0.004935107,0.0057536056
2024-06-17,22,0.004996492334793814,0.0068645307693639655,0.007365989262587044,0.004148113,0.005584484
2024-06-18,22,0.005109764020371653,0.00676135512512793,0.006718799969789845,0.004076672,0.0055383123
2024-06-20,22,0.005231593720288481,0.006635227375728308,0.006736242511503577,0.004873083,0.0057043904
2024-06-21,22,0.005111042996613945,0.006817305188989614,0.006867871103463046,0.0052648825,0.0055521624
2024-06-24,22,0.0058456059462676955,0.006901819673734453,0.006789512367190688,0.004623966,0.005554601
2024-06-25,22,0.005976995409317548,0.0066911055893300484,0.0067529116601745985,0.0044081835,0.005418108
2024-06-26,22,0.005980163529481775,0.006612440778584632,0.00698076551211675,0.0046931873,0.0053354492
2024-06-27,22,0.006062870347271598,0.006708912488513521,0.007199644095552354,0.0044540055,0.0054191807
2024-06-28,22,0.00638626359608693,0.00676927243262037,0.007080517743742985,0.0042548557,0.0053814407
2024-07-01,22,0.006755182463326177,0.006585170439291457,0.0068352881969651865,0.00438452,0.005441802
2024-07-02,22,0.007482507276370307,0.006316111312529302,0.00661324100691834,0.004577297,0.005380473
2024-07-03,22,0.008382886374865653,0.006134815109656658,0.006510666158336727,0.0048474786,0.005683446
2024-07-05,22,0.00881462706524121,0.005843457851321111,0.006062973007316275,0.0050438643,0.0060051857
2024-07-08,22,0.008790817615638135,0.00570891305326397,0.006090213075179987,0.0049902364,0.0054296358
2024-07-09,22,0.00878448175586409,0.005796510718542998,0.006113476393507872,0.0048677926,0.005646495
2024-07-10,22,0.008731927409021883,0.005775621458405119,0.006169981494602865,0.0051553277,0.0057679093
2024-07-11,22,0.008859852644193407,0.005018157004949466,0.005756673454058403,0.006886037,0.006662087
2024-07-12,22,0.00862219720257046,0.005098159598481725,0.006159048814930396,0.005197719,0.005945182
2024-07-15,22,0.008488154074648993,0.0051979493438042415,0.006275421347010816,0.0060525737,0.0066215834
2024-07-16,22,0.008962688784960919,0.004980538565432551,0.005927967765392411,0.008895702,0.007096311
2024-07-17,22,0.009230187576655505,0.004587409073576803,0.005800240414247766,0.006323884,0.0067767804
2024-07-18,22,0.009398950909611478,0.00462148593232729,0.005835046661391416,0.005520244,0.006721065
2024-07-19,22,0.009135579846533529,0.004996492334793814,0.00636368474980485,0.0053650327,0.006030507
2024-07-22,22,0.009154974677253971,0.005109764020371653,0.006074662407650649,0.0056697014,0.006053604
2024-07-23,22,0.009249107678684303,0.005231593720288481,0.006310108799008209,0.0055319117,0.0062809903
2024-07-24,22,0.009061746364536057,0.005111042996613945,0.006375059775288595,0.0057243877,0.006599094
2024-07-25,22,0.008278704925306335,0.0058456059462676955,0.007392040729446166,0.005838315,0.0059156176
2024-07-26,22,0.0080946887325492,0.005976995409317548,0.007217937272152861,0.0045874463,0.005803236
2024-07-30,22,0.0077893947152040365,0.006062870347271598,0.007537176295849611,0.006236104,0.006273438
2024-07-31,22,0.007465549197507978,0.00638626359608693,0.007959606488920964,0.00834779,0.0077880337
2024-08-01,22,0.007353446441324828,0.006755182463326177,0.007866904687890235,0.0079142125,0.007609884
2024-08-02,22,0.006639728984171903,0.007482507276370307,0.008663965925781227,0.0073357215,0.0075525255
2024-08-05,22,0.005642720986478837,0.008382886374865653,0.009445613088978209,0.0077750394,0.009381578
2024-08-06,22,0.005514875051641462,0.00881462706524121,0.009606014185536199,0.0067871837,0.0074238675
2024-08-07,22,0.005398570344912198,0.008790817615638135,0.009288384747913837,0.00670187,0.0071609425
2024-08-08,22,0.005504851593820253,0.00878448175586409,0.0090426446522358,0.0075307507,0.0068736956
2024-08-09,22,0.005760392011872903,0.008731927409021883,0.008585550696644921,0.006726207,0.0070536043
2024-08-12,22,0.005897859753091557,0.008859852644193407,0.008177246360054758,0.0068644914,0.008277484
2024-08-13,22,0.006098608435663382,0.00862219720257046,0.007591952357641623,0.006564536,0.007035368
2024-08-14,22,0.0061705946735420986,0.008488154074648993,0.007555455861112251,0.0067176176,0.0065885354
2024-08-15,22,0.005616608222476819,0.008962688784960919,0.008334594272045475,0.0067583057,0.006713116
2024-08-16,22,0.0055544046519440705,0.009230187576655505,0.008715478307976685,0.0071090045,0.008373914
2024-08-19,22,0.005224606065783959,0.009398950909611478,0.0087985916723266,0.0073884423,0.0079378905
2024-08-20,22,0.004962369335327232,0.009135579846533529,0.008837027995937672,0.007190623,0.0077925134
2024-08-21,22,0.005062572658224252,0.009154974677253971,0.008634426210908075,0.0068965293,0.007827658
2024-08-22,22,0.005239116937158443,0.009249107678684303,0.008615141178280477,0.0074322545,0.007991851
2024-08-23,22,0.005311934718619906,0.009061746364536057,0.00811805607235343,0.0069862925,0.00793864
2024-08-26,22,0.005214695467667012,0.008278704925306335,0.0075829284746196796,0.0068824356,0.0075128884
2024-08-27,22,0.005195583113376464,0.0080946887325492,0.007359532233502508,0.0068971934,0.0078000114
2024-08-29,22,0.005658459230982092,0.0077893947152040365,0.006753235218786615,0.0077801985,0.006739811
2024-08-30,22,0.005751497948894239,0.007465549197507978,0.00702441628181753,0.0056834626,0.006524267
2024-09-03,22,0.0054866547588839675,0.007353446441324828,0.00731121837227311,0.0062739737,0.0065381518
2024-09-04,22,0.0056753224789182,0.006639728984171903,0.006778532227455872,0.006346979,0.0069751944
2024-09-05,22,0.00580037603583528,0.005642720986478837,0.006137501105857151,0.0061624516,0.006807075
2024-09-06,22,0.0056410330980273555,0.005514875051641462,0.006497350453986299,0.006698471,0.0066087325
2024-09-09,22,0.0057505661649569035,0.005398570344912198,0.00616376347536353,0.007088668,0.00621521
2024-09-11,22,0.005679154758923801,0.005760392011872903,0.0065770747308986,0.005786402,0.0058707427
2024-09-12,22,0.005248015829729593,0.005897859753091557,0.0069911274160440835,0.006365674,0.006907172
2024-09-13,22,0.005124704892990519,0.006098608435663382,0.0070357248134935305,0.005846219,0.0068790726
2024-09-17,22,0.005153362880196539,0.005616608222476819,0.006482845462061582,0.0067427135,0.0067046187
2024-09-18,22,0.005148920955011134,0.0055544046519440705,0.006717850174036253,0.0059677516,0.0063179373
2024-09-19,22,0.005402246862324727,0.005224606065783959,0.00598712822237338,0.0059694336,0.0063162437
2024-09-20,22,0.005473644327617332,0.004962369335327232,0.005653894362592698,0.007871619,0.007001531
2024-09-24,22,0.005033646777428635,0.005239116937158443,0.006387408539492137,0.0099060815,0.0083111655
2024-09-25,22,0.005010215045518734,0.005311934718619906,0.0061215168168653345,0.0072167837,0.007754113
2024-09-26,22,0.005112638564898753,0.005214695467667012,0.005963998025319834,0.010336467,0.00809432
2024-09-27,22,0.0051540844324974395,0.005195583113376464,0.006115638810212326,0.008829998,0.0077899233
2024-09-30,22,0.004721343141097194,0.0054830696022556925,0.006594967899115011,0.0079334555,0.007891195
2024-10-01,22,0.004779010515235893,0.005658459230982092,0.006407196190143867,0.008240737,0.007878284
2024-10-02,22,0.0046955903958254734,0.005751497948894239,0.006646371838960656,0.008525685,0.0076953033
2024-10-03,22,0.004576514372072498,0.0054866547588839675,0.0064266703630803486,0.009217278,0.00777982
2024-10-04,22,0.004342528619774114,0.0056753224789182,0.006729997115616254,0.0083214445,0.007698941
2024-10-07,22,0.004580149084347932,0.00580037603583528,0.006554259852142413,0.008526719,0.007555796
2024-10-08,22,0.0044354742617110894,0.0056410330980273555,0.006500442193543107,0.007870853,0.0073537724
2024-10-09,22,0.004439506605958623,0.0057505661649569035,0.00642533052144971,0.007497897,0.007123321
2024-10-10,22,0.0044579953309800335,0.005740295458333459,0.0065376692682905645,0.007054557,0.0065765544
2024-10-11,22,0.004322487417288294,0.005679154758923801,0.006523256689574189,0.006530331,0.0066238916
2024-10-14,22,0.004506180293762372,0.005248015829729593,0.00591823128256106,0.007847005,0.0068482067
2024-10-17,22,0.005276284363823602,0.005153362880196539,0.005577333914968742,0.008549407,0.007380938
2024-10-18,22,0.005077567805396503,0.005148920955011134,0.0059051412095084315,0.008206899,0.007163931
2024-10-21,22,0.00496190870861298,0.005402246862324727,0.006402920498297168,0.00896481,0.007483656
2024-10-22,22,0.004993350108743753,0.005473644327617332,0.006335299363226153,0.008518159,0.0075161383
2024-10-23,22,0.005261027794493425,0.005253536681792133,0.005873646305348331,0.00957717,0.007098731
2024-10-24,22,0.005367229979896103,0.005033646777428635,0.006082394736224543,0.008577358,0.007080496
2024-10-25,22,0.005339927582066321,0.005010215045518734,0.005836595246523472,0.00944351,0.00734672
2024-10-28,22,0.005645600853433651,0.005112638564898753,0.005761728203985648,0.009769361,0.0075423685
2024-10-30,22,0.006143973190849461,0.004721343141097194,0.005534199050579939,0.013237914,0.007982592
2024-10-31,22,0.006116484475419436,0.004779010515235893,0.005689078802615297,0.008679653,0.0072045326
2024-11-01,22,0.006046665243509314,0.0046955903958254734,0.005765268047459385,0.009592426,0.0072854827
2024-11-04,22,0.006187696283130112,0.004576514372072498,0.005318241455926423,0.009187412,0.0075522694
2024-11-05,22,0.006320447239902281,0.004342528619774114,0.005245758238634225,0.008308542,0.00769951
2024-11-06,22,0.006319572120109778,0.004580149084347932,0.005824365505959575,0.008697464,0.007091525
2024-11-07,22,0.006346816288068502,0.0044354742617110894,0.005472054446978911,0.0072119776,0.0067483904
2024-11-08,22,0.0064575314856234346,0.004439506605958623,0.005479459110697359,0.0063823876,0.0061968034
2024-11-11,22,0.006593654806470581,0.0044579953309800335,0.00571476095130101,0.0056145918,0.0058504106
2024-11-12,22,0.006730882137256302,0.004322487417288294,0.005653835568484266,0.0063429284,0.0058943112
2024-11-13,22,0.006658238367273809,0.004506180293762372,0.005594314626639055,0.0060384343,0.0059724115
2024-11-14,22,0.006395937213584865,0.004845816554000563,0.0062159647528076695,0.0063627996,0.006618809
2024-11-18,22,0.007531953847477636,0.005276284363823602,0.006696453555767175,0.0058096726,0.006022693
2024-11-19,22,0.007597995849822849,0.005077567805396503,0.006487427500039616,0.006918772,0.006556221
2024-11-20,22,0.007649322707231265,0.00496190870861298,0.006395749707841985,0.0062581827,0.006689086
2024-11-21,22,0.007524437152430035,0.004993350108743753,0.0062037473684128696,0.007845965,0.00651291
2024-11-22,22,0.0073861066462983325,0.005261027794493425,0.006400414587559279,0.0062502436,0.0065042474
2024-11-25,22,0.007406291899993568,0.005367229979896103,0.006382351795831041,0.0063212523,0.0065712756
2024-11-26,22,0.007582560325170433,0.005339927582066321,0.0062175565341216436,0.0064421934,0.005837781
2024-11-27,22,0.0072946509654872125,0.005645600853433651,0.006727977981776878,0.0062982948,0.0056400322
2024-11-29,22,0.00701529513680099,0.005882528863435531,0.007049207213194427,0.005712981,0.00584606
2024-12-02,22,0.00678135478339935,0.006143973190849461,0.007203310937219844,0.0053538773,0.0057138475
2024-12-03,22,0.0069647062300884814,0.006116484475419436,0.007065616039590146,0.005564351,0.0058258483
2024-12-04,22,0.007012629048611499,0.006046665243509314,0.007048137575895066,0.005639483,0.005835658
2024-12-05,22,0.007130422496869739,0.006187696283130112,0.006898762713674104,0.005261329,0.005702106
2024-12-06,22,0.007397984998855442,0.006320447239902281,0.006819578330504597,0.004548179,0.0055144904
2024-12-09,22,0.007021536364278775,0.006319572120109778,0.006956480670385118,0.0044754464,0.005506647
2024-12-10,22,0.007099426180953305,0.006346816288068502,0.006745385603226426,0.006023385,0.0062342985
2024-12-11,22,0.0070006891202175105,0.0064575314856234346,0.0070051634404897705,0.0067127314,0.006780737
2024-12-12,22,0.006948670058650464,0.006593654806470581,0.007288946668115999,0.0057813083,0.0063890163
2024-12-13,22,0.006963036485434664,0.006730882137256302,0.007393998741589769,0.0059435754,0.006041524
2024-12-16,22,0.007243415122666293,0.006658238367273809,0.007009970930323809,0.0047278744,0.005990977
2024-12-17,22,0.0070726058676621175,0.006395937213584865,0.007053014028957649,0.0048875064,0.0057441816
2024-12-18,22,0.006495386060992919,0.0069801225709416135,0.007933053445108966,0.005811989,0.006211658
2024-12-19,22,0.005828424297486175,0.007531953847477636,0.008629366283473832,0.006730369,0.006138948
2024-12-20,22,0.005828118471456839,0.007597995849822849,0.008427032343464529,0.0056323726,0.006008024
2024-12-23,22,0.005588276670723246,0.007649322707231265,0.008490850999309471,0.0059674466,0.0059956633
2024-12-24,22,0.005743174296460886,0.007524437152430035,0.008206357107361244,0.0062580635,0.005892712
2024-12-26,22,0.005967254615552234,0.0073861066462983325,0.00775838720665387,0.005568145,0.006109392
2024-12-27,22,0.005953495637753402,0.007406291899993568,0.007338963098234043,0.0047086542,0.005694036
2024-12-30,22,0.006447439294661412,0.007582560325170433,0.007457982102137664,0.0063030515,0.005865324
2024-12-31,22,0.006638143593557358,0.0072946509654872125,0.007140482213832584,0.0050762324,0.005709874
2025-01-02,22,0.006726479675922635,0.00701529513680099,0.007131025443448772,0.0055395877,0.005885551
2025-01-03,22,0.007039744043410073,0.00678135478339935,0.006925476807106591,0.0051501314,0.0055158054
2025-01-06,22,0.007028912904076869,0.0069647062300884814,0.007240171229551029,0.004881972,0.0057057263
2025-01-07,22,0.006938704371435204,0.007012629048611499,0.007129907763371164,0.004727886,0.0058305846
2025-01-08,22,0.007283976554430616,0.007130422496869739,0.0073199407179836175,0.0050274236,0.005631349
2025-01-10,22,0.007384001751826109,0.007397984998855442,0.007798135178791168,0.006874833,0.0061353534
2025-01-13,22,0.007621316579145594,0.007021536364278775,0.00722861621184887,0.0052358885,0.005613708
2025-01-14,22,0.007930166778301266,0.007099426180953305,0.00730267809614057,0.004497567,0.005626338
2025-01-15,22,0.008097980450967048,0.0070006891202175105,0.007221920787112459,0.005295837,0.006202213
2025-01-16,22,0.008013922053935413,0.006948670058650464,0.007305677533148512,0.0054276865,0.0061514946
2025-01-17,22,0.008260716868520226,0.006963036485434664,0.007151651792602417,0.005206863,0.006133005
2025-01-21,22,0.008161063211381901,0.007243415122666293,0.007645101710827116,0.0069210627,0.0067010326
2025-01-22,22,0.008328810439231851,0.0070726058676621175,0.0072336680939039015,0.0063244295,0.006643934
2025-01-23,22,0.008524610434073519,0.006495386060992919,0.007158499214074813,0.005527268,0.006421164
2025-01-24,22,0.008297319525601109,0.005828424297486175,0.006829049908590412,0.0061482014,0.0064315433
2025-01-27,22,0.008467128347565765,0.005828118471456839,0.006750744839983199,0.006657092,0.0068067503
2025-01-28,22,0.008665036226768404,0.005588276670723246,0.005854237649939903,0.0070903306,0.0064508375
2025-01-30,22,0.008969820826620841,0.005967254615552234,0.006716924719599655,0.0064035705,0.00696104
2025-01-31,22,0.009005320515686052,0.005953495637753402,0.006695735275865299,0.0058465423,0.006581888
2025-02-03,22,0.00840216608254667,0.006447439294661412,0.007564077184637599,0.007072276,0.006978299
2025-02-04,22,0.008508218024117652,0.006638143593557358,0.007798307279835248,0.0073263706,0.0072849574
2025-02-05,22,0.008561704514491123,0.006726479675922635,0.007718980109970248,0.0067976876,0.007597412
2025-02-06,22,0.00840645349258907,0.007039744043410073,0.007984300197669584,0.007913499,0.00721637
2025-02-07,22,0.008110236164050157,0.007028912904076869,0.008011714129495343,0.0068589156,0.0072570336
2025-02-10,22,0.008195046242774492,0.006938704371435204,0.007431209760202748,0.0073429625,0.007894527
2025-02-11,22,0.007830210944455738,0.007283976554430616,0.007990978459168246,0.007730994,0.007981188
2025-02-12,22,0.0073294880047026865,0.007384001751826109,0.008244635022491488,0.007481465,0.007733316
2025-02-13,22,0.007280053941660152,0.007621316579145594,0.008159067329933725,0.0069933957,0.0074441293
2025-02-14,22,0.006998859583991162,0.007930166778301266,0.008483386143157155,0.008320317,0.0075116996
2025-02-18,22,0.006826015420560382,0.008097980450967048,0.008647440769855406,0.008788099,0.007894203
2025-02-19,22,0.006950228002055451,0.008013922053935413,0.00832577161819273,0.00853015,0.0073767053
2025-02-20,22,0.006569668066039623,0.008260716868520226,0.008553301762872794,0.0077654724,0.007345806
2025-02-21,22,0.006450704098163219,0.008161063211381901,0.008440560517837134,0.008255749,0.007866659
2025-02-24,22,0.00635523823665244,0.008328810439231851,0.008293341358893803,0.008602376,0.0073964754
2025-02-25,22,0.006086952625942942,0.008524610434073519,0.00856704299003731,0.008484668,0.007422854
2025-02-26,22,0.006223847111912352,0.008297319525601109,0.008170190209564896,0.008117326,0.0072199223
2025-02-27,22,0.006142146705434437,0.008467128347565765,0.008325708110960126,0.009023867,0.006985417
2025-02-28,22,0.006412762601803931,0.008665036226768404,0.008180356048957891,0.009493931,0.0066194367
2025-03-03,22,0.006333135853324547,0.008901046170665979,0.008785751966138391,0.008614979,0.006515506
2025-03-04,22,0.007003022230245967,0.008969820826620841,0.008719685360952157,0.008214922,0.006832267
2025-03-05,22,0.007315915010425792,0.009005320515686052,0.008894268915352143,0.008923414,0.006693751
2025-03-06,22,0.008016666243357026,0.00840216608254667,0.008320832437479891,0.008825709,0.0065590916
2025-03-07,22,0.008365390464806891,0.008508218024117652,0.008688168530705474,0.008760656,0.006624622
2025-03-10,22,0.008993414768471162,0.008561704514491123,0.008461703062255051,0.008347065,0.007067937
2025-03-11,22,0.009296892239165706,0.00840645349258907,0.008220439418916002,0.008090619,0.0063548773
2025-03-12,22,0.009710099547380863,0.008110236164050157,0.0077278271721365815,0.008968157,0.0064748204
2025-03-13,22,0.009791838755168963,0.008195046242774492,0.007939583137488083,0.008020598,0.0070977933
2025-03-14,22,0.009701904191667854,0.007830210944455738,0.007579358491465671,0.008184151,0.00666163
2025-03-17,22,0.010071519219064344,0.0073294880047026865,0.006980393593997438,0.008280904,0.00748514
2025-03-18,22,0.010377236493082339,0.007280053941660152,0.007017195844895425,0.00912199,0.007224007
2025-03-19,22,0.012064033132592404,0.006998859583991162,0.00702085801900584,0.0077436673,0.0067806593
2025-03-20,22,0.013357457183762609,0.006826015420560382,0.006871972841350893,0.007043253,0.006412193
2025-03-21,22,0.013568602627779149,0.006950228002055451,0.007153881081679327,0.007510722,0.0063727563
2025-03-24,22,0.013989931432932543,0.006569668066039623,0.00694993287062944,0.0058892877,0.0061130137
2025-03-25,22,0.013812030198974413,0.006450704098163219,0.006874998902568924,0.006806409,0.006674643
2025-03-26,22,0.014046086655312656,0.00635523823665244,0.00671428927373008,0.0047981846,0.006053575
2025-03-27,22,0.014428199288500844,0.006086952625942942,0.006620204768345214,0.007730441,0.0067857117
2025-03-28,22,0.014774685575733202,0.006223847111912352,0.006617365246264812,0.007329208,0.0073349904
2025-03-31,22,0.014945963513610971,0.006142146705434437,0.006764955174841618,0.007715203,0.0078242095
2025-04-01,22,0.014832926691495078,0.006412762601803931,0.007164061842364041,0.00769777,0.007541226
2025-04-02,22,0.015208723505014494,0.006333135853324547,0.00742170552343972,0.0074439337,0.0076785195
2025-04-03,22,0.014517550630335116,0.007003022230245967,0.008410455162982677,0.008991472,0.008642673
2025-04-04,22,0.014221569593482196,0.007315915010425792,0.00871248918829541,0.009431082,0.009920646
2025-04-07,22,0.013365757689393092,0.008016666243357026,0.009384119025776695,0.008752196,0.008132244
2025-04-08,22,0.013277530718912217,0.008365390464806891,0.009692482220454992,0.008691892,0.010114659
2025-04-09,22,0.012623167197615177,0.008993414768471162,0.0102356621776196,0.010721576,0.010036344
2025-04-10,22,0.012411912002469274,0.009296892239165706,0.010086509141214412,0.011673586,0.011971805
2025-04-11,22,0.01278538728097352,0.009710099547380863,0.010213422476824725,0.013828395,0.010864773
2025-04-14,22,0.012763847184769892,0.009791838755168963,0.00990666365064386,0.015110735,0.010918432
2025-04-15,22,0.013352903697067427,0.009701904191667854,0.009382395217903398,0.009225782,0.009966391
2025-04-16,22,0.013484419234946803,0.010071519219064344,0.009422200326555571,0.011068319,0.013199937
2025-04-17,22,0.013233007708557603,0.010377236493082339,0.009553879957881505,0.00799006,0.010316219
2025-04-22,22,0.01168997256354542,0.012064033132592404,0.011454294950135991,0.010688962,0.012942602
2025-04-23,22,0.010707290431653489,0.013357457183762609,0.01255397068186392,0.010876938,0.013315974
2025-04-24,22,0.010619910115193941,0.013568602627779149,0.012611001628666843,0.009460946,0.013923535
2025-04-25,22,0.010479990307763143,0.013989931432932543,0.012861332984456977,0.008603336,0.0122756995
2025-04-28,22,0.011334509798977502,0.013812030198974413,0.011850694701840418,0.008874687,0.012722227
2025-04-29,22,0.01135527073413293,0.014046086655312656,0.011776258121493048,0.009425594,0.010163112
2025-04-30,22,0.01115912995417101,0.014428199288500844,0.01138088555001495,0.008815598,0.010629414
2025-05-01,22,0.011037899669925159,0.014774685575733202,0.011542998833430733,0.009957784,0.010262469
2025-05-02,22,0.010801568873559498,0.014945963513610971,0.011498653064541868,0.008249563,0.009924758
2025-05-05,22,0.010994558355726533,0.014832926691495078,0.011628128675469146,0.008437,0.010335228
2025-05-06,22,0.01051117675401055,0.015208723505014494,0.012372381194072161,0.010424021,0.011608082
2025-05-07,22,0.010569845435836852,0.014517550630335116,0.01179218605205245,0.010170068,0.011262823
2025-05-08,22,0.01076996637097819,0.014221569593482196,0.01151765706235481,0.011815765,0.011482004
2025-05-09,22,0.011181664887396475,0.013365757689393092,0.01034940105432001,0.009765839,0.010086983
2025-05-12,22,0.01114335483659134,0.013277530718912217,0.011172925996098485,0.010592351,0.0089522805
2025-05-13,22,0.011290597584895297,0.012623167197615177,0.010255845275302176,0.007143001,0.007592443
2025-05-14,22,0.011290961583380927,0.012411912002469274,0.010153499475895047,0.008229491,0.008002083
2025-05-15,22,0.01055791511948015,0.01278538728097352,0.010902512287740255,0.008640799,0.009106493
2025-05-16,22,0.010543300091586947,0.012763847184769892,0.010872325070256015,0.007337971,0.008525629
2025-05-19,22,0.010376537308975121,0.013352903697067427,0.011324643630143617,0.0073935,0.008611008
2025-05-20,22,0.010105053050928937,0.013484419234946803,0.011525986039253087,0.008191256,0.008382505
2025-05-21,22,0.010325158029265357,0.013233007708557603,0.01120865465498128,0.0069441325,0.009271532
2025-05-22,22,0.010145179119987455,0.01168997256354542,0.010276999734878249,0.0073891925,0.008922763
2025-05-23,22,0.00967273974085116,0.010707290431653489,0.010044940880927484,0.0070582745,0.009342601
2025-05-27,22,0.009698476855900902,0.010619910115193941,0.009842954183303599,0.007329536,0.009373176
2025-05-29,22,0.009212931910608275,0.011334509798977502,0.010596034916433912,0.00798981,0.007599481
2025-05-30,22,0.009048851743905576,0.01135527073413293,0.0104795754842146,0.0068202163,0.007774631
2025-06-02,22,0.008961053470829672,0.01115912995417101,0.010307735915398093,0.007896337,0.0087729925
2025-06-03,22,0.008866160199252373,0.011037899669925159,0.010294034663938509,0.007211527,0.007881888
2025-06-04,22,0.008983569734312087,0.010801568873559498,0.009937451309320952,0.0066520753,0.008149181
2025-06-05,22,0.008778873376902046,0.010994558355726533,0.009919225728986602,0.0067790584,0.0072004558
2025-06-06,22,0.008552975590146577,0.01051117675401055,0.009716976736710915,0.006708971,0.007567879
2025-06-09,22,0.008447253001652413,0.010569845435836852,0.009787720038868977,0.007112931,0.007213979
2025-06-10,22,0.008104538495795021,0.01076996637097819,0.009980438001698238,0.007813592,0.0077132457
2025-06-11,22,0.007812034954704121,0.011181664887396475,0.010188788698639593,0.0077780276,0.00801664
2025-06-12,22,0.007408248973858274,0.01114335483659134,0.010349147646190746,0.008385642,0.008839907
2025-06-13,22,0.00748388949183946,0.011290597584895297,0.010329564927221278,0.008493941,0.010182962
2025-06-16,22,0.007147075979594221,0.011290961583380927,0.0102145158030362,0.008927066,0.008823037
2025-06-17,22,0.007271016998582623,0.01055791511948015,0.009520277652343003,0.0082323,0.0091707315
2025-06-18,22,0.007344488865328941,0.010543300091586947,0.009488861812010195,0.007689365,0.007812336
2025-06-20,22,0.00704071920492328,0.010376537308975121,0.009472624177224548,0.007333969,0.0076011326
2025-06-23,22,0.007055779843959161,0.010105053050928937,0.009172005792626349,0.007247033,0.0076773264
2025-06-24,22,0.006959883243636295,0.010325158029265357,0.009438528839835782,0.006653109,0.0077221626
2025-06-25,22,0.006852629214146576,0.010145179119987455,0.009209841970086759,0.007307934,0.0072237314
2025-06-26,22,0.007103151902028134,0.00967273974085116,0.008636396654159082,0.007510625,0.0071326173
2025-06-27,22,0.007217465061153417,0.009698476855900902,0.008940792396881407,0.008583082,0.006702228
2025-06-30,22,0.007347652589083868,0.009623390542524783,0.008855258690550127,0.008255254,0.006694805
2025-07-01,22,0.007419731097026134,0.009212931910608275,0.008647217901640913,0.008053902,0.0064082043
2025-07-02,22,0.007645564845358167,0.009048851743905576,0.008509379358235526,0.008880626,0.006454115
2025-07-03,22,0.0077313267947022235,0.008961053470829672,0.008710867596175354,0.008483479,0.0062784124
2025-07-07,22,0.007568644572212766,0.008866160199252373,0.008614932259415028,0.0084489975,0.006626545
2025-07-08,22,0.007540826846007899,0.008983569734312087,0.00871720611305557,0.008128035,0.0062361653
2025-07-09,22,0.008095837320567031,0.008778873376902046,0.008504430516568483,0.008076967,0.006166943
2025-07-10,22,0.00863370751136685,0.008552975590146577,0.008337442497010001,0.008255541,0.0062294793
2025-07-11,22,0.008569670005046723,0.008447253001652413,0.00838839196033976,0.008564704,0.0065951734
2025-07-14,22,0.008459923956769531,0.008104538495795021,0.008038025177259465,0.0069370335,0.0062255
2025-07-15,22,0.008610933202409627,0.007812034954704121,0.007571809151638808,0.008108265,0.0061115217
2025-07-16,22,0.008490246633489594,0.007408248973858274,0.00741753820332615,0.0068078954,0.0065216203
2025-07-17,22,0.008153121311637477,0.00748388949183946,0.007807561102087546,0.0073057325,0.0062900265
2025-07-18,22,0.00841271984560707,0.007147075979594221,0.006923268917136208,0.0068441588,0.006120688
2025-07-21,22,0.00814203756940361,0.007271016998582623,0.007406144377646554,0.0068015135,0.0069148145
2025-07-22,22,0.007981521859598157,0.007344488865328941,0.0076661504334450525,0.0071699293,0.0071779853
2025-07-23,22,0.007901582789205847,0.00704071920492328,0.007486337213612864,0.006552586,0.0069373287
2025-07-24,22,0.007675168703529571,0.007055779843959161,0.007389784674749221,0.006539885,0.0068366826
2025-07-25,22,0.0075004547127726084,0.006959883243636295,0.0076445907624411655,0.0061304173,0.0062675118
2025-07-28,22,0.007675402585624282,0.006852629214146576,0.007230181047517477,0.0067382324,0.0061705494
2025-07-30,22,0.007188227238053895,0.007217465061153417,0.007944027125030517,0.006811078,0.0063225357
2025-07-31,22,0.007076946151543442,0.007347652589083868,0.008073579719789739,0.007183457,0.006323778
2025-08-01,22,0.00670919399308681,0.007419731097026134,0.008196392339600529,0.008070937,0.0075912667
2025-08-04,22,0.006824469569888103,0.007645564845358167,0.008557821988501347,0.007454971,0.006821023
2025-08-05,22,0.006444700044640347,0.0077313267947022235,0.008517013322198185,0.007651356,0.006653242
2025-08-06,22,0.006517881606825383,0.007568644572212766,0.008134057882916181,0.0067380723,0.0066429805
2025-08-07,22,0.006517536414300265,0.007540826846007899,0.00812598861531033,0.0071454984,0.006758792
2025-08-08,22,0.00600445977098875,0.008095837320567031,0.008766752988182988,0.0076395734,0.0067353705
2025-08-11,22,0.0054972703002949186,0.00863370751136685,0.009188100041341988,0.008831998,0.0065068416
2025-08-12,22,0.005453163968341523,0.008569670005046723,0.008940694489125683,0.00881255,0.006658866
2025-08-13,22,0.005586774494414692,0.008459923956769531,0.008699717169960038,0.008495737,0.0064620688
2025-08-14,22,0.005459339701162721,0.008610933202409627,0.008821404881560985,0.008617509,0.0062284507
2025-08-15,22,0.005603868941732798,0.008490246633489594,0.008175343836590134,0.008556557,0.0059630694
2025-08-18,22,0.005817430470406632,0.008153121311637477,0.007554617613069994,0.008045139,0.005799808
2025-08-19,22,0.0058554664393638935,0.00841271984560707,0.007674532215046291,0.008366594,0.005744576
2025-08-20,22,0.006116324524681927,0.00814203756940361,0.007275648347248189,0.007747343,0.005809202
2025-08-21,22,0.006170204594113358,0.007981521859598157,0.007291166938952832,0.0054587107,0.005782684
2025-08-22,22,0.006137222461429632,0.007901582789205847,0.00731674173575351,0.0058404678,0.0063880715
2025-08-25,22,0.006283526455820705,0.007675168703529571,0.007090582410203798,0.0056701526,0.006046473
2025-08-26,22,0.006338324110802287,0.0075004547127726084,0.007023310593934819,0.0067091505,0.0064931726
2025-08-27,22,0.006433019624031364,0.007675402585624282,0.007358893778444557,0.0066068987,0.0064435643
2025-08-28,22,0.006796365415914286,0.0075851724178661985,0.007345803984202394,0.008079374,0.006996137
2025-08-29,22,0.006987058399105735,0.007188227238053895,0.007190174479796017,0.0070581264,0.0070993197
2025-09-02,22,0.007173080242727833,0.007076946151543442,0.007407908091804712,0.008501216,0.008583237
2025-09-03,22,0.007298845003180911,0.00670919399308681,0.006994357520426263,0.007829088,0.0077861175
2025-09-04,22,0.007357959858294048,0.006824469569888103,0.007506890701448055,0.006783346,0.00778022
2025-09-05,22,0.007699714964737059,0.006444700044640347,0.006702144313850581,0.007910089,0.008177429
2025-09-08,22,0.007609322064107207,0.006517881606825383,0.007149683780261224,0.0074996133,0.0077899536
2025-09-09,22,0.008031932261996562,0.006517536414300265,0.0071870730735401865,0.007446781,0.007836098
2025-09-10,22,0.008255976445148193,0.00600445977098875,0.007047332605172808,0.006732522,0.007483417
2025-09-11,22,0.008508574130705727,0.0054972703002949186,0.006471404176513436,0.0077998443,0.0069636665
2025-09-12,22,0.008926884943096841,0.005453163968341523,0.006623770393418247,0.007645649,0.007243029
2025-09-15,22,0.009171466114393175,0.005586774494414692,0.0066758768390108225,0.009733924,0.008778952
2025-09-16,22,0.009672043598525191,0.005459339701162721,0.006354473130498658,0.00857445,0.008516349
2025-09-17,22,0.01030927794057405,0.005603868941732798,0.006475594354529517,0.009235553,0.0083985925
2025-09-18,22,0.01091555018928761,0.005817430470406632,0.006781004371970449,0.0070175407,0.007105572
2025-09-19,22,0.010629651496306574,0.0058554664393638935,0.0068015218255169305,0.0067211613,0.0074644648
2025-09-22,22,0.011357634003977721,0.006116324524681927,0.00699352641430904,0.008878155,0.0085581
2025-09-23,22,0.01161659165791772,0.006170204594113358,0.007085865743120466,0.008817305,0.00887776
2025-09-24,22,0.011936529540480112,0.006137222461429632,0.006922040194690621,0.0072628767,0.00843398
2025-09-25,22,0.012649577272921673,0.006283526455820705,0.006967245389539243,0.008168953,0.00855192
2025-09-29,22,0.013159370145578402,0.006433019624031364,0.007071443044057069,0.007622101,0.008491456
2025-09-30,22,0.013482795435163236,0.006796365415914286,0.007645332730444386,0.0068448144,0.008187387
2025-10-01,22,0.013478037923291298,0.006987058399105735,0.007901160356598201,0.0075313966,0.008045481
2025-10-02,22,0.013373996461898538,0.007173080242727833,0.008230680933812327,0.008024325,0.008017712
2025-10-03,22,0.013565389634433975,0.007298845003180911,0.008044039211116065,0.00764473,0.00799077
2025-10-06,22,0.013167523979649416,0.007357959858294048,0.008374879895912329,0.0073299105,0.00848062
2025-10-07,22,0.013105026087223482,0.007699714964737059,0.0083167398261746,0.007651798,0.0086459005
2025-10-08,22,0.012856784243520622,0.007609322064107207,0.008098647474886386,0.009886876,0.010464909
2025-10-09,22,0.012735385715957325,0.008031932261996562,0.008659504263414443,0.008530033,0.009189182
2025-10-10,22,0.012470231746601767,0.008255976445148193,0.008897989159199376,0.011302666,0.010834182
2025-10-13,22,0.01238720851002168,0.008508574130705727,0.008916823677273152,0.011584873,0.010282661
2025-10-14,22,0.012216448045397949,0.008926884943096841,0.00935762662573398,0.010063765,0.011419693
2025-10-15,22,0.01259616280830287,0.009171466114393175,0.009578599691174205,0.010273819,0.011457551
2025-10-16,22,0.012643066655360717,0.009672043598525191,0.009779768704732099,0.01514705,0.014696391
2025-10-17,22,0.01207019748932188,0.01030927794057405,0.01034541000283699,0.009206077,0.011646177
2025-10-20,22,0.011583918359110353,0.01091555018928761,0.01091476018777898,0.009392912,0.01138729
2025-10-21,22,0.01215028824250422,0.010629651496306574,0.009825627463381021,0.010480644,0.010701201
2025-10-22,22,0.011456449062189126,0.011357634003977721,0.011078396828161962,0.009749638,0.011060079
2025-10-23,22,0.011094324874771789,0.01161659165791772,0.011000399479590153,0.009436863,0.011808104
2025-10-24,22,0.01111377867501295,0.011936529540480112,0.01089773488790956,0.009921332,0.010508136
2025-10-27,22,0.010281964987307013,0.012649577272921673,0.011342608725068174,0.008362447,0.0102164615
2025-10-28,22,0.009907765681937594,0.012922831529475712,0.011873852988066145,0.007323646,0.009039111
2025-10-30,22,0.009260526870585355,0.013482795435163236,0.012219864561040154,0.008577751,0.01006388
2025-10-31,22,0.009258958206127274,0.013478037923291298,0.012004262257077375,0.0074936366,0.009318051
2025-11-03,22,0.009214259791017865,0.013373996461898538,0.011632130626702144,0.0074251625,0.008899716
2025-11-04,22,0.009311997161006844,0.013565389634433975,0.01138712844036986,0.007360975,0.008625065
2025-11-05,22,0.009345862941556125,0.013167523979649416,0.010901344813110954,0.0067837867,0.007783767
2025-11-06,22,0.009353863129034688,0.013105026087223482,0.010408470000477928,0.0071525034,0.008201266
2025-11-07,22,0.00975101517961564,0.012856784243520622,0.009279184852523758,0.0081180185,0.007942551
2025-11-10,22,0.009477314315703454,0.012735385715957325,0.010254579156059599,0.007870561,0.008949582
2025-11-11,22,0.009935429319546036,0.012470231746601767,0.009872225179501877,0.008514656,0.008437234
2025-11-12,22,0.010003878857371164,0.01238720851002168,0.01004276223360831,0.009465223,0.009711915
2025-11-13,22,0.010000365659761376,0.012216448045397949,0.010199931515524115,0.008077317,0.008892627
2025-11-14,22,0.009229524345011019,0.01259616280830287,0.011122332856436627,0.00802206,0.0085218
2025-11-17,22,0.008748141810929047,0.012643066655360717,0.011087104272470996,0.0074683554,0.008443847
2025-11-18,22,0.008482536810752865,0.01207019748932188,0.010744276418986122,0.0073376773,0.008486878
2025-11-19,22,0.008113831847344837,0.011583918359110353,0.010690497906020384,0.0076715513,0.008933931
2025-11-20,22,0.008272258081525003,0.01215028824250422,0.011004780053670194,0.007850838,0.008845144
2025-11-21,22,0.008184917294520765,0.011456449062189126,0.01028971096913251,0.0074362215,0.008690047
2025-11-24,22,0.008518225558757028,0.011094324874771789,0.009643084979468268,0.008370441,0.009178594
2025-11-26,22,0.010069888286598373,0.010281964987307013,0.009050435465832151,0.008316545,0.009283233
2025-11-28,22,0.010263271242933683,0.009907765681937594,0.008955902151266487,0.009144262,0.009568323
2025-12-01,22,0.010172884962642965,0.009805081867296344,0.008833222051819477,0.009674906,0.009650609
2025-12-02,22,0.01056634637011743,0.009260526870585355,0.008833253503379242,0.008459541,0.00945993
2025-12-03,22,0.010279815829813896,0.009258958206127274,0.008890424538559538,0.008803399,0.0093524875
2025-12-04,22,0.010193210887172477,0.009214259791017865,0.009006705488207187,0.00856767,0.009157448
2025-12-05,22,0.010054422331849604,0.009311997161006844,0.009112594861412032,0.0068887104,0.008586983
2025-12-08,22,0.010005146780766597,0.009345862941556125,0.008974524819130114,0.007241279,0.0081679635
2025-12-09,22,0.010631889082131892,0.009353863129034688,0.008917296490418617,0.008022009,0.008028933
2025-12-10,22,0.010654325082865953,0.00975101517961564,0.009115781713113192,0.007435253,0.008009706
2025-12-11,22,0.010492598101296413,0.009477314315703454,0.009011591806451778,0.007774624,0.008230637
2025-12-12,22,0.009875376535927937,0.009935429319546036,0.009484871800935095,0.007788364,0.00891275
2025-12-15,22,0.009484999802855571,0.010003878857371164,0.009559724117788774,0.007952344,0.0095468
2025-12-16,22,0.009747520951847846,0.010000365659761376,0.009690602289111245,0.008848886,0.008788975
2025-12-17,22,0.010826349658499273,0.009229524345011019,0.008950302675353222,0.008372816,0.009621369
2025-12-18,22,0.01098082736919242,0.008748141810929047,0.008667778424418217,0.008830887,0.009234655
2025-12-19,22,0.011303139511366645,0.008482536810752865,0.007938881198381867,0.009361496,0.00861012
2025-12-22,22,0.012112040007521656,0.008113831847344837,0.007570195065712615,0.009023678,0.010236753
2025-12-23,22,0.011923362988381161,0.008272258081525003,0.008088145808209829,0.011285579,0.00994749
2025-12-24,22,0.012209031652134576,0.008184917294520765,0.00802475754835131,0.009885376,0.009159732
2025-12-26,22,0.015030786456021227,0.008518225558757028,0.008497282986910487,0.010535048,0.010733745
2025-12-29,22,0.015597535426981151,0.009754466601160213,0.010242567829689323,0.01095244,0.00968501
2025-12-30,22,0.018632444639001548,0.010069888286598373,0.010346926618149475,0.008434282,0.009082105
2025-12-31,22,0.019623672535515897,0.010263271242933683,0.01048364084458762,0.007884237,0.009041776
2026-01-02,22,0.020969056544372186,0.010172884962642965,0.010233174123484874,0.009191247,0.008915261
2026-01-05,22,0.02172202404775414,0.01056634637011743,0.010779492584017097,0.009852271,0.009530957
2026-01-06,22,0.023740874896883268,0.010279815829813896,0.009521508988922792,0.009891416,0.009996948
2026-01-07,22,0.0242665885609677,0.010193210887172477,0.009501410902549008,0.009189051,0.009478148
2026-01-08,22,0.02425669364465234,0.010054422331849604,0.00924403859405451,0.007866377,0.009639172
2026-01-09,22,0.0246821344134358,0.010005146780766597,0.00911390564552234,0.00812988,0.009749792
2026-01-12,22,0.02457314904554083,0.010631889082131892,0.009746407595580464,0.008747971,0.01050439
2026-01-13,22,0.024701593067704992,0.010654325082865953,0.009803483310404147,0.008004216,0.010282278
2026-01-14,22,0.02520863192956605,0.010492598101296413,0.00959949626273188,0.008254935,0.01041853
2026-01-15,22,0.025288928267316716,0.009875376535927937,0.009017070774236097,0.0088434825,0.010202786
2026-01-16,22,0.02548091948976007,0.009484999802855571,0.008645853146419812,0.008479797,0.010038172
2026-01-20,22,0.025318093530207433,0.009747520951847846,0.008998695353320837,0.011013074,0.011654192
2026-01-21,22,0.024621529577787158,0.010826349658499273,0.010196172279303148,0.008899643,0.01222959
2026-01-22,22,0.02482709380583824,0.01098082736919242,0.010111777897118784,0.009463837,0.012301499
2026-01-23,22,0.024449386264521887,0.011303139511366645,0.010468433929844489,0.009300536,0.012283008
2026-01-26,22,0.023832466459494175,0.012112040007521656,0.011502728605168171,0.012526731,0.013839253
2026-01-29,22,0.021890382523700094,0.015030786456021227,0.014575842416819374,0.015087141,0.017776523
2026-01-30,22,0.020278136620008266,0.015597535426981151,0.015526216026017465,0.017360713,0.017010411
2026-02-02,22,0.01752033948605464,0.018632444639001548,0.017954792252228957,0.013739291,0.017062554
2026-02-03,22,0.01662228399286368,0.019623672535515897,0.017819846182780322,0.013027006,0.01749891
2026-02-04,22,0.015485297132223899,0.020969056544372186,0.018117552501912697,0.013373619,0.017883347
2026-02-05,22,0.01443306751540248,0.02172202404775414,0.01798856776258698,0.014482363,0.018487047
2026-02-06,22,0.012798597832336776,0.023740874896883268,0.01883285146795601,0.012442928,0.016448615
2026-02-09,22,0.012259379732177705,0.0242665885609677,0.017840803961466468,0.011603643,0.015353004
2026-02-10,22,0.01256521828695454,0.02425669364465234,0.01707295095201927,0.010815816,0.0134799685
2026-02-11,22,0.012414505364960604,0.0246821344134358,0.01695689870797362,0.011229869,0.0144922
2026-02-12,22,0.01183018476323625,0.02457314904554083,0.016655557262469253,0.009991262,0.013419778
2026-02-13,22,0.012291675443854417,0.024701593067704992,0.015573584117592795,0.009599275,0.0115928035
2026-02-17,22,0.012816082106737384,0.02520863192956605,0.015752771353276372,0.011032526,0.012428696
2026-02-18,22,0.01345500311587682,0.025288928267316716,0.01524981116691958,0.01188298,0.012972155
2026-02-19,22,0.017036620742282224,0.02548091948976007,0.01503795038184881,0.012085723,0.012770643
2026-02-20,22,0.01718523743070417,0.025318093530207433,0.015020815126981071,0.0122962035,0.012973651
2026-02-23,22,0.018120835918221247,0.024621529577787158,0.014870829221297737,0.012487905,0.013275646
2026-02-24,22,0.018657293991211833,0.02482709380583824,0.014753414395458322,0.010412614,0.012916412
2026-02-25,22,0.01945162046742915,0.024449386264521887,0.014013271804883425,0.0112466905,0.013054043
2026-02-26,22,0.020207035362256494,0.023832466459494175,0.014456742315379252,0.012692886,0.011655816
2026-02-27,22,0.02039715364402546,0.023356999780646093,0.014442589616923561,0.012750357,0.011755508
2026-03-02,22,0.019409461777018168,0.02357056872472738,0.0153420920833057,0.011224086,0.014882921
2026-03-03,22,0.019479025396364584,0.021890382523700094,0.015422751795036382,0.014274378,0.014540016
2026-03-04,22,0.019557012171255838,0.020278136620008266,0.01484825328619389,0.01207609,0.0132392775
2026-03-05,22,0.019541969760382093,0.01752033948605464,0.013895292744727297,0.011792255,0.013534057
2026-03-06,22,0.02022304670849571,0.01662228399286368,0.013656675362154118,0.013087143,0.014134041
2026-03-09,22,0.020317417575054706,0.015485297132223899,0.012531898451484905,0.012501526,0.012883639
2026-03-10,22,0.02046556693127959,0.01443306751540248,0.011537886787931129,0.011984777,0.0112441955
2026-03-11,22,0.020691169259516036,0.012798597832336776,0.010710867265180533,0.012256122,0.010197636
2026-03-12,22,0.020851125197646835,0.012259379732177705,0.010236773008410435,0.011843483,0.009838136
2026-03-13,22,0.0203350345102506,0.01256521828695454,0.010538541611562424,0.01150612,0.010630254
2026-03-16,22,0.019947058563355987,0.012414505364960604,0.010501703157731938,0.009240883,0.009648363
2026-03-17,22,0.02022985132119324,0.01183018476323625,0.009991373789293049,0.008864128,0.010549959
2026-03-18,22,0.019892011911443623,0.012291675443854417,0.010942687640914456,0.010418306,0.010583056
2026-03-19,22,0.019695745221527627,0.012816082106737384,0.011800237823978507,0.012796392,0.0102787195
2026-03-20,22,0.019374012866561385,0.01345500311587682,0.012071022991231495,0.012741531,0.013365056
2026-03-23,22,0.015674102744737677,0.017036620742282224,0.0154393542516823,0.01755036,0.017016374
2026-03-24,22,0.015393479763800354,0.01718523743070417,0.015195567393390732,0.013310703,0.015443529
2026-03-25,22,0.013984566734040397,0.018120835918221247,0.01597444623322568,0.013174118,0.01594462
2026-03-26,22,0.012887912443105515,0.018657293991211833,0.016052793795094188,0.015169586,0.01720034
2026-03-30,22,0.012096693257136816,0.020207035362256494,0.01577013409234479,0.0138298925,0.015532632
2026-03-31,22,0.011837816876030145,0.02039715364402546,0.015764578972611853,0.013034059,0.0145043945
2026-04-01,22,0.012032514122119538,0.019409461777018168,0.014408981488525131,0.013084448,0.012540621
2026-04-02,22,0.01098180752968117,0.019479025396364584,0.015088491592626124,0.011241307,0.014181325
2026-04-06,22,0.011508413414069774,0.019557012171255838,0.014684085085556797,0.012184927,0.013536026
2026-04-07,22,0.011381112905931886,0.019541969760382093,0.01426924397999838,0.011930802,0.012391627
2026-04-08,22,0.01018341825573382,0.02022304670849571,0.015108042195372595,0.0106372,0.012256363
2026-04-09,22,0.009832841107592744,0.020317417575054706,0.014874844145244233,0.011268791,0.011496862
2026-04-10,22,0.00971638421527489,0.02046556693127959,0.014454406494362365,0.011976967,0.010760454
2026-04-13,22,0.00967406393673868,0.020691169259516036,0.014497752892261007,0.010631536,0.010819091
2026-04-14,22,0.009585886004863953,0.020851125197646835,0.014401704246346984,0.011517824,0.010990715
2026-04-15,22,0.01020380581268138,0.0203350345102506,0.013082805911741905,0.0104059735,0.0107837645
2026-04-16,22,0.010327713222924573,0.019947058563355987,0.012457606834399672,0.011641806,0.010528816
2026-04-17,22,0.009883283267208573,0.02022985132119324,0.012880680115239325,0.010040971,0.011764588
2026-04-20,22,0.0097213643539924,0.019892011911443623,0.012968311430277765,0.0097985985,0.011191828
2026-04-21,22,0.008929546885867454,0.019695745221527627,0.013649797275640354,0.010117485,0.01144533
2026-04-22,22,0.008620279912821579,0.019374012866561385,0.01364078363380283,0.0104155345,0.011323909
2026-04-23,22,0.008831898337009038,0.015674102744737677,0.012318044803285135,0.010570448,0.01084696
2026-04-24,22,0.008960806520433717,0.015393479763800354,0.012305566692580549,0.010395708,0.011818554
2026-04-27,22,0.009956600789423052,0.013984566734040397,0.011200713207054104,0.01129967,0.010874584
2026-04-28,22,0.010496581454334365,0.012887912443105515,0.009705765014960803,0.012713639,0.009900996
2026-04-29,22,0.010652213992362807,0.012818133594528202,0.01009154328481572,0.012321094,0.009994473
2026-04-30,22,0.010675576458204763,0.012096693257136816,0.009906677915504779,0.009424897,0.009634723
2026-05-01,22,0.010403885625568857,0.011837816876030145,0.009909886493313789,0.010161744,0.009611615
2026-05-04,22,0.01035718154336343,0.012032514122119538,0.010280968799434718,0.011610662,0.009821444
2026-05-05,22,0.010505721139395328,0.01098180752968117,0.010032909432993968,0.0095238425,0.009539559
2026-05-06,22,0.009881991592252858,0.011508413414069774,0.0108582531218286,0.008974578,0.009870224
2026-05-07,22,0.010052308430263847,0.011381112905931886,0.010560999202130059,0.009671363,0.009553339
2026-05-08,22,0.010665596082003107,0.01018341825573382,0.009610331705654436,0.010090914,0.009406798
2026-05-11,22,0.012317655152334463,0.009832841107592744,0.00906732051518896,0.010302803,0.009733287
2026-05-12,22,0.013237824389038437,0.00971638421527489,0.009333970956254134,0.010838781,0.009714421
2026-05-13,22,0.0135705365779024,0.00967406393673868,0.008859941088191414,0.007962961,0.009339216
2026-05-14,22,0.013551744293116421,0.009585886004863953,0.008689355177114003,0.007716472,0.009480951
2026-05-15,22,0.013354252084221052,0.01020380581268138,0.009655625960878855,0.009982596,0.010288007
2026-05-18,22,0.014213034863371362,0.010327713222924573,0.009570840969200354,0.009912026,0.01007365
2026-05-19,22,0.015238946298148207,0.009883283267208573,0.008897734993996478,0.012732525,0.009899693
2026-05-20,22,0.015346952445828944,0.0097213643539924,0.009167963412783588,0.012641171,0.010742966
2026-05-21,22,0.01583797249041815,0.008929546885867454,0.00864471330879853,0.008577158,0.008727014
2026-05-22,22,0.015711045833957802,0.008620279912821579,0.007973801934279141,0.005999585,0.008350397
2026-05-26,22,0.015916692886567874,0.008831898337009038,0.008470772119468676,0.007848362,0.008995808
2026-05-27,22,0.015807854597777025,0.008960806520433717,0.008982046182901313,0.006754861,0.008937872
2026-05-28,22,0.015337012043423219,0.009956600789423052,0.01000099054151227,0.0080270115,0.009212448
2026-05-29,22,0.015781906077300355,0.010496581454334365,0.010307709954528196,0.008672802,0.009674421
2026-06-01,22,0.015630094672282453,0.010652213992362807,0.010632659701891029,0.00904021,0.009861864
2026-06-02,22,0.01603105711814322,0.010675576458204763,0.010535238566651142,0.00834802,0.00931467
2026-06-03,22,0.01630622083885767,0.010403885625568857,0.010140269521665255,0.007815737,0.009321575
2026-06-04,22,0.016344361201645348,0.01035718154336343,0.009823127326914888,0.007634599,0.008912685
2026-06-05,22,0.015920353751165274,0.010505721139395328,0.009886727963896641,0.014924886,0.0113791
2026-06-08,22,0.01567011908153663,0.009881991592252858,0.009472904088121018,0.0077266935,0.009719512
2026-06-09,22,0.015548982718707586,0.010052308430263847,0.009644659741043865,0.010095245,0.0101052
2026-06-10,22,0.015443988773421076,0.010665596082003107,0.0102922684362461,0.0123984,0.012204686
2026-06-11,22,0.014065598590789378,0.012317655152334463,0.011889937726494743,0.012590549,0.011315356
2026-06-12,22,0.012999381229053353,0.013237824389038437,0.012617654409949131,0.009823843,0.011038888
2026-06-15,22,0.012458456988168389,0.0135705365779024,0.012790865414508681,0.010462884,0.011211837
2026-06-16,22,0.01230958222614184,0.013551744293116421,0.012439527880239871,0.010216602,0.011544259
2026-06-17,22,0.0118461811493679,0.013354252084221052,0.01245274670831147,0.012307157,0.012627014
2026-06-18,22,0.011061085578500354,0.014213034863371362,0.012674091260006326,0.013558861,0.0108280815
2026-06-22,22,0.010137191055262661,0.015238946298148207,0.012969332646413282,0.011337488,0.010681717
2026-06-23,22,0.009740817547008935,0.015346952445828944,0.012743063902875279,0.011620426,0.012616962
2026-06-24,22,0.009338932491429487,0.01583797249041815,0.013231550918869798,0.013085023,0.0129873855
2026-06-25,22,0.009807457654931797,0.015711045833957802,0.012406882473236487,0.009845592,0.011143758
2026-06-29,22,0.009765961275391033,0.015807854597777025,0.012060772128392546,0.00962101,0.010610119
2026-06-30,22,0.009560852038355905,0.015337012043423219,0.01207145286621392,0.009178384,0.010487628
